EmployeeID,Age,Attrition,BusinessTravel,Department,DistanceFromHome,Education,EducationField,EnvironmentSatisfaction,Gender,JobInvolvement,JobLevel,JobRole,JobSatisfaction,MaritalStatus,MonthlyIncome,MonthlyRate,NumCompaniesWorked,OverTime,PercentSalaryHike,PerformanceRating,RelationshipSatisfaction,StockOptionLevel,TotalWorkingYears,TrainingTimesLastYear,WorkLifeBalance,YearsAtCompany,YearsInCurrentRole,YearsSinceLastPromotion,YearsWithCurrManager,AgeGroup,SalaryBand,SatisfactionScore,AttritionBinary
1,39,No,Travel_Rarely,Research & Development,5,4,Marketing,2,Male,4,3,Research Director,2,Married,10275,9386,5,No,20,3,2,3,21,0,3,28,19,10,0,36-45,> 10K,2.33,0
2,44,No,Non-Travel,Human Resources,10,5,Medical,4,Female,4,5,Human Resources,1,Single,18033,6893,3,No,21,3,1,0,22,0,2,20,1,6,12,36-45,> 10K,2.33,0
3,59,No,Travel_Rarely,Research & Development,12,4,Other,1,Male,1,4,Research Scientist,4,Married,5134,23480,4,No,15,4,3,0,10,4,1,25,24,13,7,46-60,3K-6K,2.0,0
4,23,No,Travel_Frequently,Research & Development,17,2,Medical,3,Female,2,1,Healthcare Representative,1,Single,12803,6856,9,No,19,3,2,0,15,4,1,13,12,9,8,18-25,> 10K,1.67,0
5,32,No,Non-Travel,Sales,21,5,Technical Degree,2,Male,3,3,Sales Representative,4,Married,16408,5655,4,No,23,4,3,2,15,1,4,8,1,14,1,26-35,> 10K,3.33,0
6,47,No,Travel_Rarely,Sales,6,3,Technical Degree,4,Male,4,1,Sales Executive,3,Single,18420,26868,6,Yes,21,3,3,0,13,4,3,11,2,11,16,46-60,> 10K,3.33,0
7,59,Yes,Travel_Frequently,Sales,3,1,Life Sciences,1,Female,2,5,Sales Representative,4,Married,17351,18260,8,No,21,3,3,1,5,4,3,5,1,3,5,46-60,> 10K,2.67,1
8,54,No,Non-Travel,Research & Development,28,5,Technical Degree,1,Male,3,1,Manager,3,Single,5131,22677,6,No,24,3,2,3,16,0,4,19,1,0,2,46-60,3K-6K,2.67,0
9,54,Yes,Travel_Rarely,Research & Development,15,4,Other,4,Male,2,3,Manufacturing Director,1,Divorced,19532,18463,8,No,13,3,2,3,30,1,1,23,2,7,16,46-60,> 10K,2.0,1
10,59,No,Travel_Rarely,Research & Development,7,5,Other,2,Male,1,2,Manager,3,Married,13057,14424,3,No,12,3,3,3,9,5,2,26,5,9,5,46-60,> 10K,2.33,0
11,54,No,Travel_Rarely,Sales,6,1,Medical,4,Male,3,3,Manager,2,Single,12349,6308,9,No,16,4,1,2,19,4,3,37,2,13,7,46-60,> 10K,3.0,0
12,52,No,Travel_Rarely,Human Resources,4,1,Marketing,4,Female,2,1,Manager,3,Married,12486,20246,9,No,23,4,1,1,8,1,4,7,6,8,13,46-60,> 10K,3.67,0
13,40,No,Travel_Frequently,Research & Development,19,4,Life Sciences,2,Male,4,5,Laboratory Technician,4,Divorced,6457,2618,3,No,17,3,1,0,14,2,2,0,0,9,9,36-45,6K-10K,2.67,0
14,23,No,Travel_Rarely,Sales,5,4,Technical Degree,1,Female,4,4,Sales Representative,4,Married,7079,19343,5,No,15,3,4,1,38,0,4,23,9,14,9,18-25,6K-10K,3.0,0
15,21,No,Travel_Rarely,Sales,3,2,Marketing,3,Male,4,4,Sales Executive,4,Married,13453,13470,7,No,11,3,3,3,1,5,4,6,2,8,14,18-25,> 10K,3.67,0
16,35,No,Travel_Rarely,Sales,26,1,Medical,2,Female,3,5,Sales Executive,3,Single,19814,22119,8,Yes,13,3,4,0,3,0,4,18,5,8,7,26-35,> 10K,3.0,0
17,26,No,Travel_Rarely,Research & Development,25,4,Human Resources,3,Female,1,1,Healthcare Representative,4,Married,19263,17492,0,No,13,3,1,3,23,0,1,21,15,11,10,26-35,> 10K,2.67,0
18,46,No,Non-Travel,Research & Development,9,1,Life Sciences,1,Female,1,5,Research Director,4,Married,13158,10114,0,No,22,3,2,3,17,3,1,34,18,11,15,46-60,> 10K,2.0,0
19,30,Yes,Travel_Rarely,Research & Development,6,2,Other,4,Female,3,1,Healthcare Representative,2,Married,16735,14188,7,No,24,3,1,3,10,1,4,29,2,10,2,26-35,> 10K,3.33,1
20,34,No,Travel_Rarely,Sales,13,3,Marketing,3,Male,3,3,Sales Executive,3,Divorced,16830,12669,6,Yes,14,3,4,1,36,2,3,28,17,10,14,26-35,> 10K,3.0,0
21,49,No,Travel_Rarely,Research & Development,27,1,Medical,1,Male,1,2,Manager,2,Single,16125,13443,8,No,24,3,4,1,25,4,2,21,6,11,12,46-60,> 10K,1.67,0
22,39,No,Travel_Frequently,Sales,22,2,Medical,1,Female,4,1,Sales Representative,4,Single,12905,20552,2,No,20,3,1,3,7,2,3,10,8,3,10,36-45,> 10K,2.67,0
23,21,No,Travel_Rarely,Sales,28,2,Life Sciences,4,Male,1,4,Manager,4,Divorced,13298,21629,9,No,16,3,3,3,21,1,1,19,19,14,13,18-25,> 10K,3.0,0
24,22,No,Travel_Frequently,Research & Development,20,2,Life Sciences,4,Male,1,4,Research Scientist,4,Married,3011,9235,4,No,15,3,2,0,4,0,2,28,11,15,6,18-25,3K-6K,3.33,0
25,54,No,Travel_Rarely,Research & Development,4,5,Technical Degree,1,Male,2,2,Research Director,3,Single,4373,11914,2,No,11,3,2,3,1,3,4,40,4,8,14,46-60,3K-6K,2.67,0
26,58,Yes,Travel_Rarely,Research & Development,2,4,Technical Degree,1,Male,4,1,Research Scientist,1,Married,11335,19545,4,No,25,4,1,3,4,1,3,33,2,10,5,46-60,> 10K,1.67,1
27,30,Yes,Travel_Rarely,Sales,26,1,Other,3,Male,3,2,Sales Representative,4,Divorced,11692,12081,9,No,16,3,3,3,34,5,3,0,0,3,6,26-35,> 10K,3.33,1
28,51,No,Travel_Frequently,Research & Development,4,5,Other,1,Male,1,3,Research Director,4,Single,15527,20424,0,No,24,3,3,3,31,5,4,30,10,1,13,46-60,> 10K,3.0,0
29,39,Yes,Travel_Frequently,Research & Development,8,1,Life Sciences,1,Male,4,2,Healthcare Representative,4,Single,13773,17667,3,Yes,24,3,1,1,18,1,3,29,24,9,3,36-45,> 10K,2.67,1
30,40,No,Travel_Frequently,Sales,13,5,Life Sciences,3,Female,3,3,Sales Executive,4,Single,2289,13593,5,Yes,19,3,2,3,38,4,1,17,3,2,8,36-45,< 3K,2.67,0
31,20,No,Travel_Frequently,Research & Development,10,4,Marketing,2,Male,2,4,Research Scientist,3,Divorced,2447,10160,1,No,21,3,2,2,3,2,4,16,4,1,6,18-25,< 3K,3.0,0
32,59,No,Non-Travel,Research & Development,18,2,Technical Degree,3,Female,2,3,Sales Executive,1,Divorced,15139,24033,6,No,11,3,2,3,22,2,3,37,0,13,14,46-60,> 10K,2.33,0
33,51,No,Travel_Rarely,Sales,9,1,Medical,3,Male,4,1,Sales Executive,1,Married,14757,11291,7,No,18,3,3,1,18,4,4,13,10,0,2,46-60,> 10K,2.67,0
34,49,No,Travel_Rarely,Human Resources,1,2,Technical Degree,4,Female,1,1,Manager,1,Married,6462,14210,0,Yes,18,4,1,2,25,3,2,22,17,10,4,46-60,6K-10K,2.33,0
35,38,No,Travel_Rarely,Human Resources,13,4,Technical Degree,3,Male,3,1,Human Resources,4,Married,8657,25702,3,No,13,3,3,2,25,0,4,24,11,5,16,36-45,6K-10K,3.67,0
36,38,No,Travel_Frequently,Research & Development,18,1,Life Sciences,1,Male,4,1,Healthcare Representative,4,Single,5920,25867,3,No,25,4,2,3,6,6,3,14,12,3,0,36-45,3K-6K,2.67,0
37,28,No,Non-Travel,Research & Development,15,3,Life Sciences,1,Male,2,5,Manufacturing Director,1,Divorced,11345,6132,4,Yes,23,4,3,3,31,6,1,21,8,6,0,26-35,> 10K,1.0,0
38,56,No,Travel_Rarely,Sales,2,3,Technical Degree,1,Male,3,3,Sales Representative,1,Single,9417,2844,3,No,19,3,2,1,32,0,4,2,1,6,15,46-60,6K-10K,2.0,0
39,21,No,Travel_Rarely,Research & Development,11,3,Human Resources,2,Female,3,1,Laboratory Technician,4,Married,18160,24161,8,No,21,3,1,2,25,5,4,18,4,13,13,18-25,> 10K,3.33,0
40,18,No,Travel_Rarely,Research & Development,29,4,Human Resources,1,Female,1,2,Healthcare Representative,4,Married,10457,3643,6,No,23,3,2,2,23,3,3,33,15,9,10,18-25,> 10K,2.67,0
41,45,No,Travel_Rarely,Sales,14,3,Other,2,Male,2,2,Manager,2,Single,1687,3263,1,No,23,3,4,1,22,4,1,34,23,0,13,36-45,< 3K,1.67,0
42,41,No,Non-Travel,Research & Development,22,1,Technical Degree,1,Male,2,5,Manager,2,Married,17913,4934,0,No,21,4,4,3,37,6,1,0,0,11,7,36-45,> 10K,1.33,0
43,52,No,Non-Travel,Sales,15,3,Human Resources,3,Male,2,3,Sales Representative,2,Married,14223,24523,8,Yes,18,3,1,0,25,1,2,20,2,12,1,46-60,> 10K,2.33,0
44,30,No,Travel_Rarely,Human Resources,14,1,Other,4,Male,3,3,Manager,1,Married,9080,9174,0,No,13,3,3,0,30,2,2,28,21,8,9,26-35,6K-10K,2.33,0
45,51,No,Travel_Rarely,Sales,16,4,Other,1,Male,2,3,Sales Representative,3,Single,19537,2215,5,Yes,20,3,3,2,5,1,3,5,3,7,4,46-60,> 10K,2.33,0
46,28,No,Non-Travel,Research & Development,23,2,Technical Degree,2,Female,4,5,Manager,4,Single,10486,6776,1,No,15,4,3,2,30,2,1,36,10,9,14,26-35,> 10K,2.33,0
47,53,No,Travel_Frequently,Research & Development,29,5,Other,2,Male,2,3,Research Scientist,2,Married,7094,20724,3,Yes,13,3,2,3,39,1,1,0,0,0,0,46-60,6K-10K,1.67,0
48,34,Yes,Travel_Rarely,Research & Development,15,3,Life Sciences,4,Female,3,3,Healthcare Representative,3,Divorced,8692,26090,5,No,15,4,4,0,11,4,2,0,0,14,1,26-35,6K-10K,3.0,1
49,52,No,Travel_Rarely,Research & Development,19,5,Life Sciences,1,Female,2,1,Research Director,4,Single,12088,16100,4,No,19,3,1,2,16,4,2,26,22,12,16,46-60,> 10K,2.33,0
50,35,No,Travel_Rarely,Sales,27,2,Life Sciences,3,Female,2,3,Sales Representative,3,Divorced,4103,11699,5,Yes,25,3,3,3,25,3,3,20,13,7,14,26-35,3K-6K,3.0,0
51,57,No,Travel_Rarely,Human Resources,9,4,Medical,1,Male,3,1,Manager,1,Married,3440,20474,2,No,22,3,3,0,2,1,1,15,12,4,17,46-60,3K-6K,1.0,0
52,39,No,Travel_Rarely,Research & Development,5,4,Life Sciences,1,Female,2,1,Laboratory Technician,1,Divorced,8124,3116,4,Yes,14,3,1,1,14,1,4,39,34,0,7,36-45,6K-10K,2.0,0
53,41,Yes,Travel_Rarely,Human Resources,5,2,Life Sciences,4,Female,1,3,Manager,1,Single,18228,9750,1,No,16,3,2,2,37,3,2,25,15,14,13,36-45,> 10K,2.33,1
54,36,No,Travel_Rarely,Research & Development,11,5,Technical Degree,1,Male,3,2,Manufacturing Director,2,Single,15031,15580,6,No,13,3,3,1,23,3,3,15,5,3,7,36-45,> 10K,2.0,0
55,54,Yes,Non-Travel,Research & Development,28,3,Human Resources,3,Male,2,4,Research Director,4,Single,15536,15932,2,Yes,13,3,2,0,29,4,1,27,14,6,7,46-60,> 10K,2.67,1
56,56,No,Travel_Frequently,Human Resources,20,1,Human Resources,2,Female,1,2,Human Resources,1,Married,1446,12932,0,Yes,15,3,2,3,35,4,1,0,0,13,12,46-60,< 3K,1.33,0
57,38,No,Travel_Rarely,Sales,25,4,Life Sciences,4,Female,4,3,Sales Representative,2,Divorced,4915,23718,7,No,18,3,2,3,26,5,2,35,30,11,4,36-45,3K-6K,2.67,0
58,25,No,Travel_Rarely,Sales,24,2,Life Sciences,3,Male,3,3,Sales Executive,2,Single,16787,15246,7,Yes,24,3,3,0,21,1,3,9,9,4,9,18-25,> 10K,2.67,0
59,45,No,Travel_Frequently,Sales,28,5,Life Sciences,2,Male,2,2,Sales Executive,2,Married,18618,20545,2,No,18,3,3,1,1,4,4,16,8,10,6,36-45,> 10K,2.67,0
60,22,No,Travel_Rarely,Research & Development,4,3,Other,4,Male,3,3,Laboratory Technician,2,Single,7587,21640,6,No,13,3,1,3,6,6,2,22,10,2,8,18-25,6K-10K,2.67,0
61,34,No,Travel_Rarely,Research & Development,20,5,Technical Degree,4,Male,1,1,Research Director,1,Married,1226,11340,8,No,18,3,1,2,15,4,3,6,1,11,13,26-35,< 3K,2.67,0
62,54,No,Travel_Rarely,Sales,18,3,Technical Degree,2,Male,3,5,Manager,2,Single,12151,21560,7,No,23,4,2,1,23,1,1,6,0,10,5,46-60,> 10K,1.67,0
63,53,No,Non-Travel,Research & Development,25,1,Technical Degree,2,Male,4,3,Manufacturing Director,1,Single,6558,8380,2,No,21,3,3,1,29,3,4,14,2,3,9,46-60,6K-10K,2.33,0
64,36,No,Travel_Frequently,Research & Development,3,1,Human Resources,3,Female,2,3,Manufacturing Director,1,Married,12971,16988,1,No,23,3,2,2,0,1,3,33,1,1,0,36-45,> 10K,2.33,0
65,44,No,Travel_Rarely,Sales,4,2,Medical,1,Female,4,2,Manager,2,Married,1186,17833,9,Yes,18,4,1,0,26,6,4,3,3,7,10,36-45,< 3K,2.33,0
66,51,Yes,Travel_Rarely,Research & Development,14,2,Human Resources,1,Female,1,1,Healthcare Representative,1,Single,15680,21729,6,Yes,13,4,2,3,8,0,3,13,6,11,7,46-60,> 10K,1.67,1
67,28,No,Travel_Frequently,Sales,7,3,Technical Degree,1,Male,3,2,Manager,4,Single,15559,25380,6,Yes,20,3,4,1,6,1,3,13,1,1,5,26-35,> 10K,2.67,0
68,29,No,Travel_Rarely,Research & Development,26,3,Marketing,1,Female,2,2,Manager,4,Single,12069,11332,8,Yes,25,3,2,3,4,0,3,15,5,13,16,26-35,> 10K,2.67,0
69,38,Yes,Travel_Rarely,Sales,8,3,Medical,1,Male,2,3,Sales Representative,3,Divorced,3535,21317,4,Yes,23,3,3,3,29,1,3,6,6,12,3,36-45,3K-6K,2.33,1
70,28,No,Travel_Rarely,Human Resources,24,3,Life Sciences,3,Male,1,1,Manager,4,Married,2932,26125,3,No,25,3,2,1,26,6,4,31,18,10,5,26-35,< 3K,3.67,0
71,56,No,Travel_Rarely,Research & Development,16,1,Other,4,Female,1,3,Manufacturing Director,1,Married,3032,7655,7,No,20,3,2,0,9,0,2,18,7,5,14,46-60,3K-6K,2.33,0
72,45,No,Non-Travel,Sales,20,2,Human Resources,3,Male,3,3,Manager,1,Married,2252,4448,3,No,12,3,3,1,24,0,4,1,1,13,9,36-45,< 3K,2.67,0
73,22,Yes,Non-Travel,Sales,15,2,Other,3,Male,2,3,Manager,4,Single,6509,16185,3,Yes,20,3,4,0,17,6,3,9,2,6,16,18-25,6K-10K,3.33,1
74,34,No,Travel_Rarely,Research & Development,7,4,Medical,3,Male,1,3,Research Director,2,Married,6074,19211,1,No,12,4,3,2,6,1,4,16,13,6,9,26-35,6K-10K,3.0,0
75,37,No,Travel_Rarely,Research & Development,26,2,Marketing,4,Male,2,5,Research Director,2,Single,14900,24280,0,No,19,3,1,0,30,5,4,36,24,12,4,36-45,> 10K,3.33,0
76,58,No,Travel_Rarely,Research & Development,17,2,Medical,3,Male,3,4,Healthcare Representative,1,Married,15523,3203,3,No,17,3,4,0,31,4,4,11,0,0,6,46-60,> 10K,2.67,0
77,29,No,Travel_Rarely,Research & Development,22,5,Human Resources,3,Female,4,1,Research Director,2,Married,2881,8619,6,No,16,4,4,1,10,2,3,5,4,7,9,26-35,< 3K,2.67,0
78,23,No,Travel_Rarely,Sales,22,5,Technical Degree,4,Female,1,5,Manager,3,Married,1269,8798,8,No,17,3,3,3,9,4,4,21,2,8,10,18-25,< 3K,3.67,0
79,34,No,Travel_Rarely,Research & Development,22,4,Life Sciences,3,Female,3,4,Research Scientist,3,Single,2630,19228,8,No,18,3,2,3,21,0,1,31,21,13,2,26-35,< 3K,2.33,0
80,36,No,Travel_Frequently,Sales,12,3,Technical Degree,1,Female,4,4,Manager,4,Single,18958,4971,9,No,22,3,1,0,30,1,3,40,25,13,10,36-45,> 10K,2.67,0
81,43,No,Travel_Rarely,Research & Development,18,4,Technical Degree,2,Female,3,4,Healthcare Representative,4,Divorced,14383,3268,0,Yes,11,3,1,0,40,1,4,19,17,6,5,36-45,> 10K,3.33,0
82,49,Yes,Travel_Rarely,Research & Development,24,4,Human Resources,3,Male,1,5,Manufacturing Director,2,Married,17152,17952,4,No,18,3,4,1,13,1,1,0,0,12,5,46-60,> 10K,2.0,1
83,23,No,Travel_Rarely,Research & Development,14,1,Technical Degree,2,Female,3,1,Research Director,1,Single,12084,6744,6,No,13,3,1,0,2,1,4,5,0,7,14,18-25,> 10K,2.33,0
84,53,No,Travel_Rarely,Sales,15,2,Technical Degree,3,Male,2,2,Sales Executive,4,Single,2695,9735,6,Yes,13,3,4,1,23,5,2,18,5,3,2,46-60,< 3K,3.0,0
85,55,No,Travel_Frequently,Research & Development,15,1,Human Resources,3,Female,1,4,Manager,3,Divorced,15821,16548,9,No,16,4,4,2,13,2,4,17,0,11,10,46-60,> 10K,3.33,0
86,28,No,Travel_Rarely,Research & Development,5,2,Human Resources,1,Male,2,2,Healthcare Representative,4,Married,4262,11821,5,No,14,3,1,0,15,3,4,5,4,7,7,26-35,3K-6K,3.0,0
87,50,Yes,Travel_Rarely,Research & Development,16,4,Marketing,4,Female,3,2,Laboratory Technician,4,Divorced,2445,5530,9,No,14,3,4,2,27,0,2,32,26,2,7,46-60,< 3K,3.33,1
88,41,No,Travel_Frequently,Research & Development,5,2,Technical Degree,2,Female,1,3,Manager,3,Single,17436,7085,3,Yes,14,3,2,0,34,2,3,22,9,12,15,36-45,> 10K,2.67,0
89,40,Yes,Travel_Rarely,Research & Development,2,3,Medical,4,Female,2,2,Research Director,1,Married,10949,10995,2,No,20,3,4,0,39,4,2,22,5,0,2,36-45,> 10K,2.33,1
90,32,Yes,Travel_Rarely,Research & Development,20,3,Life Sciences,1,Female,2,3,Manufacturing Director,4,Single,19050,26703,8,No,19,3,2,2,1,3,3,25,22,12,7,26-35,> 10K,2.67,1
91,44,No,Non-Travel,Sales,28,4,Other,1,Male,2,1,Sales Executive,4,Married,7901,4264,9,No,18,3,2,2,33,3,2,12,11,12,7,36-45,6K-10K,2.33,0
92,28,Yes,Travel_Frequently,Research & Development,25,5,Life Sciences,2,Male,4,1,Manufacturing Director,4,Single,1719,2019,3,Yes,13,3,2,1,17,1,4,6,3,15,12,26-35,< 3K,3.33,1
93,34,No,Travel_Rarely,Research & Development,9,3,Human Resources,4,Male,2,3,Manager,2,Single,9597,20165,7,No,11,3,1,1,6,2,4,14,11,7,0,26-35,6K-10K,3.33,0
94,31,No,Travel_Rarely,Research & Development,22,4,Other,1,Male,2,1,Healthcare Representative,4,Single,7855,14962,0,No,11,3,2,2,37,4,3,26,12,14,9,26-35,6K-10K,2.67,0
95,44,No,Travel_Rarely,Research & Development,27,1,Human Resources,3,Male,3,4,Research Director,3,Married,19678,25241,6,No,11,3,1,0,6,1,3,25,16,10,4,36-45,> 10K,3.0,0
96,35,Yes,Travel_Rarely,Research & Development,9,5,Marketing,3,Male,3,1,Manufacturing Director,1,Married,9263,23218,5,Yes,14,3,3,1,3,1,1,32,2,11,4,26-35,6K-10K,1.67,1
97,45,Yes,Travel_Rarely,Research & Development,4,3,Technical Degree,3,Male,3,3,Healthcare Representative,1,Married,15520,9296,0,No,24,3,2,0,15,6,1,14,11,5,16,36-45,> 10K,1.67,1
98,21,No,Travel_Rarely,Research & Development,15,4,Human Resources,4,Female,3,4,Laboratory Technician,3,Divorced,12874,18333,3,No,16,3,4,3,5,6,4,35,11,8,13,18-25,> 10K,3.67,0
99,24,No,Travel_Rarely,Sales,11,4,Human Resources,3,Female,4,2,Sales Representative,2,Married,15079,10748,4,Yes,14,3,3,1,19,6,4,26,1,2,5,18-25,> 10K,3.0,0
100,52,Yes,Travel_Rarely,Sales,1,1,Life Sciences,3,Male,3,2,Sales Representative,3,Married,18082,20628,7,No,21,3,3,1,30,5,1,4,4,7,13,46-60,> 10K,2.33,1
101,26,Yes,Non-Travel,Sales,18,1,Technical Degree,1,Male,3,2,Sales Representative,1,Divorced,8243,21367,3,No,21,3,2,1,18,0,1,1,0,8,11,26-35,6K-10K,1.0,1
102,25,No,Non-Travel,Research & Development,29,5,Marketing,1,Male,3,3,Research Scientist,3,Married,10018,13755,2,No,13,3,1,3,21,3,3,32,20,8,0,18-25,> 10K,2.33,0
103,34,No,Travel_Rarely,Research & Development,1,3,Human Resources,3,Male,2,2,Research Director,2,Single,17732,4725,1,No,18,3,3,2,20,4,2,15,10,11,4,26-35,> 10K,2.33,0
104,34,No,Travel_Rarely,Research & Development,8,4,Human Resources,3,Male,4,1,Manufacturing Director,1,Divorced,13100,22983,3,Yes,24,4,2,0,17,3,3,22,4,13,17,26-35,> 10K,2.33,0
105,50,No,Travel_Rarely,Human Resources,25,5,Human Resources,1,Male,3,2,Manager,2,Single,17691,23750,9,No,18,3,3,3,31,2,1,37,34,13,13,46-60,> 10K,1.33,0
106,49,No,Travel_Rarely,Sales,16,5,Life Sciences,2,Male,2,5,Sales Executive,3,Married,5820,15025,3,No,16,3,3,2,33,0,4,15,10,6,6,46-60,3K-6K,3.0,0
107,25,No,Travel_Rarely,Research & Development,26,1,Human Resources,4,Male,1,5,Manager,4,Single,12001,6887,9,No,19,3,2,1,26,1,1,13,0,11,14,18-25,> 10K,3.0,0
108,36,No,Travel_Rarely,Research & Development,28,4,Human Resources,4,Male,4,2,Healthcare Representative,3,Married,14907,15658,4,No,22,3,4,2,37,0,4,28,1,10,8,36-45,> 10K,3.67,0
109,55,No,Non-Travel,Sales,22,2,Life Sciences,1,Male,3,2,Manager,2,Married,12669,18580,6,No,20,3,4,2,29,1,4,25,23,9,14,46-60,> 10K,2.33,0
110,20,No,Travel_Rarely,Sales,18,1,Human Resources,4,Female,2,5,Manager,3,Single,16916,7226,8,No,11,3,4,2,32,6,4,34,30,2,15,18-25,> 10K,3.67,0
111,22,Yes,Travel_Rarely,Sales,22,4,Technical Degree,1,Female,1,2,Sales Representative,4,Married,11878,4828,1,No,23,4,3,0,26,0,4,14,0,2,8,18-25,> 10K,3.0,1
112,30,No,Travel_Rarely,Sales,9,5,Technical Degree,1,Male,1,4,Manager,2,Married,3985,15031,4,No,18,3,1,2,22,1,2,2,2,1,6,26-35,3K-6K,1.67,0
113,48,No,Travel_Rarely,Human Resources,12,5,Life Sciences,1,Male,2,5,Human Resources,3,Single,9112,5988,9,No,16,3,1,2,18,3,1,22,13,0,6,46-60,6K-10K,1.67,0
114,33,No,Travel_Frequently,Research & Development,19,3,Technical Degree,1,Male,2,3,Research Scientist,2,Married,9467,24116,8,No,11,3,3,2,30,6,3,28,4,12,16,26-35,6K-10K,2.0,0
115,49,No,Travel_Rarely,Research & Development,25,2,Other,2,Male,4,5,Laboratory Technician,2,Single,19931,23663,2,Yes,14,3,3,2,3,6,4,33,27,1,10,46-60,> 10K,2.67,0
116,39,Yes,Travel_Frequently,Research & Development,18,1,Other,3,Male,2,1,Research Director,1,Divorced,1336,20853,0,Yes,15,3,2,3,18,6,4,32,30,4,5,36-45,< 3K,2.67,1
117,46,No,Travel_Rarely,Research & Development,27,3,Other,3,Male,3,4,Laboratory Technician,1,Married,11165,20014,1,Yes,17,3,1,3,37,3,3,40,10,15,13,46-60,> 10K,2.33,0
118,39,No,Travel_Rarely,Sales,5,3,Marketing,2,Male,1,3,Sales Representative,2,Divorced,13768,16239,5,No,18,3,3,2,39,3,3,40,22,0,14,36-45,> 10K,2.33,0
119,60,No,Travel_Rarely,Research & Development,27,2,Human Resources,4,Male,3,2,Manager,3,Single,4968,5278,4,Yes,19,3,4,2,21,3,4,22,1,9,7,46-60,3K-6K,3.67,0
120,20,Yes,Travel_Rarely,Research & Development,2,1,Marketing,4,Female,3,1,Research Scientist,3,Single,1910,20422,0,Yes,22,3,1,2,8,6,3,6,0,3,3,18-25,< 3K,3.33,1
121,27,No,Travel_Rarely,Research & Development,7,1,Technical Degree,3,Male,3,1,Manufacturing Director,3,Single,19380,23816,0,No,22,3,3,1,30,0,3,2,2,10,0,26-35,> 10K,3.0,0
122,59,No,Travel_Rarely,Research & Development,27,5,Life Sciences,4,Male,1,4,Research Director,4,Single,16632,23405,3,Yes,16,3,2,2,9,1,2,31,2,9,5,46-60,> 10K,3.33,0
123,38,No,Travel_Frequently,Research & Development,10,1,Other,3,Male,1,3,Laboratory Technician,2,Married,17279,22714,3,No,20,3,2,2,9,3,3,30,1,9,0,36-45,> 10K,2.67,0
124,33,No,Travel_Rarely,Sales,15,3,Life Sciences,3,Male,1,1,Manager,2,Divorced,4129,8470,5,No,19,3,1,3,29,0,1,17,6,0,4,26-35,3K-6K,2.0,0
125,29,No,Travel_Rarely,Sales,25,5,Marketing,2,Female,2,3,Manager,4,Married,6447,25461,5,Yes,14,3,4,3,9,1,1,6,4,11,4,26-35,6K-10K,2.33,0
126,19,No,Non-Travel,Research & Development,7,1,Technical Degree,4,Female,3,3,Research Director,2,Divorced,7129,14766,9,No,18,3,1,3,35,6,1,40,20,9,4,18-25,6K-10K,2.33,0
127,58,No,Travel_Frequently,Research & Development,28,2,Human Resources,2,Male,4,1,Manager,2,Single,6850,6761,5,Yes,13,3,3,0,17,0,4,0,0,7,16,46-60,6K-10K,2.67,0
128,41,No,Travel_Rarely,Research & Development,5,3,Technical Degree,3,Female,2,3,Manager,4,Divorced,8446,23603,0,No,14,3,4,1,18,6,1,13,9,11,11,36-45,6K-10K,2.67,0
129,52,No,Travel_Frequently,Sales,15,4,Other,3,Female,2,4,Sales Executive,1,Single,12949,25385,9,No,20,4,3,2,22,5,2,31,4,4,6,46-60,> 10K,2.0,0
130,47,Yes,Travel_Rarely,Research & Development,20,2,Technical Degree,3,Male,4,1,Manager,2,Divorced,9519,3387,8,Yes,14,3,4,3,3,3,1,5,3,9,14,46-60,6K-10K,2.0,1
131,47,No,Travel_Rarely,Research & Development,28,2,Life Sciences,1,Male,3,4,Manufacturing Director,4,Single,1314,19025,6,Yes,16,3,4,0,11,2,4,38,20,15,12,46-60,< 3K,3.0,0
132,52,No,Travel_Rarely,Sales,20,1,Medical,1,Female,4,4,Sales Executive,3,Divorced,12737,17146,6,No,25,4,3,2,23,0,2,9,3,3,11,46-60,> 10K,2.0,0
133,36,Yes,Travel_Rarely,Sales,15,5,Other,1,Male,1,3,Sales Representative,1,Single,2134,23996,6,Yes,19,3,1,2,12,3,1,6,6,2,12,36-45,< 3K,1.0,1
134,25,No,Travel_Rarely,Research & Development,10,5,Human Resources,2,Male,3,3,Research Scientist,3,Single,11938,9210,1,Yes,16,3,2,3,3,4,2,25,5,8,5,18-25,> 10K,2.33,0
135,43,No,Travel_Rarely,Human Resources,24,3,Other,3,Male,2,1,Human Resources,2,Married,16588,2574,1,No,11,3,4,2,26,1,2,33,19,5,0,36-45,> 10K,2.33,0
136,57,No,Travel_Rarely,Research & Development,26,1,Other,4,Female,1,2,Laboratory Technician,1,Married,9347,11913,5,No,15,3,4,2,37,5,4,29,17,11,5,46-60,6K-10K,3.0,0
137,24,No,Travel_Rarely,Research & Development,29,5,Human Resources,2,Female,1,1,Laboratory Technician,4,Married,6592,11210,6,No,19,3,2,2,38,3,4,35,24,0,12,18-25,6K-10K,3.33,0
138,39,No,Non-Travel,Research & Development,26,4,Other,2,Female,2,4,Research Scientist,2,Divorced,19108,9796,2,No,15,3,1,3,7,4,2,20,1,13,12,36-45,> 10K,2.0,0
139,24,No,Travel_Rarely,Research & Development,14,1,Life Sciences,2,Female,4,3,Research Director,4,Married,18270,13612,3,No,16,3,2,0,25,0,1,16,5,7,12,18-25,> 10K,2.33,0
140,20,No,Non-Travel,Research & Development,26,1,Technical Degree,4,Female,1,4,Manager,1,Married,11997,26975,2,Yes,13,4,1,2,33,0,4,32,2,9,3,18-25,> 10K,3.0,0
141,18,No,Non-Travel,Human Resources,26,5,Life Sciences,3,Female,1,5,Manager,3,Single,1721,23074,6,No,18,3,4,0,8,4,2,9,0,1,4,18-25,< 3K,2.67,0
142,53,No,Travel_Rarely,Sales,10,2,Technical Degree,1,Female,3,5,Sales Executive,2,Married,10104,3456,6,No,20,3,4,2,9,5,3,11,0,12,12,46-60,> 10K,2.0,0
143,42,Yes,Non-Travel,Research & Development,17,1,Medical,3,Female,3,4,Laboratory Technician,2,Married,1870,3595,3,No,21,3,3,3,0,4,3,15,2,8,8,36-45,< 3K,2.67,1
144,54,Yes,Travel_Rarely,Research & Development,21,2,Other,3,Male,2,2,Healthcare Representative,4,Divorced,7751,26692,6,No,23,3,1,0,7,1,4,40,4,10,16,46-60,6K-10K,3.67,1
145,18,No,Travel_Rarely,Sales,14,3,Medical,2,Female,2,2,Sales Executive,1,Married,17881,9986,4,Yes,14,4,2,3,9,0,1,31,12,6,2,18-25,> 10K,1.33,0
146,32,No,Travel_Rarely,Sales,2,3,Marketing,2,Female,2,1,Sales Representative,4,Married,2756,26958,0,Yes,14,3,1,1,24,4,3,14,2,2,17,26-35,< 3K,3.0,0
147,54,No,Non-Travel,Research & Development,16,5,Technical Degree,2,Female,4,1,Healthcare Representative,1,Single,2117,15146,9,No,21,3,1,2,30,2,3,26,11,3,14,46-60,< 3K,2.0,0
148,30,No,Travel_Rarely,Research & Development,13,3,Life Sciences,1,Female,1,1,Manufacturing Director,2,Single,12601,20513,3,No,22,4,1,1,38,2,3,27,15,2,0,26-35,> 10K,2.0,0
149,57,No,Travel_Rarely,Sales,27,5,Life Sciences,1,Female,2,3,Manager,1,Married,3828,12042,6,No,15,3,1,1,2,4,1,16,2,5,8,46-60,3K-6K,1.0,0
150,25,No,Travel_Rarely,Sales,9,5,Other,1,Female,3,2,Sales Representative,2,Single,15996,2831,1,Yes,24,3,2,1,38,1,1,1,1,8,5,18-25,> 10K,1.33,0
151,22,No,Travel_Frequently,Human Resources,7,2,Life Sciences,3,Male,1,4,Human Resources,1,Single,19031,23352,1,No,20,3,3,2,37,0,4,35,29,9,17,18-25,> 10K,2.67,0
152,26,No,Non-Travel,Sales,16,2,Marketing,2,Male,2,5,Sales Representative,3,Single,14878,12973,0,No,25,3,4,3,34,2,4,6,4,8,0,26-35,> 10K,3.0,0
153,18,No,Travel_Rarely,Sales,10,3,Human Resources,4,Male,1,2,Manager,1,Divorced,7992,21865,1,No,19,3,2,1,7,4,3,12,1,0,6,18-25,6K-10K,2.67,0
154,53,No,Travel_Rarely,Research & Development,24,2,Life Sciences,3,Male,1,2,Manufacturing Director,3,Single,14778,20501,9,No,23,3,2,0,0,6,1,14,5,9,9,46-60,> 10K,2.33,0
155,52,No,Travel_Rarely,Human Resources,22,1,Other,1,Male,1,2,Manager,1,Divorced,7771,22866,7,No,18,3,4,2,4,4,2,24,6,5,5,46-60,6K-10K,1.33,0
156,19,No,Travel_Rarely,Sales,9,4,Medical,4,Male,2,1,Sales Executive,1,Single,17526,20390,7,Yes,17,3,3,3,26,3,3,22,12,15,6,18-25,> 10K,2.67,0
157,57,No,Travel_Rarely,Research & Development,22,1,Life Sciences,4,Male,1,3,Laboratory Technician,4,Single,4435,12763,7,No,15,4,2,3,25,4,4,21,14,0,5,46-60,3K-6K,4.0,0
158,40,No,Travel_Rarely,Research & Development,23,1,Life Sciences,2,Female,1,4,Research Director,4,Married,7622,10488,0,No,19,3,4,1,25,1,1,25,21,10,7,36-45,6K-10K,2.33,0
159,26,No,Travel_Rarely,Sales,7,5,Life Sciences,4,Male,1,1,Manager,2,Married,13852,8760,0,Yes,19,3,3,2,10,2,4,32,2,3,1,26-35,> 10K,3.33,0
160,51,No,Travel_Rarely,Research & Development,16,4,Other,1,Female,3,3,Research Scientist,4,Married,15806,10910,9,Yes,20,3,3,1,33,3,4,10,4,6,8,46-60,> 10K,3.0,0
161,31,Yes,Travel_Rarely,Research & Development,9,5,Human Resources,2,Female,2,2,Healthcare Representative,1,Married,11623,7694,3,No,20,3,1,0,40,2,1,9,3,3,8,26-35,> 10K,1.33,1
162,21,No,Travel_Rarely,Research & Development,27,2,Life Sciences,4,Male,4,3,Manufacturing Director,4,Single,2848,24446,5,No,12,3,2,3,1,2,3,24,4,8,6,18-25,< 3K,3.67,0
163,47,No,Travel_Rarely,Research & Development,24,2,Human Resources,2,Male,3,1,Laboratory Technician,1,Married,3696,21463,7,No,14,4,3,3,20,1,1,36,23,13,8,46-60,3K-6K,1.33,0
164,48,Yes,Travel_Rarely,Research & Development,29,4,Human Resources,4,Female,1,2,Research Scientist,3,Married,2717,23662,1,Yes,18,3,2,2,25,4,3,37,32,9,16,46-60,< 3K,3.33,1
165,55,No,Travel_Rarely,Sales,17,3,Marketing,3,Female,1,1,Manager,1,Married,10259,2010,2,No,23,4,4,3,11,1,4,40,7,4,2,46-60,> 10K,2.67,0
166,28,No,Travel_Rarely,Research & Development,20,2,Medical,3,Male,4,4,Research Director,2,Divorced,3786,6880,5,No,24,3,2,2,8,4,1,23,23,13,15,26-35,3K-6K,2.0,0
167,52,No,Travel_Rarely,Research & Development,7,1,Life Sciences,1,Male,4,2,Research Scientist,3,Married,15154,18794,9,No,11,3,3,1,40,3,2,39,19,8,15,46-60,> 10K,2.0,0
168,25,No,Travel_Rarely,Sales,11,4,Life Sciences,3,Male,3,3,Sales Representative,2,Married,14409,12846,3,No,23,3,4,0,22,1,3,32,15,0,1,18-25,> 10K,2.67,0
169,20,No,Non-Travel,Sales,8,4,Life Sciences,3,Male,1,1,Sales Executive,2,Divorced,4791,16490,1,No,25,3,4,2,4,1,2,16,11,12,10,18-25,3K-6K,2.33,0
170,31,No,Travel_Rarely,Research & Development,7,2,Human Resources,3,Male,4,5,Healthcare Representative,2,Divorced,4871,15517,6,No,15,3,1,1,8,6,3,23,12,11,15,26-35,3K-6K,2.67,0
171,30,No,Travel_Rarely,Research & Development,28,2,Technical Degree,4,Male,3,3,Manufacturing Director,4,Married,2806,18982,3,No,18,3,4,0,9,5,1,36,24,13,14,26-35,< 3K,3.0,0
172,49,Yes,Travel_Rarely,Sales,19,5,Medical,4,Female,4,3,Manager,2,Single,18888,19207,7,No,12,3,3,3,9,0,2,1,1,3,0,46-60,> 10K,2.67,1
173,51,No,Travel_Rarely,Research & Development,20,5,Other,2,Female,1,2,Healthcare Representative,3,Divorced,10457,26260,7,No,12,3,1,0,13,1,1,31,31,6,16,46-60,> 10K,2.0,0
174,36,No,Travel_Rarely,Sales,12,1,Life Sciences,4,Female,1,3,Sales Representative,1,Single,19074,12589,6,No,23,3,3,0,35,5,3,23,23,12,2,36-45,> 10K,2.67,0
175,55,No,Travel_Rarely,Research & Development,7,4,Technical Degree,3,Female,1,1,Research Scientist,2,Single,16549,7217,9,No,18,3,3,0,9,0,3,8,8,1,6,46-60,> 10K,2.67,0
176,33,No,Travel_Rarely,Sales,8,3,Technical Degree,4,Female,1,5,Sales Representative,3,Married,4303,9086,8,No,20,3,1,3,36,6,3,3,3,14,10,26-35,3K-6K,3.33,0
177,19,No,Travel_Rarely,Research & Development,7,3,Technical Degree,1,Female,2,4,Research Director,2,Married,17061,14306,3,No,22,3,1,2,40,4,3,16,12,8,17,18-25,> 10K,2.0,0
178,57,No,Travel_Rarely,Research & Development,6,4,Medical,2,Male,2,5,Research Director,1,Divorced,16198,2312,6,No,19,3,2,2,37,4,4,16,14,2,13,46-60,> 10K,2.33,0
179,34,No,Non-Travel,Human Resources,25,1,Technical Degree,2,Male,2,1,Human Resources,3,Married,18888,13166,9,No,17,3,3,0,21,4,3,29,3,3,15,26-35,> 10K,2.67,0
180,51,No,Travel_Frequently,Sales,9,5,Other,4,Female,3,2,Sales Representative,3,Divorced,11655,8671,9,No,18,3,2,1,22,5,2,39,4,11,5,46-60,> 10K,3.0,0
181,59,No,Travel_Rarely,Research & Development,27,5,Life Sciences,3,Female,3,1,Research Scientist,1,Single,9924,25084,0,No,15,3,4,1,15,5,3,10,5,13,1,46-60,6K-10K,2.33,0
182,33,No,Travel_Rarely,Sales,13,5,Other,2,Male,4,3,Sales Representative,3,Single,10940,13930,3,No,11,3,4,0,10,0,1,20,15,14,10,26-35,> 10K,2.0,0
183,55,No,Travel_Rarely,Human Resources,7,3,Life Sciences,1,Male,4,2,Manager,1,Married,4924,4492,1,Yes,14,3,2,0,34,4,4,20,8,14,10,46-60,3K-6K,2.0,0
184,19,No,Non-Travel,Research & Development,8,3,Marketing,1,Female,3,4,Healthcare Representative,3,Divorced,10783,12137,8,No,25,3,1,1,19,2,2,17,9,3,9,18-25,> 10K,2.0,0
185,19,No,Travel_Rarely,Sales,22,1,Human Resources,2,Male,4,4,Manager,3,Married,5485,18614,4,Yes,12,3,4,0,36,1,4,28,23,7,3,18-25,3K-6K,3.0,0
186,43,No,Travel_Rarely,Research & Development,17,3,Technical Degree,3,Male,3,1,Research Director,1,Single,13629,22124,2,Yes,13,3,1,0,40,5,4,23,17,1,16,36-45,> 10K,2.67,0
187,30,No,Travel_Rarely,Research & Development,17,2,Other,3,Female,2,3,Laboratory Technician,1,Single,14233,12864,3,No,22,4,2,2,4,5,4,9,0,4,9,26-35,> 10K,2.67,0
188,48,No,Non-Travel,Research & Development,16,3,Human Resources,4,Male,3,4,Healthcare Representative,3,Single,13901,17346,5,Yes,13,3,1,2,35,5,1,16,6,1,8,46-60,> 10K,2.67,0
189,51,No,Travel_Rarely,Research & Development,22,5,Human Resources,4,Female,3,5,Laboratory Technician,3,Married,1191,17224,9,No,19,3,3,0,12,0,4,17,3,11,12,46-60,< 3K,3.67,0
190,56,No,Non-Travel,Sales,2,1,Human Resources,2,Female,4,2,Sales Representative,1,Single,5917,16694,0,Yes,23,3,4,0,16,4,4,19,4,5,10,46-60,3K-6K,2.33,0
191,20,No,Travel_Rarely,Sales,8,4,Human Resources,4,Male,4,5,Sales Executive,4,Divorced,6831,13646,6,Yes,25,3,1,3,25,2,3,36,15,8,9,18-25,6K-10K,3.67,0
192,25,No,Travel_Rarely,Research & Development,17,4,Human Resources,4,Male,3,4,Research Scientist,1,Married,11160,13775,7,No,20,3,1,2,19,1,1,17,2,11,4,18-25,> 10K,2.0,0
193,40,No,Non-Travel,Human Resources,13,1,Life Sciences,4,Male,1,4,Human Resources,3,Married,14682,2043,6,No,25,4,3,0,38,1,2,16,13,8,2,36-45,> 10K,3.0,0
194,31,No,Travel_Rarely,Research & Development,18,2,Medical,1,Male,4,1,Healthcare Representative,3,Single,13391,9532,6,No,14,4,1,3,32,4,2,8,0,13,3,26-35,> 10K,2.0,0
195,44,No,Travel_Rarely,Research & Development,24,4,Technical Degree,4,Female,3,1,Manufacturing Director,3,Single,2874,26476,8,No,12,3,2,3,29,2,2,13,0,0,2,36-45,< 3K,3.0,0
196,46,Yes,Travel_Rarely,Research & Development,28,5,Technical Degree,2,Male,4,2,Manager,1,Married,10062,25662,3,Yes,13,3,2,3,15,0,1,28,24,3,9,46-60,> 10K,1.33,1
197,56,No,Travel_Rarely,Research & Development,22,4,Life Sciences,3,Male,1,1,Healthcare Representative,3,Divorced,5763,21841,6,No,13,3,2,3,6,5,2,30,20,3,12,46-60,3K-6K,2.67,0
198,56,No,Travel_Rarely,Research & Development,28,4,Other,4,Male,4,3,Manufacturing Director,4,Married,10462,7384,8,No,24,3,4,2,29,5,1,3,0,0,4,46-60,> 10K,3.0,0
199,18,No,Travel_Rarely,Research & Development,10,5,Life Sciences,3,Male,3,2,Laboratory Technician,2,Divorced,10457,7615,4,No,17,3,1,3,1,6,3,17,10,9,12,18-25,> 10K,2.67,0
200,34,No,Travel_Rarely,Research & Development,2,3,Human Resources,4,Male,3,3,Manager,4,Divorced,12410,23890,1,No,18,3,4,2,11,4,3,19,16,1,0,26-35,> 10K,3.67,0
201,58,Yes,Travel_Rarely,Research & Development,2,2,Medical,2,Female,1,1,Laboratory Technician,1,Single,15519,4995,4,No,23,3,4,3,39,1,1,8,3,5,10,46-60,> 10K,1.33,1
202,47,No,Travel_Rarely,Sales,27,5,Technical Degree,1,Male,3,2,Manager,3,Single,2051,22022,3,No,21,3,1,3,0,5,2,12,2,9,2,46-60,< 3K,2.0,0
203,30,No,Non-Travel,Sales,14,5,Other,2,Male,1,4,Sales Executive,1,Married,13225,15108,7,No,23,3,1,1,2,6,1,14,4,14,16,26-35,> 10K,1.33,0
204,38,No,Travel_Rarely,Research & Development,16,1,Marketing,1,Male,3,5,Manager,2,Married,10765,25901,4,No,16,3,2,2,7,1,1,26,6,2,12,36-45,> 10K,1.33,0
205,36,No,Travel_Rarely,Research & Development,7,2,Life Sciences,4,Female,3,4,Manufacturing Director,1,Single,12382,16407,8,No,14,3,4,1,25,1,4,14,7,8,15,36-45,> 10K,3.0,0
206,36,No,Travel_Rarely,Sales,21,3,Marketing,4,Male,4,3,Sales Executive,3,Married,13580,13559,8,Yes,16,3,4,1,39,4,1,27,12,2,17,36-45,> 10K,2.67,0
207,42,No,Travel_Rarely,Sales,21,5,Technical Degree,1,Female,4,4,Sales Executive,2,Married,12989,21668,2,No,23,3,1,3,10,3,4,36,17,2,5,36-45,> 10K,2.33,0
208,39,No,Travel_Rarely,Research & Development,24,3,Life Sciences,2,Male,1,4,Manufacturing Director,2,Divorced,12939,12534,9,No,21,3,4,2,20,6,3,18,13,14,6,36-45,> 10K,2.33,0
209,48,No,Travel_Rarely,Sales,12,5,Technical Degree,2,Female,4,5,Manager,3,Single,19489,26746,5,No,11,4,3,0,4,3,4,25,0,8,14,46-60,> 10K,3.0,0
210,34,No,Travel_Frequently,Sales,28,5,Life Sciences,1,Male,2,5,Sales Executive,3,Single,1307,6341,5,No,23,4,1,3,39,3,1,25,6,2,4,26-35,< 3K,1.67,0
211,40,Yes,Travel_Rarely,Research & Development,23,1,Other,4,Female,1,4,Research Scientist,3,Married,4359,11831,3,Yes,20,3,2,2,25,6,3,24,7,5,15,36-45,3K-6K,3.33,1
212,49,No,Travel_Rarely,Research & Development,28,4,Technical Degree,1,Female,2,5,Healthcare Representative,1,Married,4176,2616,9,No,18,3,3,1,20,2,4,25,17,5,5,46-60,3K-6K,2.0,0
213,27,No,Travel_Rarely,Research & Development,14,2,Marketing,4,Female,1,4,Manager,4,Married,2251,2239,2,No,11,3,3,2,8,4,1,25,8,0,2,26-35,< 3K,3.0,0
214,27,No,Travel_Rarely,Sales,25,1,Medical,1,Male,2,2,Sales Executive,1,Divorced,6366,8052,0,Yes,25,3,2,3,16,6,3,27,0,12,11,26-35,6K-10K,1.67,0
215,53,No,Travel_Frequently,Research & Development,4,3,Other,4,Female,4,4,Manufacturing Director,1,Divorced,18901,8454,6,No,15,3,3,2,36,1,4,17,16,12,3,46-60,> 10K,3.0,0
216,25,No,Non-Travel,Sales,26,5,Other,1,Female,4,1,Sales Executive,4,Married,7226,12048,4,No,12,3,3,1,1,6,1,31,18,15,2,18-25,6K-10K,2.0,0
217,37,No,Travel_Frequently,Research & Development,4,5,Life Sciences,3,Male,3,5,Research Scientist,3,Single,15330,11114,9,No,25,3,3,2,39,5,1,2,2,6,15,36-45,> 10K,2.33,0
218,49,No,Travel_Rarely,Research & Development,18,2,Marketing,4,Male,2,5,Manufacturing Director,3,Married,5891,23271,6,No,16,3,4,2,27,6,2,1,1,8,15,46-60,3K-6K,3.0,0
219,31,No,Travel_Rarely,Research & Development,3,1,Technical Degree,2,Female,3,3,Laboratory Technician,4,Married,5992,20288,0,No,19,3,3,1,26,2,2,32,19,8,14,26-35,3K-6K,2.67,0
220,45,Yes,Travel_Rarely,Research & Development,1,1,Marketing,1,Male,1,3,Manufacturing Director,4,Divorced,2961,24549,7,Yes,15,3,3,3,39,3,4,18,3,8,8,36-45,< 3K,3.0,1
221,41,No,Travel_Rarely,Research & Development,17,3,Other,2,Female,2,1,Research Director,1,Divorced,13497,19196,2,No,14,4,1,0,0,0,4,16,9,1,1,36-45,> 10K,2.33,0
222,32,No,Travel_Rarely,Research & Development,7,1,Life Sciences,1,Male,3,5,Manufacturing Director,2,Married,11848,6999,6,No,24,3,2,1,10,2,4,32,9,0,5,26-35,> 10K,2.33,0
223,39,Yes,Travel_Rarely,Sales,16,1,Marketing,2,Male,1,5,Manager,4,Married,14255,26026,2,Yes,12,3,4,1,38,2,1,11,7,5,13,36-45,> 10K,2.33,1
224,47,No,Travel_Rarely,Research & Development,5,4,Technical Degree,2,Female,2,3,Research Director,1,Single,5567,3730,2,No,22,3,4,3,17,4,4,2,0,5,8,46-60,3K-6K,2.33,0
225,21,No,Non-Travel,Sales,19,2,Human Resources,1,Male,3,3,Sales Representative,2,Single,17079,5424,9,No,13,4,2,3,26,5,1,25,10,3,9,18-25,> 10K,1.33,0
226,30,No,Travel_Rarely,Sales,7,1,Other,1,Female,2,4,Sales Representative,3,Single,7513,8062,8,No,16,3,4,2,9,2,4,34,26,12,17,26-35,6K-10K,2.67,0
227,40,No,Travel_Frequently,Research & Development,14,3,Medical,2,Female,2,5,Human Resources,3,Single,16235,4207,1,No,18,3,4,1,35,6,1,7,7,7,14,36-45,> 10K,2.0,0
228,25,No,Travel_Rarely,Research & Development,2,5,Medical,2,Female,3,5,Manager,1,Married,12755,15031,3,No,24,3,4,2,20,5,1,35,25,4,3,18-25,> 10K,1.33,0
229,35,No,Travel_Rarely,Research & Development,3,1,Other,2,Female,4,4,Manufacturing Director,1,Married,12151,15867,5,No,18,3,1,2,27,4,2,6,4,6,4,26-35,> 10K,1.67,0
230,29,No,Travel_Rarely,Research & Development,17,1,Human Resources,4,Female,4,5,Research Director,4,Married,17567,5368,2,No,15,3,1,3,0,6,3,35,29,8,5,26-35,> 10K,3.67,0
231,48,No,Travel_Rarely,Research & Development,16,5,Life Sciences,4,Male,3,1,Laboratory Technician,3,Married,4358,23855,9,Yes,15,3,4,3,13,0,1,15,14,12,14,46-60,3K-6K,2.67,0
232,31,No,Travel_Rarely,Research & Development,8,4,Marketing,3,Female,1,3,Healthcare Representative,1,Married,10590,4227,9,No,20,3,2,2,19,1,4,23,16,0,1,26-35,> 10K,2.67,0
233,51,No,Travel_Rarely,Research & Development,18,2,Marketing,4,Male,3,3,Manager,3,Married,11988,26023,6,No,24,3,2,1,8,1,2,0,0,8,15,46-60,> 10K,3.0,0
234,35,No,Non-Travel,Research & Development,15,4,Human Resources,4,Male,3,3,Manager,3,Single,8678,17754,6,No,23,3,1,1,26,3,4,24,15,12,4,26-35,6K-10K,3.67,0
235,51,No,Non-Travel,Sales,7,3,Human Resources,1,Male,2,2,Sales Representative,4,Divorced,6698,12452,4,No,13,3,1,2,3,3,4,9,6,12,3,46-60,6K-10K,3.0,0
236,28,No,Travel_Rarely,Research & Development,27,1,Technical Degree,3,Female,4,1,Manufacturing Director,2,Single,2273,14817,2,No,25,3,3,0,36,0,1,15,15,3,0,26-35,< 3K,2.0,0
237,58,No,Travel_Rarely,Sales,9,4,Technical Degree,3,Male,4,1,Sales Representative,4,Divorced,12241,15706,1,No,17,3,1,0,17,1,1,15,2,6,7,46-60,> 10K,2.67,0
238,29,No,Travel_Rarely,Sales,6,2,Medical,4,Male,4,4,Sales Representative,1,Single,18480,16362,3,Yes,25,3,4,3,30,3,3,7,1,15,9,26-35,> 10K,2.67,0
239,32,No,Travel_Rarely,Research & Development,18,3,Life Sciences,1,Female,4,2,Research Scientist,4,Married,10497,15226,3,No,23,3,1,1,38,5,1,28,15,10,14,26-35,> 10K,2.0,0
240,48,No,Non-Travel,Sales,18,4,Life Sciences,1,Male,3,5,Manager,4,Single,10107,13109,7,No,16,3,3,2,9,2,1,38,11,3,1,46-60,> 10K,2.0,0
241,46,No,Travel_Rarely,Human Resources,25,1,Human Resources,3,Female,2,1,Manager,3,Single,12273,13712,7,No,25,3,3,2,8,4,3,27,2,3,11,46-60,> 10K,3.0,0
242,43,No,Travel_Rarely,Human Resources,26,2,Medical,1,Female,4,2,Human Resources,4,Married,9002,22764,4,No,11,3,2,1,27,6,4,5,0,12,9,36-45,6K-10K,3.0,0
243,35,No,Travel_Rarely,Human Resources,24,1,Medical,2,Male,4,2,Manager,1,Married,5247,20204,5,No,14,3,2,3,27,3,3,15,4,15,11,26-35,3K-6K,2.0,0
244,49,Yes,Travel_Rarely,Research & Development,14,1,Technical Degree,4,Male,2,1,Manufacturing Director,2,Single,10220,2188,7,Yes,16,3,4,3,12,0,3,19,17,14,8,46-60,> 10K,3.0,1
245,39,No,Travel_Rarely,Sales,14,3,Marketing,2,Female,3,4,Sales Representative,4,Married,11703,11414,0,No,21,3,1,0,17,6,3,15,10,13,7,36-45,> 10K,3.0,0
246,55,Yes,Travel_Rarely,Human Resources,14,2,Life Sciences,3,Male,3,2,Manager,4,Single,16472,7221,4,Yes,16,3,3,1,11,1,2,6,3,14,1,46-60,> 10K,3.0,1
247,34,Yes,Non-Travel,Research & Development,25,5,Medical,3,Male,3,3,Laboratory Technician,2,Married,17654,10670,3,Yes,21,3,3,1,7,0,4,40,16,3,6,26-35,> 10K,3.0,1
248,40,Yes,Travel_Rarely,Human Resources,4,1,Technical Degree,1,Male,4,2,Manager,1,Divorced,18570,8746,3,No,24,3,2,2,22,4,2,13,8,5,3,36-45,> 10K,1.33,1
249,41,No,Travel_Rarely,Human Resources,4,2,Technical Degree,1,Male,4,5,Human Resources,1,Divorced,13392,16331,1,No,25,3,2,1,4,4,2,25,5,4,7,36-45,> 10K,1.33,0
250,25,No,Non-Travel,Research & Development,15,1,Technical Degree,3,Male,4,1,Research Director,4,Married,12956,13254,9,Yes,22,3,1,0,6,0,1,25,23,1,12,18-25,> 10K,2.67,0
251,58,No,Travel_Rarely,Sales,15,4,Marketing,3,Male,3,5,Sales Executive,3,Single,16641,12217,0,Yes,22,3,3,1,14,3,3,13,10,8,2,46-60,> 10K,3.0,0
252,23,No,Travel_Rarely,Research & Development,18,4,Medical,2,Female,4,4,Research Scientist,4,Single,14998,17583,5,No,13,3,2,2,2,3,3,6,3,10,4,18-25,> 10K,3.0,0
253,22,No,Travel_Frequently,Research & Development,14,2,Human Resources,2,Male,1,3,Laboratory Technician,2,Divorced,7305,6612,6,No,16,3,1,0,17,1,2,32,24,5,7,18-25,6K-10K,2.0,0
254,46,No,Travel_Rarely,Research & Development,26,3,Human Resources,1,Female,2,1,Manager,2,Single,19782,20272,4,Yes,22,3,1,2,37,5,1,25,1,9,1,46-60,> 10K,1.33,0
255,45,Yes,Travel_Rarely,Sales,1,5,Technical Degree,2,Male,1,2,Sales Representative,2,Divorced,13721,3550,7,No,20,3,1,1,25,1,1,19,8,5,9,36-45,> 10K,1.67,1
256,28,No,Travel_Rarely,Research & Development,10,4,Technical Degree,1,Male,1,3,Research Scientist,4,Married,7995,17800,8,No,16,3,2,3,37,2,1,2,0,8,15,26-35,6K-10K,2.0,0
257,18,No,Travel_Rarely,Human Resources,29,3,Marketing,1,Female,4,2,Human Resources,4,Divorced,13427,25443,1,No,22,3,2,1,32,5,4,3,0,0,3,18-25,> 10K,3.0,0
258,60,No,Travel_Rarely,Research & Development,20,5,Technical Degree,4,Female,2,4,Manufacturing Director,1,Married,14782,16565,3,No,19,3,2,1,20,6,2,25,5,6,13,46-60,> 10K,2.33,0
259,36,Yes,Travel_Rarely,Research & Development,10,4,Other,1,Female,1,1,Research Scientist,3,Married,3230,7233,8,Yes,19,3,4,2,16,2,4,10,2,2,2,36-45,3K-6K,2.67,1
260,26,Yes,Travel_Rarely,Sales,10,5,Medical,2,Female,3,4,Manager,4,Married,7511,24019,4,No,12,3,4,3,1,1,1,1,1,3,9,26-35,6K-10K,2.33,1
261,44,No,Travel_Rarely,Research & Development,27,1,Technical Degree,3,Female,3,4,Manager,1,Divorced,17512,13447,2,No,14,3,4,1,24,5,1,13,5,0,12,36-45,> 10K,1.67,0
262,51,No,Travel_Rarely,Human Resources,24,2,Technical Degree,3,Male,3,4,Human Resources,4,Divorced,10461,16036,5,No,19,3,2,0,40,5,1,29,6,2,4,46-60,> 10K,2.67,0
263,21,No,Travel_Rarely,Sales,2,4,Medical,2,Female,3,4,Manager,1,Married,5765,12998,2,No,25,3,2,0,18,2,3,11,0,13,16,18-25,3K-6K,2.0,0
264,53,No,Non-Travel,Research & Development,29,4,Life Sciences,3,Female,2,2,Manufacturing Director,1,Married,14272,2033,4,No,24,4,4,2,37,0,2,25,22,13,16,46-60,> 10K,2.0,0
265,35,No,Non-Travel,Research & Development,28,1,Other,1,Female,3,5,Healthcare Representative,3,Married,6552,26871,2,Yes,23,3,3,2,24,3,3,32,0,13,10,26-35,6K-10K,2.33,0
266,32,No,Travel_Rarely,Research & Development,27,4,Other,3,Female,2,2,Manager,4,Married,1627,13971,5,Yes,14,3,3,3,38,5,4,12,4,6,17,26-35,< 3K,3.67,0
267,30,No,Travel_Rarely,Research & Development,8,4,Human Resources,2,Female,2,3,Research Director,1,Divorced,12989,3429,9,Yes,18,3,3,2,3,6,3,13,5,13,16,26-35,> 10K,2.0,0
268,36,No,Travel_Rarely,Research & Development,1,4,Technical Degree,3,Male,2,4,Manufacturing Director,2,Married,14780,23630,4,No,20,3,3,3,2,6,2,23,12,5,10,36-45,> 10K,2.33,0
269,23,No,Travel_Rarely,Research & Development,1,4,Medical,1,Female,2,3,Manufacturing Director,2,Married,7589,12381,8,No,22,4,4,1,33,5,3,33,33,12,14,18-25,6K-10K,2.0,0
270,29,No,Travel_Frequently,Sales,4,4,Human Resources,1,Female,4,2,Sales Executive,2,Married,3044,3987,2,No,13,3,1,0,9,2,1,25,14,0,7,26-35,3K-6K,1.33,0
271,54,No,Travel_Rarely,Research & Development,7,3,Marketing,2,Female,1,4,Research Scientist,3,Married,14171,24655,5,Yes,13,4,1,0,26,5,4,20,14,14,11,46-60,> 10K,3.0,0
272,34,No,Travel_Rarely,Research & Development,9,4,Life Sciences,2,Female,4,2,Manager,1,Divorced,19725,21266,7,No,19,3,3,0,25,2,4,27,12,8,16,26-35,> 10K,2.33,0
273,40,No,Travel_Frequently,Research & Development,16,1,Technical Degree,2,Male,1,4,Research Director,3,Married,6884,17260,6,No,21,3,2,2,26,0,1,35,25,3,4,36-45,6K-10K,2.0,0
274,43,No,Travel_Rarely,Human Resources,5,4,Life Sciences,4,Female,4,2,Manager,4,Single,9185,12969,5,No,20,3,3,2,0,6,1,39,13,6,3,36-45,6K-10K,3.0,0
275,46,No,Non-Travel,Research & Development,2,5,Technical Degree,4,Female,3,1,Manager,4,Married,1249,13889,1,No,18,3,3,1,19,5,1,1,1,15,10,46-60,< 3K,3.0,0
276,50,Yes,Travel_Rarely,Research & Development,28,5,Technical Degree,1,Female,2,5,Manager,1,Single,18358,18246,6,Yes,11,3,1,2,24,4,2,8,5,3,7,46-60,> 10K,1.33,1
277,44,No,Travel_Rarely,Research & Development,23,1,Technical Degree,4,Male,3,5,Laboratory Technician,2,Married,10175,17709,7,No,20,4,2,3,9,1,3,22,6,6,15,36-45,> 10K,3.0,0
278,42,No,Non-Travel,Research & Development,11,3,Life Sciences,4,Female,3,4,Research Scientist,1,Divorced,17260,3547,0,No,24,3,1,0,0,6,4,14,13,4,15,36-45,> 10K,3.0,0
279,27,No,Travel_Rarely,Research & Development,18,1,Other,3,Male,3,1,Research Director,1,Married,3672,18846,8,Yes,12,3,2,1,15,0,3,12,9,0,2,26-35,3K-6K,2.33,0
280,40,No,Travel_Rarely,Research & Development,25,3,Marketing,4,Female,4,3,Manufacturing Director,1,Divorced,8279,13507,3,No,13,3,4,3,10,4,1,22,9,14,11,36-45,6K-10K,2.0,0
281,38,No,Travel_Rarely,Research & Development,25,2,Other,3,Male,3,1,Manager,3,Single,9662,25091,7,No,24,3,1,3,3,6,1,16,16,3,12,36-45,6K-10K,2.33,0
282,38,No,Travel_Rarely,Research & Development,19,5,Medical,2,Female,2,4,Manufacturing Director,4,Divorced,2987,23689,9,No,21,3,4,2,34,0,3,1,1,14,0,36-45,< 3K,3.0,0
283,60,No,Travel_Rarely,Research & Development,13,5,Medical,3,Male,2,1,Laboratory Technician,1,Married,17474,2513,6,No,12,4,4,2,12,3,4,19,7,2,3,46-60,> 10K,2.67,0
284,30,No,Travel_Rarely,Sales,24,5,Other,3,Male,1,3,Sales Executive,1,Single,13948,14288,9,Yes,13,3,3,0,20,0,2,19,3,5,5,26-35,> 10K,2.0,0
285,54,Yes,Travel_Rarely,Research & Development,11,3,Marketing,2,Female,4,4,Manager,1,Married,14026,15550,6,No,18,3,2,1,14,0,3,2,1,5,4,46-60,> 10K,2.0,1
286,50,No,Travel_Rarely,Sales,20,1,Marketing,2,Male,2,5,Sales Executive,3,Divorced,3773,7174,1,No,21,4,1,3,9,3,1,11,7,15,4,46-60,3K-6K,2.0,0
287,41,No,Travel_Rarely,Research & Development,19,3,Technical Degree,1,Female,2,1,Laboratory Technician,3,Single,14159,5566,0,Yes,21,4,3,2,37,5,1,39,26,0,9,36-45,> 10K,1.67,0
288,28,No,Travel_Rarely,Research & Development,17,5,Technical Degree,1,Female,4,5,Research Director,3,Married,10878,22187,3,No,22,3,1,2,10,1,2,1,0,13,17,26-35,> 10K,2.0,0
289,34,No,Travel_Frequently,Sales,5,5,Medical,1,Female,3,5,Sales Representative,1,Divorced,11178,5938,1,Yes,24,4,4,1,31,4,3,35,31,13,1,26-35,> 10K,1.67,0
290,21,No,Travel_Frequently,Research & Development,13,5,Technical Degree,1,Male,2,2,Research Scientist,2,Single,11377,3471,7,No,16,3,1,1,32,6,2,13,3,15,15,18-25,> 10K,1.67,0
291,42,No,Non-Travel,Sales,27,5,Technical Degree,3,Female,3,3,Sales Executive,2,Married,8347,26387,9,Yes,25,4,1,2,19,2,2,15,1,10,14,36-45,6K-10K,2.33,0
292,47,No,Non-Travel,Sales,20,2,Marketing,3,Male,2,1,Sales Representative,2,Married,2008,18721,6,Yes,24,3,3,2,35,1,4,18,13,1,4,46-60,< 3K,3.0,0
293,26,No,Travel_Rarely,Research & Development,1,5,Life Sciences,1,Female,1,5,Healthcare Representative,4,Married,4783,9051,7,No,17,3,2,0,29,6,4,33,17,12,8,26-35,3K-6K,3.0,0
294,38,No,Travel_Rarely,Research & Development,10,3,Other,4,Female,3,5,Research Scientist,1,Married,5298,9444,5,Yes,20,3,1,1,9,0,1,5,4,11,4,36-45,3K-6K,2.0,0
295,37,No,Travel_Frequently,Sales,8,5,Human Resources,1,Male,2,3,Sales Executive,2,Single,5668,5412,0,No,25,3,4,3,14,2,3,12,9,1,4,36-45,3K-6K,2.0,0
296,36,No,Travel_Rarely,Research & Development,24,4,Human Resources,4,Male,4,5,Research Scientist,2,Married,3052,4392,8,Yes,25,3,4,2,28,3,4,35,8,11,8,36-45,3K-6K,3.33,0
297,36,Yes,Travel_Rarely,Research & Development,29,2,Technical Degree,2,Male,4,5,Healthcare Representative,2,Single,2716,17729,5,No,23,3,3,2,0,1,1,21,2,9,8,36-45,< 3K,1.67,1
298,29,Yes,Non-Travel,Sales,8,5,Technical Degree,3,Female,4,5,Manager,1,Single,1310,2976,9,Yes,20,3,4,2,20,5,3,17,7,13,1,26-35,< 3K,2.33,1
299,54,No,Travel_Rarely,Research & Development,19,4,Other,3,Male,2,5,Manufacturing Director,2,Married,15391,23362,0,Yes,16,3,1,2,14,4,1,11,3,3,6,46-60,> 10K,2.0,0
300,59,No,Non-Travel,Sales,6,3,Human Resources,4,Female,3,2,Sales Representative,2,Married,2260,12437,0,No,11,3,2,0,2,1,4,29,21,12,0,46-60,< 3K,3.33,0
301,34,No,Non-Travel,Sales,12,2,Marketing,1,Female,1,2,Manager,1,Single,14157,6068,7,No,21,3,1,1,32,1,1,39,21,8,1,26-35,> 10K,1.0,0
302,54,No,Travel_Rarely,Research & Development,28,5,Human Resources,3,Female,1,4,Laboratory Technician,4,Divorced,12460,11895,5,No,13,3,3,2,37,5,3,6,2,10,11,46-60,> 10K,3.33,0
303,56,No,Travel_Rarely,Research & Development,7,3,Human Resources,4,Female,2,1,Manufacturing Director,3,Divorced,17968,19255,7,No,23,4,4,1,18,2,3,31,29,1,5,46-60,> 10K,3.33,0
304,45,No,Non-Travel,Research & Development,16,4,Human Resources,2,Male,2,3,Laboratory Technician,2,Divorced,15011,5409,7,Yes,11,3,1,3,3,3,1,18,2,10,15,36-45,> 10K,1.67,0
305,58,No,Travel_Rarely,Research & Development,9,2,Technical Degree,2,Female,2,4,Manager,3,Married,3866,20973,7,No,22,3,1,3,11,5,3,5,2,7,3,46-60,3K-6K,2.67,0
306,52,No,Non-Travel,Human Resources,21,5,Technical Degree,3,Female,3,2,Human Resources,4,Divorced,15365,14744,9,Yes,25,3,4,3,24,6,1,19,10,10,17,46-60,> 10K,2.67,0
307,35,No,Travel_Rarely,Research & Development,25,3,Other,1,Female,4,2,Manager,4,Divorced,6898,3549,6,Yes,20,3,2,3,33,3,3,26,16,11,4,26-35,6K-10K,2.67,0
308,31,No,Travel_Rarely,Research & Development,22,2,Human Resources,4,Male,3,2,Healthcare Representative,2,Married,19395,17085,6,No,22,4,2,1,16,5,1,36,35,0,17,26-35,> 10K,2.33,0
309,52,Yes,Travel_Rarely,Research & Development,10,4,Technical Degree,3,Male,3,4,Manager,1,Single,7251,13699,9,No,19,4,2,3,5,1,1,6,5,11,5,46-60,6K-10K,1.67,1
310,58,No,Travel_Rarely,Sales,10,5,Other,2,Male,2,2,Sales Executive,4,Single,5939,22845,3,No,23,3,4,3,11,3,1,4,2,7,13,46-60,3K-6K,2.33,0
311,24,Yes,Travel_Rarely,Research & Development,10,2,Human Resources,1,Male,1,4,Manufacturing Director,3,Married,5006,16736,8,Yes,19,3,1,2,14,2,2,10,10,2,16,18-25,3K-6K,2.0,1
312,58,No,Non-Travel,Sales,20,4,Marketing,4,Male,3,2,Sales Representative,3,Divorced,2625,4621,1,No,15,3,3,2,16,2,3,14,4,13,17,46-60,< 3K,3.33,0
313,30,No,Travel_Rarely,Sales,29,4,Technical Degree,3,Male,1,5,Manager,3,Married,11956,4529,8,No,14,3,1,2,0,4,4,2,0,14,9,26-35,> 10K,3.33,0
314,35,No,Travel_Rarely,Human Resources,16,3,Life Sciences,4,Female,2,5,Human Resources,3,Married,18274,12349,9,No,22,3,4,0,13,3,1,4,4,4,17,26-35,> 10K,2.67,0
315,54,No,Travel_Rarely,Research & Development,1,4,Other,1,Male,3,1,Laboratory Technician,4,Single,7078,25546,2,Yes,19,3,4,2,1,4,2,22,17,0,3,46-60,6K-10K,2.33,0
316,30,Yes,Travel_Rarely,Research & Development,17,4,Technical Degree,1,Female,4,2,Manager,2,Single,9923,16741,1,Yes,19,3,1,3,3,6,4,36,25,0,14,26-35,6K-10K,2.33,1
317,53,No,Travel_Rarely,Research & Development,26,1,Marketing,2,Male,4,1,Laboratory Technician,2,Married,4961,10351,3,No,25,3,4,1,1,5,1,8,1,5,5,46-60,3K-6K,1.67,0
318,48,No,Travel_Rarely,Sales,21,4,Marketing,1,Female,3,4,Sales Executive,3,Divorced,19888,12294,4,No,13,3,1,3,25,0,4,14,3,2,5,46-60,> 10K,2.67,0
319,19,No,Travel_Rarely,Sales,29,5,Technical Degree,3,Female,4,1,Manager,2,Married,9806,13000,1,No,15,3,1,1,39,6,2,2,2,7,2,18-25,6K-10K,2.33,0
320,33,No,Non-Travel,Sales,14,2,Medical,4,Female,3,2,Sales Representative,3,Divorced,19103,12191,0,No,13,4,2,3,32,2,4,28,19,3,8,26-35,> 10K,3.67,0
321,26,No,Travel_Rarely,Research & Development,19,5,Other,1,Female,4,4,Laboratory Technician,3,Single,14558,8399,9,Yes,20,3,4,0,38,1,1,5,3,5,10,26-35,> 10K,1.67,0
322,26,No,Travel_Rarely,Research & Development,21,5,Human Resources,1,Male,2,4,Manager,1,Married,7686,4581,4,No,12,3,4,2,5,2,4,16,5,12,4,26-35,6K-10K,2.0,0
323,55,No,Non-Travel,Research & Development,21,3,Human Resources,3,Female,4,5,Manager,4,Married,2587,24949,8,No,11,3,2,3,29,0,4,25,22,9,13,46-60,< 3K,3.67,0
324,28,No,Travel_Rarely,Sales,17,1,Marketing,4,Male,4,4,Sales Representative,4,Divorced,10803,15926,4,Yes,22,3,2,2,21,1,1,20,18,11,1,26-35,> 10K,3.0,0
325,39,Yes,Travel_Rarely,Human Resources,14,1,Technical Degree,4,Male,2,4,Human Resources,3,Single,18280,25489,9,Yes,20,3,2,0,26,3,2,7,2,8,7,36-45,> 10K,3.0,1
326,50,Yes,Travel_Frequently,Research & Development,8,5,Medical,2,Male,2,1,Manufacturing Director,4,Single,11350,25340,8,No,12,3,3,0,18,3,2,20,1,13,12,46-60,> 10K,2.67,1
327,53,No,Travel_Rarely,Research & Development,21,2,Other,2,Male,4,4,Manager,2,Single,19816,21318,9,No,18,3,4,2,9,6,4,10,10,7,4,46-60,> 10K,2.67,0
328,40,No,Non-Travel,Research & Development,21,1,Life Sciences,4,Male,1,3,Research Scientist,3,Divorced,12454,20695,5,No,21,3,1,2,5,2,3,37,7,3,14,36-45,> 10K,3.33,0
329,51,No,Travel_Rarely,Research & Development,9,1,Human Resources,3,Female,1,5,Research Director,1,Single,16849,21179,2,Yes,18,4,1,1,25,1,4,7,4,9,3,46-60,> 10K,2.67,0
330,26,No,Travel_Rarely,Sales,8,5,Other,3,Male,3,5,Manager,2,Single,7837,17168,3,No,13,4,1,2,2,5,3,23,10,7,3,26-35,6K-10K,2.67,0
331,41,Yes,Travel_Rarely,Research & Development,13,1,Other,2,Female,4,4,Laboratory Technician,1,Married,11162,6328,3,Yes,17,3,4,2,2,1,4,34,17,14,17,36-45,> 10K,2.33,1
332,25,No,Travel_Rarely,Research & Development,17,3,Medical,1,Female,3,1,Healthcare Representative,1,Married,6454,8823,0,No,17,4,3,1,5,4,2,13,6,6,8,18-25,6K-10K,1.33,0
333,24,No,Travel_Frequently,Sales,19,5,Other,3,Male,2,5,Sales Representative,4,Divorced,10424,22712,2,No,12,3,4,3,9,0,4,13,13,4,14,18-25,> 10K,3.67,0
334,53,No,Travel_Rarely,Sales,28,1,Human Resources,1,Male,4,5,Manager,4,Divorced,5117,21972,2,Yes,19,3,4,1,37,6,4,9,1,6,11,46-60,3K-6K,3.0,0
335,35,No,Non-Travel,Sales,7,1,Technical Degree,3,Female,2,3,Sales Representative,3,Married,9869,21500,0,Yes,13,3,4,3,12,3,3,11,5,6,3,26-35,6K-10K,3.0,0
336,20,No,Travel_Rarely,Sales,17,1,Human Resources,4,Male,4,4,Sales Representative,4,Divorced,11850,23037,8,No,12,3,4,3,37,2,2,37,9,13,2,18-25,> 10K,3.33,0
337,45,No,Travel_Rarely,Research & Development,1,5,Life Sciences,2,Male,4,5,Manufacturing Director,1,Married,19412,5747,0,No,22,3,4,3,11,1,3,33,8,12,4,36-45,> 10K,2.0,0
338,23,No,Travel_Rarely,Research & Development,5,2,Technical Degree,1,Female,2,5,Laboratory Technician,1,Single,15343,25208,8,No,13,4,3,1,26,3,4,40,34,9,16,18-25,> 10K,2.0,0
339,38,No,Travel_Frequently,Research & Development,25,4,Marketing,1,Male,4,5,Laboratory Technician,2,Divorced,7845,3459,0,No,12,3,2,1,7,2,1,9,2,1,4,36-45,6K-10K,1.33,0
340,45,No,Travel_Frequently,Sales,6,1,Medical,4,Male,4,5,Sales Executive,1,Married,5624,6430,1,No,25,3,1,0,4,3,4,16,6,6,3,36-45,3K-6K,3.0,0
341,57,No,Non-Travel,Research & Development,26,4,Human Resources,3,Male,3,1,Laboratory Technician,3,Married,9848,20835,1,Yes,18,4,4,3,35,2,4,16,13,2,6,46-60,6K-10K,3.33,0
342,18,Yes,Non-Travel,Research & Development,2,4,Technical Degree,1,Male,2,2,Research Scientist,3,Married,17549,9331,5,No,15,4,4,1,37,3,3,2,2,7,6,18-25,> 10K,2.33,1
343,53,No,Travel_Rarely,Sales,27,1,Other,3,Male,1,3,Sales Executive,4,Married,14136,22474,6,No,13,3,4,0,29,5,1,30,6,7,6,46-60,> 10K,2.67,0
344,38,Yes,Travel_Rarely,Research & Development,25,1,Technical Degree,4,Male,1,1,Manager,4,Single,1589,13180,0,No,15,3,1,3,36,4,1,0,0,8,16,36-45,< 3K,3.0,1
345,60,No,Travel_Rarely,Research & Development,16,4,Human Resources,2,Male,4,3,Research Scientist,4,Married,7509,10963,2,No,21,3,3,1,28,0,3,11,8,10,14,46-60,6K-10K,3.0,0
346,52,No,Non-Travel,Research & Development,22,2,Marketing,1,Male,3,5,Manufacturing Director,3,Divorced,8693,23425,1,Yes,21,3,1,1,21,3,2,38,20,3,6,46-60,6K-10K,2.0,0
347,30,No,Travel_Rarely,Research & Development,5,4,Human Resources,3,Female,4,3,Manager,1,Married,10454,19495,7,No,18,3,3,1,13,0,1,3,1,9,14,26-35,> 10K,1.67,0
348,27,No,Travel_Rarely,Sales,5,2,Marketing,1,Male,3,4,Sales Executive,4,Single,17455,13503,8,No,17,3,2,2,9,3,1,12,10,2,3,26-35,> 10K,2.0,0
349,27,No,Non-Travel,Research & Development,12,3,Other,3,Female,4,4,Manager,2,Divorced,12708,14598,1,No,16,3,4,0,10,6,3,33,14,8,1,26-35,> 10K,2.67,0
350,30,No,Travel_Rarely,Research & Development,3,2,Human Resources,3,Male,1,2,Manager,4,Single,13942,11786,1,No,24,3,3,1,34,1,2,20,18,8,12,26-35,> 10K,3.0,0
351,54,No,Travel_Rarely,Research & Development,16,5,Technical Degree,3,Male,2,2,Manager,3,Married,17652,12921,9,Yes,23,3,1,2,22,4,2,21,15,1,11,46-60,> 10K,2.67,0
352,55,No,Travel_Rarely,Research & Development,6,1,Life Sciences,4,Female,3,3,Research Director,4,Single,10968,11473,8,No,11,3,3,0,7,6,4,3,1,15,9,46-60,> 10K,4.0,0
353,41,No,Non-Travel,Research & Development,15,3,Life Sciences,2,Female,4,1,Manufacturing Director,1,Single,3462,21969,3,No,20,3,3,0,20,5,4,17,11,5,14,36-45,3K-6K,2.33,0
354,19,No,Non-Travel,Sales,15,4,Other,1,Male,4,1,Manager,4,Married,10460,25985,4,No,11,3,2,2,36,4,3,4,1,15,16,18-25,> 10K,2.67,0
355,39,No,Travel_Rarely,Sales,29,2,Technical Degree,2,Male,3,5,Manager,3,Married,2015,16464,8,No,11,3,4,0,27,0,2,18,12,2,5,36-45,< 3K,2.33,0
356,34,Yes,Travel_Rarely,Research & Development,16,3,Life Sciences,3,Male,3,1,Research Scientist,3,Divorced,10275,13020,5,No,24,3,4,2,30,1,3,1,0,4,4,26-35,> 10K,3.0,1
357,53,No,Travel_Rarely,Sales,20,5,Other,3,Female,1,2,Sales Representative,2,Divorced,14269,4373,9,No,20,3,1,3,27,2,4,11,3,15,12,46-60,> 10K,3.0,0
358,31,No,Travel_Rarely,Research & Development,13,2,Marketing,2,Male,3,1,Research Scientist,3,Divorced,1406,16352,8,Yes,24,3,1,1,26,6,3,16,13,1,13,26-35,< 3K,2.67,0
359,27,No,Travel_Rarely,Human Resources,12,4,Technical Degree,2,Male,4,5,Human Resources,2,Married,8384,25226,8,Yes,18,3,2,2,39,4,3,9,7,14,13,26-35,6K-10K,2.33,0
360,52,No,Travel_Rarely,Research & Development,10,4,Marketing,1,Female,1,4,Research Director,1,Married,12268,17344,6,No,18,3,3,0,20,5,1,33,8,3,14,46-60,> 10K,1.0,0
361,42,Yes,Non-Travel,Research & Development,14,2,Technical Degree,3,Female,1,1,Laboratory Technician,3,Divorced,18369,10533,9,No,24,3,3,0,8,6,1,5,0,10,15,36-45,> 10K,2.33,1
362,20,Yes,Travel_Rarely,Research & Development,2,5,Marketing,2,Female,2,1,Research Director,4,Married,12795,23482,8,No,17,3,1,3,28,1,1,7,2,2,9,18-25,> 10K,2.33,1
363,55,No,Travel_Rarely,Research & Development,29,1,Marketing,4,Male,2,2,Laboratory Technician,1,Divorced,5485,15125,4,No,16,4,4,3,14,1,4,10,2,1,0,46-60,3K-6K,3.0,0
364,34,No,Travel_Rarely,Research & Development,3,1,Life Sciences,3,Female,2,3,Manufacturing Director,4,Married,9901,6723,4,Yes,14,3,3,3,32,0,3,11,4,5,10,26-35,6K-10K,3.33,0
365,29,No,Non-Travel,Human Resources,9,4,Technical Degree,3,Female,3,4,Human Resources,4,Married,3618,21202,7,No,11,3,2,3,36,5,1,8,4,10,6,26-35,3K-6K,2.67,0
366,41,Yes,Travel_Rarely,Research & Development,11,5,Human Resources,1,Female,1,3,Manufacturing Director,4,Married,10603,21309,9,No,25,3,1,3,35,1,1,1,1,2,16,36-45,> 10K,2.0,1
367,46,No,Non-Travel,Human Resources,11,4,Life Sciences,4,Female,3,5,Human Resources,1,Married,7928,11464,3,No,25,3,3,1,27,1,1,7,1,3,3,46-60,6K-10K,2.0,0
368,60,No,Travel_Frequently,Human Resources,25,1,Marketing,1,Female,1,5,Manager,1,Married,6368,2709,8,Yes,19,3,4,2,9,2,4,10,0,5,6,46-60,6K-10K,2.0,0
369,42,No,Travel_Rarely,Sales,22,4,Marketing,4,Male,4,3,Sales Executive,3,Married,5621,8992,6,Yes,25,3,4,3,22,0,4,35,7,11,2,36-45,3K-6K,3.67,0
370,53,No,Travel_Rarely,Sales,10,2,Human Resources,1,Male,3,2,Manager,4,Married,15719,2738,6,No,11,3,2,3,27,0,3,9,2,12,13,46-60,> 10K,2.67,0
371,43,No,Travel_Rarely,Sales,26,2,Human Resources,4,Female,1,2,Sales Representative,2,Divorced,12126,15233,2,Yes,14,3,2,1,33,5,3,20,16,11,17,36-45,> 10K,3.0,0
372,55,Yes,Travel_Rarely,Sales,14,5,Marketing,4,Male,2,2,Sales Representative,3,Divorced,8566,16692,3,Yes,13,3,1,2,4,1,3,19,16,14,17,46-60,6K-10K,3.33,1
373,18,Yes,Travel_Frequently,Sales,9,1,Human Resources,4,Male,2,4,Sales Executive,1,Single,13306,6590,6,Yes,17,3,1,3,17,2,1,7,2,4,0,18-25,> 10K,2.0,1
374,37,No,Travel_Rarely,Research & Development,20,5,Medical,2,Male,4,5,Manufacturing Director,2,Single,16086,15718,4,No,15,4,4,2,5,3,2,35,30,3,5,36-45,> 10K,2.0,0
375,45,No,Travel_Rarely,Sales,27,5,Life Sciences,3,Female,3,5,Manager,1,Married,18387,24471,2,No,15,4,4,2,22,4,4,28,1,12,8,36-45,> 10K,2.67,0
376,33,No,Travel_Rarely,Research & Development,21,1,Technical Degree,4,Male,1,5,Manager,2,Married,19850,5718,0,No,14,3,3,1,27,6,1,11,5,13,1,26-35,> 10K,2.33,0
377,34,No,Travel_Rarely,Research & Development,10,3,Human Resources,2,Female,2,4,Research Director,3,Single,11162,15105,6,No,11,4,3,1,40,0,1,13,5,11,7,26-35,> 10K,2.0,0
378,57,No,Non-Travel,Sales,22,3,Human Resources,2,Male,1,5,Manager,2,Married,19019,10201,5,No,15,3,3,3,12,2,3,20,13,3,3,46-60,> 10K,2.33,0
379,45,No,Non-Travel,Research & Development,29,4,Medical,1,Male,3,3,Manager,3,Divorced,10890,7081,9,Yes,14,3,2,0,24,5,3,21,2,1,9,36-45,> 10K,2.33,0
380,29,Yes,Travel_Rarely,Sales,9,3,Technical Degree,3,Male,2,1,Sales Representative,1,Divorced,9095,18054,6,No,24,3,2,1,6,2,1,20,11,11,0,26-35,6K-10K,1.67,1
381,44,No,Travel_Rarely,Sales,29,2,Medical,3,Male,4,4,Manager,2,Married,13719,11929,1,No,20,3,3,2,1,1,4,29,3,12,10,36-45,> 10K,3.0,0
382,59,No,Travel_Rarely,Research & Development,5,5,Technical Degree,1,Female,4,1,Healthcare Representative,4,Married,11283,20962,3,No,23,3,4,2,15,4,4,38,11,9,8,46-60,> 10K,3.0,0
383,47,No,Travel_Rarely,Research & Development,8,4,Life Sciences,3,Female,3,3,Healthcare Representative,4,Married,19279,19942,1,Yes,18,3,1,3,1,0,1,19,12,12,10,46-60,> 10K,2.67,0
384,58,No,Travel_Rarely,Research & Development,11,5,Human Resources,1,Female,3,2,Research Director,1,Single,15231,22384,7,Yes,12,3,2,3,35,3,2,23,1,15,3,46-60,> 10K,1.33,0
385,51,No,Travel_Rarely,Research & Development,1,1,Life Sciences,2,Male,1,2,Healthcare Representative,2,Married,15698,6545,6,No,18,3,2,3,1,1,2,22,1,3,4,46-60,> 10K,2.0,0
386,54,Yes,Travel_Rarely,Research & Development,21,3,Technical Degree,2,Male,4,2,Laboratory Technician,4,Single,18457,7339,0,No,11,3,3,2,37,0,4,6,6,11,16,46-60,> 10K,3.33,1
387,23,Yes,Travel_Rarely,Sales,10,1,Human Resources,4,Male,3,4,Sales Representative,3,Married,6184,17353,1,Yes,23,3,1,1,9,6,3,8,6,7,17,18-25,6K-10K,3.33,1
388,24,No,Non-Travel,Sales,1,4,Medical,1,Male,3,2,Sales Executive,2,Married,3402,21100,1,No,14,3,2,0,13,5,2,0,0,4,4,18-25,3K-6K,1.67,0
389,49,No,Travel_Rarely,Research & Development,26,2,Marketing,2,Male,4,4,Laboratory Technician,2,Married,5895,6302,3,No,13,3,1,1,26,0,2,25,16,15,17,46-60,3K-6K,2.0,0
390,49,No,Travel_Rarely,Research & Development,22,3,Medical,2,Female,1,4,Manager,4,Married,12404,3809,2,No,15,3,2,0,14,2,3,37,31,13,16,46-60,> 10K,3.0,0
391,42,No,Travel_Rarely,Human Resources,7,1,Marketing,1,Male,1,1,Human Resources,3,Married,16161,7830,0,No,23,3,1,1,20,6,2,37,6,13,2,36-45,> 10K,2.0,0
392,50,Yes,Travel_Rarely,Research & Development,28,3,Medical,2,Male,4,2,Laboratory Technician,3,Single,10343,20381,1,Yes,15,3,1,3,11,4,1,21,13,14,10,46-60,> 10K,2.0,1
393,24,No,Non-Travel,Research & Development,14,5,Technical Degree,3,Female,4,5,Research Director,3,Single,11637,18156,8,Yes,15,3,2,2,32,3,2,9,0,13,16,18-25,> 10K,2.67,0
394,29,Yes,Non-Travel,Research & Development,5,2,Life Sciences,2,Male,4,2,Research Scientist,2,Married,2956,17869,0,Yes,22,3,1,0,39,4,3,5,5,10,7,26-35,< 3K,2.33,1
395,33,Yes,Non-Travel,Research & Development,17,3,Marketing,1,Female,4,2,Healthcare Representative,1,Single,8023,21315,8,No,14,4,4,1,21,2,1,16,5,9,7,26-35,6K-10K,1.0,1
396,33,No,Non-Travel,Research & Development,22,2,Technical Degree,3,Female,4,2,Human Resources,2,Single,15062,4130,6,Yes,18,3,2,2,37,3,2,37,23,9,1,26-35,> 10K,2.33,0
397,60,No,Non-Travel,Research & Development,26,5,Life Sciences,3,Male,3,5,Healthcare Representative,2,Married,15333,6412,1,No,13,3,2,0,17,3,4,23,5,7,6,46-60,> 10K,3.0,0
398,53,No,Travel_Rarely,Research & Development,21,5,Life Sciences,2,Male,2,5,Research Director,4,Married,4907,12884,1,Yes,22,3,4,0,1,1,1,9,1,5,5,46-60,3K-6K,2.33,0
399,30,No,Travel_Frequently,Research & Development,6,1,Human Resources,4,Female,4,4,Research Scientist,1,Married,1807,24897,4,No,14,3,1,2,28,3,1,7,7,15,17,26-35,< 3K,2.0,0
400,24,No,Travel_Frequently,Research & Development,16,4,Human Resources,3,Male,2,5,Manufacturing Director,3,Married,15031,4796,4,No,11,3,4,3,6,0,4,20,4,11,6,18-25,> 10K,3.33,0
401,53,Yes,Travel_Frequently,Sales,11,1,Human Resources,1,Male,1,4,Sales Representative,4,Divorced,5827,26132,3,Yes,17,3,2,2,30,4,4,5,5,9,17,46-60,3K-6K,3.0,1
402,26,No,Travel_Rarely,Human Resources,10,2,Marketing,4,Female,3,1,Manager,2,Divorced,14699,16007,9,Yes,11,3,4,3,40,5,2,20,1,4,11,26-35,> 10K,2.67,0
403,49,No,Travel_Rarely,Research & Development,15,1,Marketing,4,Male,2,4,Healthcare Representative,1,Single,5524,16965,9,No,25,3,1,1,17,5,2,38,14,3,6,46-60,3K-6K,2.33,0
404,28,No,Non-Travel,Research & Development,7,3,Life Sciences,3,Male,1,2,Manufacturing Director,3,Divorced,16193,24707,2,Yes,12,3,4,1,8,4,3,23,10,9,6,26-35,> 10K,3.0,0
405,25,No,Non-Travel,Research & Development,23,1,Marketing,2,Female,1,3,Research Scientist,3,Married,17223,8745,3,Yes,21,3,2,2,7,1,3,32,21,8,0,18-25,> 10K,2.67,0
406,50,No,Travel_Rarely,Research & Development,2,4,Life Sciences,4,Female,1,3,Manufacturing Director,2,Divorced,19668,14887,9,Yes,17,3,1,3,32,3,1,17,0,9,9,46-60,> 10K,2.33,0
407,40,No,Travel_Rarely,Research & Development,12,4,Technical Degree,2,Male,4,2,Manufacturing Director,3,Married,6313,7202,3,No,11,4,2,1,4,2,4,27,17,13,9,36-45,6K-10K,3.0,0
408,42,No,Travel_Rarely,Sales,19,2,Medical,3,Male,3,4,Manager,3,Married,14598,3555,1,No,21,4,2,3,13,6,4,31,11,4,11,36-45,> 10K,3.33,0
409,25,No,Travel_Rarely,Human Resources,12,5,Life Sciences,1,Male,1,2,Manager,1,Married,14058,13882,4,No,13,3,3,3,12,6,3,11,11,9,2,18-25,> 10K,1.67,0
410,39,No,Travel_Rarely,Sales,16,4,Life Sciences,4,Male,4,5,Sales Executive,4,Married,18141,13764,4,No,23,3,2,3,10,0,1,26,24,15,2,36-45,> 10K,3.0,0
411,21,No,Travel_Rarely,Research & Development,6,2,Technical Degree,1,Female,2,4,Research Director,1,Divorced,5887,26565,4,No,16,4,2,2,19,1,1,9,7,14,12,18-25,3K-6K,1.0,0
412,57,Yes,Travel_Rarely,Human Resources,3,4,Human Resources,2,Female,3,2,Human Resources,4,Single,4854,6443,9,No,16,3,1,3,22,6,3,31,27,10,12,46-60,3K-6K,3.0,1
413,20,No,Travel_Frequently,Human Resources,2,4,Other,2,Female,2,5,Manager,4,Single,13458,15583,0,No,16,3,1,2,26,3,3,25,6,5,5,18-25,> 10K,3.0,0
414,39,No,Travel_Frequently,Research & Development,20,5,Human Resources,1,Male,2,5,Manufacturing Director,4,Married,15536,10522,5,Yes,21,3,1,1,14,5,3,24,22,14,2,36-45,> 10K,2.67,0
415,58,No,Travel_Rarely,Research & Development,5,3,Human Resources,3,Male,4,4,Research Director,3,Divorced,4558,23089,1,No,23,4,4,1,29,2,2,10,4,6,14,46-60,3K-6K,2.67,0
416,46,No,Non-Travel,Research & Development,11,2,Life Sciences,3,Male,2,1,Manufacturing Director,1,Married,10772,12136,6,No,12,4,4,0,15,3,1,22,1,10,8,46-60,> 10K,1.67,0
417,51,No,Travel_Rarely,Sales,26,4,Life Sciences,4,Male,3,1,Sales Representative,3,Married,18345,23223,3,No,12,3,1,0,39,1,1,33,10,11,5,46-60,> 10K,2.67,0
418,51,Yes,Travel_Rarely,Research & Development,25,4,Marketing,4,Male,2,5,Laboratory Technician,2,Married,4575,22342,4,Yes,16,3,4,1,17,2,1,39,21,15,5,46-60,3K-6K,2.33,1
419,45,Yes,Travel_Rarely,Research & Development,3,1,Marketing,3,Male,4,1,Research Director,1,Single,3418,23048,4,Yes,20,3,3,3,22,6,3,22,9,10,7,36-45,3K-6K,2.33,1
420,30,No,Non-Travel,Research & Development,3,3,Medical,3,Male,1,5,Manufacturing Director,4,Married,5198,11876,4,Yes,15,3,4,3,35,2,3,28,2,12,10,26-35,3K-6K,3.33,0
421,32,Yes,Travel_Rarely,Research & Development,22,5,Medical,1,Female,4,1,Manager,3,Married,2001,2746,1,Yes,24,3,3,1,37,2,3,30,19,0,15,26-35,< 3K,2.33,1
422,40,No,Travel_Rarely,Research & Development,5,2,Other,2,Female,1,5,Research Director,3,Divorced,8119,4184,4,No,17,3,1,1,7,2,3,6,4,8,8,36-45,6K-10K,2.67,0
423,43,Yes,Travel_Frequently,Sales,22,4,Marketing,2,Male,2,5,Manager,1,Single,10673,26330,2,No,17,3,1,0,38,6,4,39,27,11,10,36-45,> 10K,2.33,1
424,21,No,Travel_Rarely,Research & Development,23,2,Life Sciences,4,Male,1,5,Healthcare Representative,1,Married,6316,16052,3,No,15,3,4,3,28,3,3,32,17,7,15,18-25,6K-10K,2.67,0
425,43,No,Travel_Rarely,Sales,11,5,Technical Degree,3,Female,4,5,Sales Representative,4,Single,17244,11576,1,Yes,18,4,1,1,11,2,2,20,13,11,5,36-45,> 10K,3.0,0
426,57,No,Travel_Rarely,Research & Development,3,3,Marketing,1,Female,4,3,Manager,4,Single,17806,23705,3,Yes,20,3,1,0,17,3,4,1,1,15,16,46-60,> 10K,3.0,0
427,26,No,Non-Travel,Research & Development,13,1,Life Sciences,4,Male,3,1,Research Director,2,Married,12873,11210,8,Yes,16,3,2,0,18,2,4,17,7,10,15,26-35,> 10K,3.33,0
428,22,No,Travel_Rarely,Research & Development,21,3,Marketing,1,Female,3,5,Research Director,4,Married,5266,17079,7,No,25,3,1,3,35,2,3,32,7,15,17,18-25,3K-6K,2.67,0
429,49,No,Travel_Rarely,Research & Development,8,1,Human Resources,3,Female,1,2,Manager,3,Single,8549,9148,2,No,15,3,2,0,32,1,1,36,3,14,0,46-60,6K-10K,2.33,0
430,37,No,Travel_Rarely,Sales,20,2,Marketing,3,Male,1,4,Sales Executive,2,Single,11589,14855,0,Yes,14,3,1,0,4,3,3,33,26,4,17,36-45,> 10K,2.67,0
431,28,Yes,Travel_Rarely,Sales,10,3,Other,3,Male,3,2,Sales Representative,2,Married,2657,17473,0,Yes,17,4,3,2,38,5,1,19,3,2,7,26-35,< 3K,2.0,1
432,32,Yes,Travel_Rarely,Research & Development,2,3,Human Resources,2,Male,2,2,Laboratory Technician,2,Divorced,19925,20408,5,No,14,3,3,1,27,3,3,34,4,4,9,26-35,> 10K,2.33,1
433,49,Yes,Travel_Rarely,Research & Development,4,3,Life Sciences,3,Male,3,3,Manager,1,Married,10462,24557,2,No,15,3,1,3,25,4,3,17,0,15,1,46-60,> 10K,2.33,1
434,45,No,Travel_Rarely,Sales,18,5,Human Resources,4,Male,2,1,Manager,4,Married,4164,11734,3,No,15,3,3,1,20,6,1,23,16,4,8,36-45,3K-6K,3.0,0
435,39,Yes,Non-Travel,Sales,19,2,Marketing,2,Female,1,3,Sales Executive,2,Single,19437,16219,0,No,11,3,3,2,22,5,1,7,1,8,3,36-45,> 10K,1.67,1
436,58,No,Travel_Rarely,Research & Development,4,1,Human Resources,1,Female,1,1,Manager,1,Divorced,9479,21095,7,Yes,25,3,3,3,20,1,1,29,29,6,10,46-60,6K-10K,1.0,0
437,34,Yes,Travel_Rarely,Sales,20,3,Other,4,Male,4,5,Sales Representative,1,Married,6737,13238,0,No,11,3,4,1,10,3,1,9,7,12,9,26-35,6K-10K,2.0,1
438,43,No,Travel_Rarely,Research & Development,26,2,Technical Degree,4,Male,4,3,Research Director,2,Divorced,18831,25402,4,No,13,3,3,0,38,1,2,22,6,1,13,36-45,> 10K,2.67,0
439,24,Yes,Travel_Frequently,Research & Development,9,5,Human Resources,1,Female,2,4,Laboratory Technician,2,Single,7009,16357,5,No,25,3,2,3,15,5,1,10,9,4,6,18-25,6K-10K,1.33,1
440,59,No,Travel_Rarely,Sales,16,5,Other,2,Male,2,1,Manager,3,Married,17991,9197,1,No,24,4,4,2,32,1,3,1,0,15,5,46-60,> 10K,2.67,0
441,43,Yes,Non-Travel,Sales,26,2,Human Resources,4,Male,3,3,Sales Representative,2,Married,5552,3702,6,Yes,21,3,2,0,26,1,3,25,4,8,15,36-45,3K-6K,3.0,1
442,42,No,Travel_Rarely,Human Resources,6,1,Medical,4,Female,2,4,Manager,3,Single,19148,7529,6,No,13,4,2,2,0,0,2,35,33,13,12,36-45,> 10K,3.0,0
443,27,No,Travel_Rarely,Research & Development,25,2,Technical Degree,4,Male,1,2,Research Director,2,Single,10417,9216,0,Yes,12,3,2,0,15,3,1,32,6,10,11,26-35,> 10K,2.33,0
444,36,No,Travel_Rarely,Research & Development,4,2,Life Sciences,2,Male,1,5,Research Scientist,2,Married,10221,14612,3,No,22,3,4,1,4,1,3,12,7,12,14,36-45,> 10K,2.33,0
445,28,No,Travel_Rarely,Research & Development,9,4,Other,2,Male,1,5,Research Director,4,Married,3671,9655,3,No,12,3,1,1,17,0,2,39,27,1,7,26-35,3K-6K,2.67,0
446,30,No,Travel_Rarely,Human Resources,27,5,Human Resources,2,Male,4,2,Human Resources,2,Single,7519,7417,4,No,16,3,3,1,40,0,3,24,6,7,3,26-35,6K-10K,2.33,0
447,25,No,Travel_Rarely,Human Resources,13,1,Technical Degree,4,Male,2,3,Manager,2,Married,4962,18133,0,No,23,3,3,2,33,2,2,3,1,11,7,18-25,3K-6K,2.67,0
448,57,No,Travel_Rarely,Research & Development,9,4,Life Sciences,3,Male,2,2,Laboratory Technician,3,Single,13734,8324,0,No,11,3,1,3,24,2,2,18,6,2,15,46-60,> 10K,2.67,0
449,21,No,Travel_Rarely,Research & Development,6,2,Technical Degree,1,Female,4,4,Research Director,3,Single,14122,22257,6,Yes,16,3,1,1,33,6,4,17,13,3,15,18-25,> 10K,2.67,0
450,48,No,Travel_Rarely,Sales,21,5,Other,3,Male,4,1,Sales Executive,4,Married,4722,10313,8,No,15,3,2,2,14,5,4,36,3,1,1,46-60,3K-6K,3.67,0
451,45,No,Travel_Rarely,Research & Development,19,4,Medical,2,Male,4,3,Research Director,2,Single,5906,16459,0,No,16,3,4,0,3,3,1,29,9,8,16,36-45,3K-6K,1.67,0
452,28,No,Travel_Rarely,Research & Development,14,4,Other,4,Male,1,1,Laboratory Technician,2,Married,8263,18649,1,Yes,15,3,2,1,3,2,4,18,17,5,4,26-35,6K-10K,3.33,0
453,60,No,Travel_Frequently,Research & Development,21,1,Other,4,Male,2,2,Research Director,3,Married,14699,26603,5,No,17,3,3,0,24,5,2,22,11,14,4,46-60,> 10K,3.0,0
454,18,Yes,Travel_Rarely,Human Resources,15,2,Life Sciences,3,Female,3,5,Human Resources,1,Married,12088,23762,5,No,11,3,1,1,40,3,3,15,15,8,11,18-25,> 10K,2.33,1
455,55,No,Non-Travel,Sales,3,1,Life Sciences,3,Male,3,1,Sales Executive,1,Married,1808,20508,1,No,23,3,3,0,12,5,3,0,0,13,6,46-60,< 3K,2.33,0
456,41,No,Travel_Rarely,Research & Development,5,4,Human Resources,1,Female,2,1,Healthcare Representative,1,Divorced,10170,18815,8,No,13,3,1,2,24,6,1,11,8,14,4,36-45,> 10K,1.0,0
457,48,No,Travel_Rarely,Sales,21,4,Marketing,4,Male,2,5,Sales Executive,3,Married,17260,6974,3,No,16,3,4,1,2,6,4,23,6,10,3,46-60,> 10K,3.67,0
458,39,No,Travel_Rarely,Research & Development,18,1,Other,3,Male,4,1,Manufacturing Director,3,Married,18109,22161,6,Yes,11,3,2,2,34,0,1,33,27,12,16,36-45,> 10K,2.33,0
459,43,Yes,Travel_Rarely,Sales,14,4,Life Sciences,1,Female,4,1,Manager,1,Single,11693,25421,5,Yes,23,3,3,2,8,0,2,7,4,12,5,36-45,> 10K,1.33,1
460,22,No,Travel_Frequently,Sales,16,3,Other,2,Male,1,5,Manager,1,Married,8701,14723,2,No,21,4,4,0,13,3,4,17,2,7,13,18-25,6K-10K,2.33,0
461,37,No,Travel_Rarely,Sales,14,5,Other,3,Female,4,5,Sales Executive,2,Married,18600,17473,7,No,21,3,3,1,21,5,1,4,3,11,8,36-45,> 10K,2.0,0
462,58,No,Travel_Rarely,Research & Development,9,2,Life Sciences,2,Male,2,2,Manufacturing Director,3,Married,19581,3085,6,No,17,3,1,3,8,5,3,25,14,8,3,46-60,> 10K,2.67,0
463,28,No,Travel_Rarely,Research & Development,15,5,Medical,1,Male,1,2,Research Director,3,Married,15191,24579,8,Yes,14,3,3,3,23,2,3,29,9,15,10,26-35,> 10K,2.33,0
464,50,No,Travel_Rarely,Research & Development,7,2,Medical,2,Female,3,1,Laboratory Technician,1,Single,18356,24643,2,Yes,13,3,4,2,22,2,1,12,9,4,15,46-60,> 10K,1.33,0
465,55,No,Travel_Frequently,Human Resources,14,4,Other,4,Female,2,3,Manager,1,Single,14704,20869,0,Yes,20,3,4,0,36,3,1,18,18,15,15,46-60,> 10K,2.0,0
466,44,Yes,Non-Travel,Research & Development,6,1,Medical,4,Female,3,2,Manufacturing Director,4,Single,3123,17771,1,No,19,3,2,0,14,4,1,28,15,5,15,36-45,3K-6K,3.0,1
467,51,No,Travel_Rarely,Sales,21,1,Other,2,Female,2,2,Sales Representative,3,Married,12533,10292,0,No,11,4,3,0,35,2,2,2,2,6,5,46-60,> 10K,2.33,0
468,32,No,Non-Travel,Research & Development,15,4,Human Resources,4,Female,2,3,Manufacturing Director,4,Married,17608,23782,4,No,18,4,1,1,13,1,2,25,7,4,14,26-35,> 10K,3.33,0
469,49,No,Travel_Rarely,Sales,20,2,Life Sciences,1,Male,1,3,Sales Representative,2,Single,15448,12346,9,Yes,11,3,3,1,19,2,3,39,2,0,2,46-60,> 10K,2.0,0
470,38,No,Non-Travel,Human Resources,8,4,Other,4,Male,1,5,Manager,4,Married,15586,23462,1,Yes,23,3,2,0,38,4,2,11,6,8,8,36-45,> 10K,3.33,0
471,22,No,Travel_Rarely,Sales,2,2,Medical,2,Male,4,2,Manager,1,Single,2814,9202,2,No,24,3,1,3,35,5,2,1,0,1,0,18-25,< 3K,1.67,0
472,23,No,Travel_Rarely,Human Resources,8,4,Medical,2,Male,2,4,Human Resources,3,Single,14001,21432,7,Yes,15,3,1,3,26,0,4,10,6,6,10,18-25,> 10K,3.0,0
473,55,No,Travel_Rarely,Sales,1,4,Technical Degree,2,Male,2,4,Sales Executive,3,Married,18490,24886,9,No,20,3,2,1,16,0,2,27,6,11,5,46-60,> 10K,2.33,0
474,39,No,Travel_Rarely,Research & Development,26,4,Technical Degree,3,Female,1,1,Manufacturing Director,4,Married,17508,15174,4,No,18,4,1,0,25,5,4,17,13,7,4,36-45,> 10K,3.67,0
475,35,No,Travel_Frequently,Research & Development,17,1,Medical,2,Male,3,2,Research Director,4,Single,14380,19183,3,No,16,3,4,3,40,0,2,12,1,14,17,26-35,> 10K,2.67,0
476,31,No,Travel_Rarely,Human Resources,19,2,Human Resources,1,Female,4,4,Manager,2,Single,16406,22206,4,No,17,3,4,3,3,2,3,36,18,7,11,26-35,> 10K,2.0,0
477,27,No,Travel_Rarely,Sales,5,4,Marketing,4,Male,2,2,Sales Representative,2,Divorced,3931,7611,9,No,21,4,1,1,2,6,1,21,8,0,6,26-35,3K-6K,2.33,0
478,30,No,Travel_Rarely,Research & Development,22,5,Other,4,Male,1,2,Research Director,1,Single,14567,16191,5,Yes,18,3,3,1,18,0,3,11,2,14,1,26-35,> 10K,2.67,0
479,48,No,Travel_Rarely,Human Resources,20,5,Technical Degree,3,Female,2,4,Manager,1,Married,15038,24393,6,No,23,3,1,3,40,6,2,1,1,9,6,46-60,> 10K,2.0,0
480,47,No,Non-Travel,Research & Development,16,1,Other,3,Male,1,2,Research Director,1,Married,13317,7263,8,No,16,3,3,0,39,4,1,36,24,6,8,46-60,> 10K,1.67,0
481,20,No,Travel_Rarely,Research & Development,7,3,Technical Degree,1,Male,4,3,Research Scientist,4,Married,3971,10626,0,Yes,21,3,2,3,38,6,1,6,3,8,7,18-25,3K-6K,2.0,0
482,47,No,Travel_Frequently,Research & Development,7,1,Life Sciences,2,Male,3,1,Research Scientist,4,Married,3017,23954,3,No,16,3,4,3,6,4,1,25,13,10,8,46-60,3K-6K,2.33,0
483,23,No,Travel_Rarely,Research & Development,18,3,Life Sciences,3,Female,2,5,Research Scientist,3,Divorced,3415,13996,8,Yes,21,3,4,0,35,2,4,25,11,13,9,18-25,3K-6K,3.33,0
484,46,Yes,Travel_Rarely,Research & Development,18,1,Medical,4,Male,2,4,Research Scientist,1,Single,2609,12805,4,Yes,16,3,2,1,18,5,3,23,18,13,11,46-60,< 3K,2.67,1
485,25,No,Travel_Rarely,Research & Development,2,5,Life Sciences,3,Male,4,5,Research Scientist,4,Married,1717,11107,7,Yes,15,4,2,0,11,1,4,11,6,10,1,18-25,< 3K,3.67,0
486,60,No,Travel_Frequently,Human Resources,15,4,Life Sciences,3,Female,3,1,Human Resources,3,Single,13662,12467,0,No,18,3,4,0,19,2,1,15,6,2,9,46-60,> 10K,2.33,0
487,50,Yes,Travel_Rarely,Sales,14,2,Marketing,2,Male,2,3,Sales Representative,1,Married,7782,23024,3,No,23,3,2,0,37,0,3,22,14,7,2,46-60,6K-10K,2.0,1
488,34,No,Travel_Rarely,Sales,18,4,Human Resources,3,Female,4,3,Sales Executive,2,Divorced,2048,23717,8,No,12,3,1,0,11,2,3,39,15,7,0,26-35,< 3K,2.67,0
489,28,No,Travel_Rarely,Human Resources,29,5,Medical,1,Male,2,3,Human Resources,2,Married,12618,10839,0,Yes,17,3,1,1,28,4,2,8,7,8,16,26-35,> 10K,1.67,0
490,30,No,Travel_Rarely,Research & Development,9,2,Marketing,4,Male,2,3,Laboratory Technician,4,Married,9307,20679,0,No,25,3,3,3,29,2,4,31,9,7,0,26-35,6K-10K,4.0,0
491,28,No,Travel_Rarely,Research & Development,14,3,Medical,2,Female,4,4,Laboratory Technician,3,Divorced,8905,14270,3,No,14,4,3,2,19,2,4,14,14,4,4,26-35,6K-10K,3.0,0
492,48,No,Non-Travel,Research & Development,5,3,Human Resources,4,Female,4,4,Laboratory Technician,2,Single,10993,19815,2,No,11,4,3,1,3,1,2,36,3,4,13,46-60,> 10K,2.67,0
493,45,No,Travel_Rarely,Sales,11,5,Medical,1,Female,1,2,Sales Executive,3,Married,11338,23556,6,Yes,23,3,1,0,1,4,4,12,2,2,5,36-45,> 10K,2.67,0
494,23,No,Travel_Rarely,Sales,8,2,Other,1,Female,1,2,Manager,3,Divorced,6578,15887,2,Yes,15,4,4,3,29,3,1,4,2,11,8,18-25,6K-10K,1.67,0
495,58,No,Travel_Rarely,Research & Development,5,4,Other,3,Male,2,1,Laboratory Technician,2,Married,14834,4361,0,Yes,13,3,3,3,22,3,1,10,4,5,13,46-60,> 10K,2.0,0
496,33,No,Travel_Rarely,Research & Development,29,5,Other,3,Male,4,2,Healthcare Representative,3,Single,19004,25925,9,No,14,3,1,0,5,4,4,9,0,9,3,26-35,> 10K,3.33,0
497,21,No,Non-Travel,Research & Development,11,3,Life Sciences,3,Male,3,1,Manager,2,Single,7548,14324,1,No,17,3,4,1,17,3,2,12,9,2,0,18-25,6K-10K,2.33,0
498,52,No,Travel_Rarely,Sales,5,5,Human Resources,4,Female,3,1,Sales Executive,4,Single,8381,2723,9,No,15,4,2,0,21,0,3,40,18,13,5,46-60,6K-10K,3.67,0
499,43,No,Travel_Rarely,Human Resources,17,4,Marketing,1,Female,2,1,Human Resources,1,Single,3941,3547,3,No,24,3,1,3,36,3,4,14,13,1,6,36-45,3K-6K,2.0,0
500,29,No,Non-Travel,Human Resources,22,1,Marketing,2,Female,1,3,Human Resources,1,Married,6695,10275,0,No,25,3,2,3,3,0,3,6,5,6,5,26-35,6K-10K,2.0,0
501,28,No,Travel_Frequently,Research & Development,4,1,Technical Degree,3,Male,4,5,Manufacturing Director,4,Single,7401,15405,0,No,14,3,3,1,10,4,2,39,2,9,0,26-35,6K-10K,3.0,0
502,54,No,Travel_Rarely,Research & Development,15,4,Marketing,4,Male,4,5,Research Director,2,Single,16179,3365,7,No,11,3,4,2,40,3,3,27,4,2,7,46-60,> 10K,3.0,0
503,42,No,Non-Travel,Research & Development,19,2,Other,3,Female,1,4,Healthcare Representative,2,Married,15456,15659,6,No,16,3,1,0,34,3,2,31,8,12,11,36-45,> 10K,2.33,0
504,35,No,Travel_Rarely,Research & Development,22,5,Other,1,Female,4,1,Research Director,2,Married,14097,5853,7,Yes,21,3,3,2,10,5,2,34,17,3,10,26-35,> 10K,1.67,0
505,36,Yes,Travel_Rarely,Research & Development,2,4,Technical Degree,2,Female,2,3,Manufacturing Director,2,Married,7197,6682,3,No,20,3,3,3,33,6,1,14,10,13,1,36-45,6K-10K,1.67,1
506,40,No,Travel_Rarely,Sales,24,1,Life Sciences,1,Female,4,2,Sales Executive,4,Married,6450,13391,5,No,16,3,4,2,8,0,1,35,1,10,1,36-45,6K-10K,2.0,0
507,55,No,Non-Travel,Human Resources,17,3,Marketing,4,Male,4,2,Human Resources,1,Single,18937,7960,2,Yes,17,3,2,0,30,0,2,20,11,9,1,46-60,> 10K,2.33,0
508,35,No,Travel_Rarely,Research & Development,12,4,Human Resources,3,Male,1,4,Research Director,3,Single,18396,26727,7,No,11,4,3,0,31,2,4,5,5,7,7,26-35,> 10K,3.33,0
509,43,No,Travel_Rarely,Human Resources,25,4,Technical Degree,1,Male,1,4,Manager,3,Single,9378,26073,3,No,24,3,4,3,34,1,1,0,0,13,6,36-45,6K-10K,1.67,0
510,23,No,Travel_Rarely,Research & Development,24,4,Marketing,4,Male,3,1,Research Director,1,Married,2881,23541,2,No,14,3,4,1,10,3,2,3,1,0,15,18-25,< 3K,2.33,0
511,21,No,Travel_Rarely,Research & Development,17,1,Life Sciences,3,Male,2,1,Research Scientist,4,Single,7799,21882,3,No,22,3,1,1,16,5,3,10,10,14,8,18-25,6K-10K,3.33,0
512,46,No,Travel_Frequently,Research & Development,10,1,Human Resources,2,Male,1,2,Healthcare Representative,3,Married,15597,17464,5,No,19,3,3,3,35,1,3,25,7,15,15,46-60,> 10K,2.67,0
513,51,No,Non-Travel,Human Resources,28,4,Human Resources,1,Male,1,2,Human Resources,1,Single,14675,21369,6,No,25,4,2,0,1,6,4,36,28,8,1,46-60,> 10K,2.0,0
514,34,Yes,Non-Travel,Research & Development,25,4,Life Sciences,3,Female,1,2,Research Director,4,Divorced,5586,14286,6,Yes,22,3,2,1,23,6,3,22,1,13,2,26-35,3K-6K,3.33,1
515,60,No,Travel_Frequently,Sales,18,2,Marketing,3,Female,4,2,Manager,3,Married,9430,3567,3,No,24,3,3,2,14,5,3,28,8,5,1,46-60,6K-10K,3.0,0
516,60,No,Travel_Rarely,Sales,19,3,Medical,3,Female,2,5,Manager,2,Married,3345,26787,7,No,20,3,2,3,27,1,2,20,14,1,16,46-60,3K-6K,2.33,0
517,33,No,Travel_Rarely,Research & Development,18,5,Marketing,3,Male,2,1,Research Scientist,2,Divorced,17459,25053,6,No,16,3,4,2,2,3,3,26,1,15,11,26-35,> 10K,2.67,0
518,19,No,Non-Travel,Research & Development,13,5,Technical Degree,1,Male,4,1,Research Director,4,Married,10548,6191,1,No,12,3,4,0,28,6,3,38,28,2,10,18-25,> 10K,2.67,0
519,51,No,Non-Travel,Human Resources,14,5,Technical Degree,3,Male,4,2,Manager,2,Married,6877,11718,7,No,14,3,3,1,12,5,3,39,32,15,5,46-60,6K-10K,2.67,0
520,25,No,Non-Travel,Sales,24,1,Marketing,4,Female,1,3,Sales Executive,4,Divorced,7785,25540,8,No,16,3,2,0,21,0,3,12,9,4,9,18-25,6K-10K,3.67,0
521,30,No,Travel_Rarely,Research & Development,16,1,Other,1,Male,3,2,Laboratory Technician,1,Married,16833,24901,4,Yes,14,3,4,2,30,2,2,22,1,10,13,26-35,> 10K,1.33,0
522,59,No,Non-Travel,Research & Development,18,2,Technical Degree,3,Male,3,4,Manager,1,Divorced,5922,7135,3,No,25,4,3,0,6,5,3,15,11,11,0,46-60,3K-6K,2.33,0
523,25,No,Travel_Rarely,Human Resources,26,1,Medical,1,Female,2,3,Manager,3,Married,19714,8751,3,No,20,3,4,0,25,4,4,29,22,5,14,18-25,> 10K,2.67,0
524,47,No,Travel_Rarely,Research & Development,18,4,Other,4,Male,3,4,Healthcare Representative,4,Divorced,5686,10209,3,No,17,3,3,3,30,6,1,3,3,8,5,46-60,3K-6K,3.0,0
525,49,No,Non-Travel,Research & Development,16,3,Medical,4,Female,1,3,Manufacturing Director,3,Single,15407,13672,5,No,22,3,1,3,37,6,4,39,36,1,12,46-60,> 10K,3.67,0
526,53,No,Non-Travel,Research & Development,17,3,Human Resources,1,Male,4,4,Healthcare Representative,3,Single,19286,9174,3,No,23,3,1,0,37,3,1,15,5,15,13,46-60,> 10K,1.67,0
527,47,Yes,Travel_Rarely,Research & Development,7,3,Technical Degree,3,Male,2,2,Healthcare Representative,1,Married,13205,20103,6,Yes,13,3,3,3,3,3,4,30,27,4,12,46-60,> 10K,2.67,1
528,18,No,Non-Travel,Sales,12,3,Other,3,Male,2,2,Manager,3,Single,14179,10061,6,No,16,3,1,0,34,4,1,24,0,6,15,18-25,> 10K,2.33,0
529,60,No,Non-Travel,Sales,2,5,Marketing,4,Female,4,3,Manager,2,Single,19443,22398,4,Yes,23,3,1,2,32,6,1,11,5,10,0,46-60,> 10K,2.33,0
530,56,No,Travel_Rarely,Research & Development,10,5,Other,3,Female,3,4,Laboratory Technician,3,Single,17524,15265,4,No,25,3,2,3,2,1,1,25,11,11,13,46-60,> 10K,2.33,0
531,34,No,Travel_Rarely,Research & Development,5,4,Human Resources,4,Male,2,5,Research Director,4,Married,19173,2878,9,Yes,22,3,1,0,18,2,1,36,18,15,12,26-35,> 10K,3.0,0
532,37,No,Travel_Rarely,Human Resources,21,2,Medical,3,Male,4,3,Human Resources,2,Divorced,1016,10785,7,No,14,3,2,3,8,1,2,32,31,10,9,36-45,< 3K,2.33,0
533,41,No,Non-Travel,Human Resources,3,1,Human Resources,4,Male,4,3,Manager,1,Married,14374,14930,6,No,13,4,1,0,18,4,4,27,26,6,9,36-45,> 10K,3.0,0
534,39,No,Travel_Rarely,Research & Development,19,1,Life Sciences,2,Female,3,1,Manager,4,Divorced,17848,8272,6,No,22,3,1,3,18,4,1,8,0,3,3,36-45,> 10K,2.33,0
535,46,No,Travel_Rarely,Research & Development,13,5,Technical Degree,3,Female,3,3,Laboratory Technician,2,Married,19211,14742,5,No,13,3,4,1,25,2,4,11,10,2,13,46-60,> 10K,3.0,0
536,39,No,Travel_Rarely,Human Resources,12,3,Marketing,3,Female,1,5,Manager,4,Single,6956,19993,6,No,24,3,3,0,12,4,3,4,3,12,11,36-45,6K-10K,3.33,0
537,26,No,Non-Travel,Research & Development,3,4,Medical,3,Male,3,2,Manufacturing Director,2,Single,17473,8714,6,No,12,3,1,1,21,4,1,27,0,7,5,26-35,> 10K,2.0,0
538,54,No,Travel_Rarely,Sales,6,2,Human Resources,1,Male,3,4,Sales Executive,4,Married,5815,7109,9,No,21,4,3,0,7,6,4,34,31,12,14,46-60,3K-6K,3.0,0
539,27,No,Travel_Rarely,Research & Development,14,5,Marketing,3,Male,4,1,Research Scientist,4,Married,3843,20832,1,No,13,3,3,1,23,5,2,4,4,1,4,26-35,3K-6K,3.0,0
540,53,No,Travel_Frequently,Sales,4,4,Technical Degree,1,Female,2,4,Sales Executive,2,Single,16972,14749,9,No,23,3,4,0,25,6,4,33,16,4,9,46-60,> 10K,2.33,0
541,54,No,Travel_Frequently,Human Resources,13,4,Marketing,1,Female,4,2,Manager,1,Married,18353,17888,1,No,22,4,3,3,40,2,1,33,7,11,8,46-60,> 10K,1.0,0
542,45,No,Travel_Rarely,Research & Development,19,5,Technical Degree,4,Male,1,3,Laboratory Technician,1,Married,2094,4136,9,No,24,3,3,1,40,3,3,12,8,9,9,36-45,< 3K,2.67,0
543,45,No,Travel_Rarely,Sales,18,4,Technical Degree,1,Male,4,5,Manager,4,Married,7124,18020,6,No,20,3,1,3,2,1,4,38,33,14,11,36-45,6K-10K,3.0,0
544,59,No,Travel_Rarely,Research & Development,29,3,Technical Degree,1,Male,1,1,Research Scientist,4,Divorced,2404,8966,9,No,11,4,4,0,6,3,3,13,8,4,3,46-60,< 3K,2.67,0
545,60,No,Travel_Rarely,Research & Development,3,4,Human Resources,2,Male,3,5,Manufacturing Director,1,Married,4982,4053,6,No,25,3,3,3,1,3,2,10,7,0,3,46-60,3K-6K,1.67,0
546,38,No,Travel_Rarely,Research & Development,20,2,Technical Degree,3,Female,2,5,Manager,1,Married,13515,9763,6,Yes,13,3,1,0,32,5,4,37,22,15,12,36-45,> 10K,2.67,0
547,41,No,Travel_Rarely,Sales,6,4,Marketing,1,Male,2,5,Sales Representative,3,Divorced,16790,15232,4,No,19,3,4,3,11,1,4,3,2,6,13,36-45,> 10K,2.67,0
548,59,No,Non-Travel,Research & Development,16,1,Life Sciences,3,Female,4,5,Research Scientist,1,Single,13205,2083,0,No,14,3,1,1,11,3,2,32,6,3,11,46-60,> 10K,2.0,0
549,57,No,Travel_Rarely,Research & Development,20,4,Marketing,1,Female,2,2,Research Scientist,4,Married,13748,18025,1,No,25,3,4,0,9,2,2,6,6,14,12,46-60,> 10K,2.33,0
550,19,No,Travel_Rarely,Research & Development,24,5,Human Resources,4,Female,1,5,Research Scientist,2,Divorced,4092,17431,8,No,13,3,4,3,40,1,2,40,19,15,12,18-25,3K-6K,2.67,0
551,25,Yes,Travel_Frequently,Research & Development,3,1,Technical Degree,2,Female,1,5,Laboratory Technician,1,Married,14971,21052,7,Yes,18,3,2,0,26,0,1,7,1,14,1,18-25,> 10K,1.33,1
552,44,No,Travel_Rarely,Research & Development,12,5,Life Sciences,1,Female,3,2,Manager,3,Divorced,15616,7231,7,Yes,11,3,2,0,17,5,1,36,24,9,8,36-45,> 10K,1.67,0
553,39,No,Travel_Rarely,Research & Development,19,2,Human Resources,3,Female,4,4,Laboratory Technician,3,Married,5933,12411,9,No,15,3,2,0,3,3,4,9,2,11,9,36-45,3K-6K,3.33,0
554,54,No,Travel_Rarely,Research & Development,19,3,Medical,4,Male,3,2,Laboratory Technician,3,Married,5926,10890,0,No,11,3,3,2,39,4,4,14,11,1,16,46-60,3K-6K,3.67,0
555,44,No,Travel_Rarely,Research & Development,24,2,Medical,3,Female,2,3,Research Director,2,Single,4969,20204,5,No,17,4,1,0,22,1,4,37,23,7,9,36-45,3K-6K,3.0,0
556,46,No,Travel_Rarely,Research & Development,4,1,Medical,4,Female,3,2,Manufacturing Director,1,Divorced,3965,14817,8,No,15,3,4,3,20,0,3,14,1,15,12,46-60,3K-6K,2.67,0
557,20,No,Travel_Rarely,Sales,1,3,Life Sciences,2,Male,2,4,Manager,1,Divorced,5319,22798,7,No,25,3,1,2,35,4,2,4,2,3,0,18-25,3K-6K,1.67,0
558,30,No,Travel_Rarely,Sales,2,4,Marketing,4,Female,1,3,Sales Representative,1,Divorced,9975,25633,2,No,12,3,3,3,29,0,4,28,15,0,1,26-35,6K-10K,3.0,0
559,27,No,Travel_Rarely,Research & Development,13,1,Life Sciences,3,Female,4,3,Manager,2,Married,8108,11290,3,No,22,3,2,2,20,3,2,18,7,7,16,26-35,6K-10K,2.33,0
560,53,No,Non-Travel,Research & Development,26,3,Life Sciences,3,Female,4,1,Research Director,2,Single,10141,8572,2,No,24,3,2,0,22,4,1,9,6,14,12,46-60,> 10K,2.0,0
561,26,No,Non-Travel,Research & Development,29,5,Life Sciences,1,Male,3,5,Research Director,4,Single,17428,26011,5,No,11,3,1,1,20,3,2,11,10,12,16,26-35,> 10K,2.33,0
562,44,Yes,Travel_Rarely,Sales,13,3,Medical,4,Female,2,3,Manager,3,Divorced,2810,4894,8,Yes,21,3,1,1,7,4,3,3,2,10,12,36-45,< 3K,3.33,1
563,51,No,Non-Travel,Sales,2,5,Other,3,Male,1,3,Sales Representative,3,Married,11273,5417,7,No,25,3,4,0,38,1,3,30,16,6,16,46-60,> 10K,3.0,0
564,18,No,Non-Travel,Sales,19,5,Marketing,1,Female,2,4,Manager,1,Single,10021,18632,9,No,17,3,1,2,12,6,2,17,13,2,13,18-25,> 10K,1.33,0
565,49,No,Travel_Rarely,Research & Development,22,3,Other,2,Male,3,3,Laboratory Technician,2,Married,19293,9810,3,No,22,3,4,3,39,2,3,15,5,2,9,46-60,> 10K,2.33,0
566,42,No,Travel_Rarely,Research & Development,24,2,Other,3,Male,2,4,Research Scientist,2,Married,7364,14674,1,No,11,4,4,1,21,6,3,39,7,6,1,36-45,6K-10K,2.67,0
567,46,No,Travel_Rarely,Research & Development,16,2,Life Sciences,1,Male,1,5,Laboratory Technician,1,Married,3581,12149,7,No,13,3,2,0,6,2,1,35,26,1,13,46-60,3K-6K,1.0,0
568,24,No,Travel_Rarely,Research & Development,12,5,Marketing,3,Male,3,1,Research Scientist,1,Married,1691,20274,7,Yes,21,4,1,0,23,6,4,24,7,4,16,18-25,< 3K,2.67,0
569,20,No,Travel_Rarely,Human Resources,1,1,Other,4,Male,1,1,Human Resources,4,Married,1931,9880,5,No,25,4,2,2,4,0,3,22,1,6,4,18-25,< 3K,3.67,0
570,37,No,Travel_Rarely,Research & Development,9,3,Technical Degree,1,Male,3,5,Healthcare Representative,3,Divorced,14128,14650,7,Yes,16,4,4,1,25,5,4,11,11,5,17,36-45,> 10K,2.67,0
571,37,No,Travel_Rarely,Research & Development,17,1,Life Sciences,4,Female,4,5,Manager,3,Single,15226,4115,8,No,25,4,2,0,9,4,2,33,16,9,2,36-45,> 10K,3.0,0
572,47,No,Travel_Rarely,Research & Development,10,2,Life Sciences,2,Female,2,2,Manufacturing Director,3,Married,14861,8581,0,No,16,3,2,1,10,3,2,35,32,6,15,46-60,> 10K,2.33,0
573,52,No,Travel_Rarely,Research & Development,18,1,Life Sciences,4,Male,1,3,Laboratory Technician,4,Married,16475,21447,8,No,25,3,4,3,39,5,3,36,15,15,17,46-60,> 10K,3.67,0
574,52,No,Travel_Rarely,Research & Development,19,4,Technical Degree,1,Male,1,3,Research Scientist,1,Divorced,4406,7651,1,Yes,17,3,3,0,37,1,2,2,0,14,4,46-60,3K-6K,1.33,0
575,56,Yes,Travel_Rarely,Research & Development,7,4,Technical Degree,3,Male,2,3,Laboratory Technician,1,Married,9339,3806,0,Yes,21,3,3,0,10,1,1,8,8,1,7,46-60,6K-10K,1.67,1
576,44,No,Travel_Rarely,Human Resources,25,2,Medical,1,Female,1,4,Manager,3,Married,18416,9300,7,Yes,24,4,1,3,29,1,3,17,0,6,5,36-45,> 10K,2.33,0
577,43,No,Travel_Rarely,Sales,19,1,Human Resources,4,Male,1,2,Sales Representative,3,Married,18695,26871,7,Yes,21,3,2,0,3,2,3,34,28,1,14,36-45,> 10K,3.33,0
578,31,No,Travel_Rarely,Human Resources,24,3,Marketing,4,Male,1,3,Manager,4,Married,9579,21078,3,No,11,3,1,2,1,3,3,33,12,6,2,26-35,6K-10K,3.67,0
579,34,No,Travel_Rarely,Research & Development,15,2,Human Resources,3,Male,4,4,Research Director,2,Divorced,4121,12183,7,No,17,3,2,3,12,1,2,40,20,13,8,26-35,3K-6K,2.33,0
580,35,No,Non-Travel,Sales,9,4,Life Sciences,2,Male,1,4,Manager,2,Divorced,19257,18223,6,No,12,3,1,2,38,1,2,13,9,14,10,26-35,> 10K,2.0,0
581,46,No,Travel_Rarely,Research & Development,10,2,Other,1,Male,4,1,Manager,3,Married,16946,16368,1,Yes,16,3,1,3,16,6,3,3,0,15,13,46-60,> 10K,2.33,0
582,37,No,Travel_Rarely,Human Resources,23,1,Life Sciences,3,Male,2,4,Human Resources,4,Married,4748,7493,4,No,23,3,4,3,22,0,4,28,4,7,8,36-45,3K-6K,3.67,0
583,44,No,Travel_Rarely,Research & Development,20,1,Other,3,Female,4,5,Research Director,3,Single,1277,26607,9,No,18,3,3,2,9,4,2,40,9,9,9,36-45,< 3K,2.67,0
584,35,No,Travel_Frequently,Research & Development,20,1,Medical,3,Female,1,4,Healthcare Representative,2,Married,19243,6650,3,Yes,23,3,3,3,12,4,2,14,5,7,14,26-35,> 10K,2.33,0
585,21,No,Travel_Rarely,Research & Development,4,5,Human Resources,1,Male,1,5,Laboratory Technician,3,Married,12563,26510,2,No,15,3,3,1,38,4,3,27,23,15,17,18-25,> 10K,2.33,0
586,18,No,Travel_Rarely,Sales,6,1,Life Sciences,1,Female,1,5,Sales Representative,2,Married,7792,14067,0,Yes,20,3,4,2,28,5,4,15,2,4,6,18-25,6K-10K,2.33,0
587,18,Yes,Travel_Rarely,Sales,4,4,Human Resources,1,Male,4,1,Manager,2,Single,14918,18225,4,Yes,13,3,3,3,15,6,3,11,8,6,4,18-25,> 10K,2.0,1
588,43,Yes,Travel_Rarely,Sales,5,4,Medical,2,Female,3,1,Manager,2,Divorced,11374,14592,9,No,21,4,4,2,2,6,2,4,4,10,17,36-45,> 10K,2.0,1
589,37,Yes,Travel_Frequently,Sales,9,5,Human Resources,3,Male,3,4,Sales Executive,1,Married,5675,2792,7,No,18,3,2,3,35,0,3,33,0,7,0,36-45,3K-6K,2.33,1
590,40,No,Travel_Rarely,Sales,12,4,Other,4,Female,2,1,Sales Executive,1,Married,2170,22575,8,No,18,3,4,3,3,2,3,0,0,3,11,36-45,< 3K,2.67,0
591,27,No,Non-Travel,Sales,23,4,Marketing,4,Female,2,1,Manager,3,Single,9681,3089,6,No,14,3,1,1,35,5,3,38,19,1,5,26-35,6K-10K,3.33,0
592,28,No,Non-Travel,Research & Development,8,2,Medical,3,Male,2,3,Laboratory Technician,2,Married,11717,26805,0,No,18,3,1,1,15,0,4,31,24,6,12,26-35,> 10K,3.0,0
593,58,No,Travel_Rarely,Sales,21,1,Human Resources,4,Female,1,4,Sales Executive,1,Divorced,13450,21164,0,No,15,3,2,1,40,1,3,25,14,12,16,46-60,> 10K,2.67,0
594,58,No,Travel_Rarely,Research & Development,5,2,Life Sciences,2,Male,3,4,Research Director,3,Married,11680,22881,0,No,23,3,2,3,5,3,2,16,13,0,8,46-60,> 10K,2.33,0
595,22,No,Travel_Frequently,Research & Development,29,2,Technical Degree,2,Female,3,4,Manager,3,Married,11068,2789,1,No,21,4,1,1,27,5,3,26,7,11,0,18-25,> 10K,2.67,0
596,18,No,Travel_Rarely,Research & Development,11,4,Technical Degree,1,Male,2,1,Research Director,3,Single,3462,6194,0,Yes,15,3,3,2,35,5,4,23,9,1,11,18-25,3K-6K,2.67,0
597,34,No,Travel_Rarely,Research & Development,23,3,Medical,1,Male,3,1,Manager,3,Married,14650,14558,3,Yes,13,3,3,3,22,1,1,34,8,9,0,26-35,> 10K,1.67,0
598,39,No,Travel_Rarely,Sales,11,1,Technical Degree,1,Male,2,5,Sales Representative,3,Divorced,1287,22841,9,No,25,4,3,2,11,1,4,38,2,6,3,36-45,< 3K,2.67,0
599,51,No,Travel_Frequently,Sales,13,3,Marketing,1,Male,1,2,Sales Representative,4,Married,19291,15475,8,No,17,3,2,1,30,3,3,25,10,11,6,46-60,> 10K,2.67,0
600,58,Yes,Travel_Rarely,Sales,14,4,Medical,1,Male,3,2,Manager,2,Divorced,2161,8671,3,Yes,21,3,1,3,11,4,1,37,11,11,4,46-60,< 3K,1.33,1
601,46,No,Travel_Rarely,Sales,28,5,Life Sciences,4,Male,1,2,Manager,3,Divorced,17513,23019,3,No,24,3,4,2,31,5,3,22,9,9,4,46-60,> 10K,3.33,0
602,21,Yes,Non-Travel,Sales,8,2,Life Sciences,4,Female,1,3,Manager,4,Divorced,3363,7961,6,Yes,21,4,2,0,24,0,4,21,16,12,6,18-25,3K-6K,4.0,1
603,22,No,Travel_Rarely,Sales,25,4,Medical,1,Male,3,1,Sales Representative,2,Divorced,6983,25122,8,No,19,4,1,2,28,2,1,3,0,0,16,18-25,6K-10K,1.33,0
604,28,No,Travel_Rarely,Sales,18,4,Technical Degree,2,Male,4,5,Sales Representative,1,Single,17527,14048,6,Yes,19,4,3,3,18,1,1,8,8,6,11,26-35,> 10K,1.33,0
605,38,No,Travel_Rarely,Sales,19,3,Technical Degree,4,Female,2,5,Manager,3,Divorced,9207,7155,0,No,11,3,3,0,21,1,3,3,2,15,14,36-45,6K-10K,3.33,0
606,52,No,Travel_Rarely,Research & Development,12,5,Life Sciences,2,Male,3,2,Research Scientist,4,Single,15758,2313,0,No,11,3,3,1,23,2,3,6,5,15,2,46-60,> 10K,3.0,0
607,29,No,Travel_Rarely,Sales,12,2,Marketing,2,Male,1,3,Sales Representative,1,Single,1244,25017,3,Yes,20,3,1,1,32,0,4,22,21,4,16,26-35,< 3K,2.33,0
608,43,Yes,Travel_Rarely,Research & Development,18,5,Other,3,Male,2,3,Manufacturing Director,4,Single,18310,2232,3,No,22,3,3,2,35,1,3,1,1,15,13,36-45,> 10K,3.33,1
609,36,Yes,Travel_Rarely,Research & Development,10,5,Technical Degree,3,Male,1,2,Research Director,2,Married,4178,24119,0,No,22,4,1,1,39,2,1,23,6,15,14,36-45,3K-6K,2.0,1
610,24,No,Travel_Frequently,Research & Development,7,5,Marketing,1,Male,2,2,Research Director,2,Married,3176,11221,5,Yes,21,4,2,2,15,6,2,39,25,13,14,18-25,3K-6K,1.67,0
611,24,No,Travel_Rarely,Sales,28,1,Technical Degree,2,Female,3,1,Sales Representative,1,Married,6002,13798,9,Yes,25,3,4,2,1,1,2,30,13,10,14,18-25,6K-10K,1.67,0
612,43,No,Travel_Rarely,Research & Development,18,5,Other,4,Male,1,3,Laboratory Technician,4,Single,1886,26233,1,No,15,3,3,2,7,4,4,30,6,2,10,36-45,< 3K,4.0,0
613,57,No,Travel_Rarely,Research & Development,12,4,Medical,3,Male,2,5,Research Director,3,Married,14721,4711,4,No,11,3,2,2,12,4,3,39,39,10,17,46-60,> 10K,3.0,0
614,22,No,Travel_Frequently,Sales,14,1,Human Resources,3,Male,2,2,Sales Executive,3,Married,13142,14531,7,No,14,3,2,3,29,1,4,33,0,1,9,18-25,> 10K,3.33,0
615,38,Yes,Travel_Rarely,Research & Development,15,1,Life Sciences,2,Male,3,1,Manufacturing Director,1,Married,3654,12480,2,Yes,22,3,1,3,0,6,2,23,23,14,8,36-45,3K-6K,1.67,1
616,31,No,Travel_Rarely,Human Resources,16,5,Medical,3,Male,2,5,Human Resources,1,Single,12984,9940,8,No,11,3,2,0,11,1,2,25,21,6,2,26-35,> 10K,2.0,0
617,21,No,Travel_Rarely,Sales,2,4,Technical Degree,3,Male,2,3,Sales Representative,1,Single,18755,14191,6,Yes,25,3,1,0,6,4,3,15,3,8,0,18-25,> 10K,2.33,0
618,40,No,Travel_Rarely,Sales,18,2,Other,4,Male,1,2,Manager,4,Single,8135,21728,8,No,12,3,1,1,13,6,1,12,12,8,10,36-45,6K-10K,3.0,0
619,59,No,Travel_Rarely,Research & Development,12,5,Life Sciences,2,Male,3,2,Healthcare Representative,3,Single,1320,4122,0,No,12,3,2,3,34,1,3,14,13,14,15,46-60,< 3K,2.67,0
620,37,No,Travel_Frequently,Research & Development,16,1,Human Resources,3,Female,3,1,Manufacturing Director,3,Married,5654,5779,4,No,14,4,1,0,27,6,2,26,11,13,2,36-45,3K-6K,2.67,0
621,32,No,Travel_Rarely,Sales,13,2,Human Resources,2,Male,1,1,Sales Executive,3,Married,17131,7654,2,No,18,3,1,3,11,0,1,3,3,9,8,26-35,> 10K,2.0,0
622,46,Yes,Travel_Rarely,Sales,20,2,Other,3,Male,4,3,Sales Representative,1,Married,11770,14374,3,No,12,4,1,3,39,0,4,15,2,9,10,46-60,> 10K,2.67,1
623,39,No,Travel_Rarely,Research & Development,17,1,Other,4,Female,1,2,Healthcare Representative,3,Married,7553,13169,3,No,24,3,2,1,23,3,2,29,12,15,16,36-45,6K-10K,3.0,0
624,58,No,Non-Travel,Research & Development,18,2,Technical Degree,2,Male,1,1,Research Director,2,Married,12559,3172,6,No,19,3,4,1,0,0,4,29,19,7,0,46-60,> 10K,2.67,0
625,36,No,Travel_Rarely,Research & Development,3,4,Life Sciences,3,Female,4,2,Research Director,1,Divorced,10009,9317,9,No,25,3,1,2,16,5,1,35,30,1,8,36-45,> 10K,1.67,0
626,56,No,Travel_Rarely,Research & Development,23,4,Technical Degree,4,Female,2,3,Research Scientist,3,Single,14482,26128,7,No,22,3,3,3,37,6,4,2,1,0,2,46-60,> 10K,3.67,0
627,45,No,Travel_Rarely,Research & Development,10,5,Human Resources,3,Male,3,2,Healthcare Representative,4,Divorced,8498,2159,9,No,19,3,2,2,27,5,2,21,10,7,9,36-45,6K-10K,3.0,0
628,44,No,Travel_Frequently,Research & Development,1,5,Medical,2,Male,3,5,Manager,1,Married,7636,26347,4,No,12,3,2,2,32,5,3,21,3,1,4,36-45,6K-10K,2.0,0
629,21,No,Travel_Rarely,Sales,6,2,Medical,3,Female,4,2,Manager,2,Single,8362,4129,9,No,11,3,1,2,23,1,4,11,3,3,10,18-25,6K-10K,3.0,0
630,32,No,Travel_Rarely,Sales,3,1,Marketing,2,Female,3,4,Manager,2,Divorced,17395,21462,6,No,20,3,2,3,5,1,2,20,15,15,4,26-35,> 10K,2.0,0
631,52,No,Travel_Rarely,Research & Development,19,4,Human Resources,2,Female,4,4,Research Director,4,Married,17578,20613,2,No,25,3,3,3,20,2,2,3,2,11,11,46-60,> 10K,2.67,0
632,54,No,Travel_Rarely,Research & Development,4,3,Human Resources,3,Male,2,3,Manager,4,Married,3537,4917,2,No,20,3,4,2,3,6,1,30,21,3,13,46-60,3K-6K,2.67,0
633,18,No,Travel_Rarely,Research & Development,29,5,Technical Degree,4,Male,4,3,Manufacturing Director,1,Married,16216,21397,2,No,19,3,2,3,32,5,2,30,28,1,11,18-25,> 10K,2.33,0
634,39,Yes,Travel_Rarely,Research & Development,20,4,Marketing,1,Female,3,3,Research Scientist,1,Married,19613,14765,3,No,25,3,2,2,9,5,3,22,10,3,8,36-45,> 10K,1.67,1
635,41,No,Travel_Frequently,Sales,23,2,Other,4,Male,3,5,Sales Executive,2,Single,4009,8326,5,No,12,3,2,0,35,0,3,19,0,6,6,36-45,3K-6K,3.0,0
636,44,No,Travel_Rarely,Research & Development,3,4,Marketing,4,Female,4,5,Laboratory Technician,4,Single,15209,3579,4,No,18,3,1,3,12,4,4,14,9,5,15,36-45,> 10K,4.0,0
637,57,No,Travel_Rarely,Research & Development,8,4,Life Sciences,3,Male,3,2,Laboratory Technician,1,Divorced,16675,16509,7,No,24,4,3,1,35,6,4,22,6,9,6,46-60,> 10K,2.67,0
638,53,No,Travel_Rarely,Sales,8,2,Technical Degree,4,Female,4,1,Sales Executive,2,Divorced,16029,16349,4,No,13,3,4,1,8,4,4,27,11,5,13,46-60,> 10K,3.33,0
639,51,No,Non-Travel,Sales,27,5,Other,4,Male,3,4,Sales Executive,4,Single,3077,3960,4,No,11,4,3,2,30,6,4,15,6,3,7,46-60,3K-6K,4.0,0
640,46,No,Travel_Rarely,Research & Development,29,5,Other,1,Male,1,4,Healthcare Representative,2,Divorced,14907,9902,9,No,21,3,3,0,3,6,3,36,25,1,17,46-60,> 10K,2.0,0
641,41,No,Travel_Rarely,Sales,7,3,Medical,4,Female,2,4,Sales Executive,3,Married,4867,25041,1,No,11,3,2,3,19,3,1,20,7,4,2,36-45,3K-6K,2.67,0
642,41,Yes,Travel_Rarely,Research & Development,2,3,Life Sciences,1,Male,3,2,Manufacturing Director,4,Single,17152,16033,4,Yes,20,3,4,2,7,2,4,14,8,10,1,36-45,> 10K,3.0,1
643,59,No,Travel_Rarely,Sales,21,5,Marketing,3,Male,3,2,Manager,1,Married,5873,5844,6,Yes,12,3,3,0,26,4,1,16,8,12,4,46-60,3K-6K,1.67,0
644,21,Yes,Travel_Rarely,Research & Development,6,5,Medical,1,Male,3,3,Laboratory Technician,1,Married,9635,6697,1,Yes,17,3,4,0,35,3,2,36,33,2,7,18-25,6K-10K,1.33,1
645,20,No,Travel_Rarely,Sales,28,5,Human Resources,2,Female,4,1,Sales Representative,3,Married,1297,4390,5,No,22,3,1,3,8,0,2,12,12,2,8,18-25,< 3K,2.33,0
646,51,No,Travel_Rarely,Research & Development,16,5,Technical Degree,2,Female,3,3,Healthcare Representative,4,Divorced,14095,3419,6,No,16,3,2,1,23,2,4,18,12,3,1,46-60,> 10K,3.33,0
647,40,No,Travel_Rarely,Research & Development,10,4,Marketing,1,Male,4,2,Research Scientist,2,Single,10036,5917,4,Yes,22,3,1,1,36,2,2,29,22,10,14,36-45,> 10K,1.67,0
648,40,No,Travel_Rarely,Research & Development,4,3,Human Resources,2,Male,3,5,Laboratory Technician,1,Married,2015,16206,8,No,21,3,4,0,40,5,1,17,3,10,7,36-45,< 3K,1.33,0
649,22,No,Travel_Rarely,Research & Development,13,2,Other,3,Male,1,3,Research Director,3,Married,2384,14620,3,No,12,3,2,1,39,6,1,13,8,4,9,18-25,< 3K,2.33,0
650,48,No,Travel_Rarely,Research & Development,10,1,Marketing,2,Female,1,2,Manager,3,Divorced,9745,13822,9,No,14,3,1,0,29,6,2,35,23,10,6,46-60,6K-10K,2.33,0
651,58,No,Non-Travel,Sales,21,2,Medical,1,Male,2,2,Manager,4,Single,19734,6942,0,No,12,4,2,0,25,1,4,35,16,1,0,46-60,> 10K,3.0,0
652,23,No,Travel_Rarely,Research & Development,14,1,Life Sciences,3,Male,4,5,Healthcare Representative,4,Married,18653,10354,7,No,11,3,1,0,3,6,1,19,1,5,1,18-25,> 10K,2.67,0
653,54,Yes,Travel_Rarely,Research & Development,9,4,Medical,2,Male,2,5,Healthcare Representative,1,Divorced,2260,26691,7,Yes,22,4,3,1,0,6,1,18,12,14,2,46-60,< 3K,1.33,1
654,27,No,Travel_Rarely,Research & Development,11,3,Technical Degree,3,Male,3,5,Laboratory Technician,3,Single,8701,25954,6,No,13,3,2,2,19,6,3,6,6,5,13,26-35,6K-10K,3.0,0
655,57,No,Non-Travel,Research & Development,23,1,Technical Degree,1,Female,3,1,Research Scientist,2,Married,11401,7198,7,Yes,25,3,4,1,27,5,4,3,0,7,14,46-60,> 10K,2.33,0
656,24,No,Travel_Rarely,Sales,18,5,Marketing,2,Male,1,2,Sales Executive,3,Divorced,16519,24386,1,No,14,3,2,2,23,0,3,33,27,1,13,18-25,> 10K,2.67,0
657,56,No,Travel_Rarely,Sales,11,4,Medical,3,Male,2,5,Sales Executive,2,Single,12864,13271,2,No,20,3,4,1,27,6,2,1,1,7,7,46-60,> 10K,2.33,0
658,55,No,Non-Travel,Research & Development,17,1,Life Sciences,3,Male,3,1,Manufacturing Director,2,Divorced,16681,23526,8,Yes,15,3,1,3,27,5,2,4,2,14,17,46-60,> 10K,2.33,0
659,38,No,Non-Travel,Research & Development,2,5,Other,2,Female,3,4,Manufacturing Director,1,Single,6543,22236,0,Yes,15,3,1,3,4,2,3,9,7,7,16,36-45,6K-10K,2.0,0
660,37,No,Travel_Rarely,Research & Development,3,4,Technical Degree,3,Male,4,4,Manager,3,Single,19265,13030,7,No,25,4,4,1,31,5,4,31,14,3,6,36-45,> 10K,3.33,0
661,20,No,Travel_Rarely,Research & Development,11,1,Life Sciences,3,Male,3,4,Laboratory Technician,2,Single,13488,18926,7,No,17,3,1,3,29,6,1,40,32,6,0,18-25,> 10K,2.0,0
662,39,No,Non-Travel,Human Resources,18,5,Human Resources,1,Male,2,2,Manager,4,Single,11079,26989,6,No,24,3,2,3,20,3,2,12,3,14,8,36-45,> 10K,2.33,0
663,21,No,Non-Travel,Research & Development,27,3,Marketing,1,Female,1,1,Laboratory Technician,2,Single,11744,22362,4,Yes,25,4,1,3,15,5,4,38,11,15,8,18-25,> 10K,2.33,0
664,45,No,Travel_Rarely,Sales,3,4,Life Sciences,1,Male,1,1,Sales Representative,4,Married,4809,19816,3,Yes,20,3,4,3,7,4,4,4,4,12,10,36-45,3K-6K,3.0,0
665,29,No,Travel_Rarely,Sales,26,1,Marketing,1,Male,3,4,Sales Executive,4,Single,8206,10860,9,No,18,3,4,2,11,0,2,9,8,6,5,26-35,6K-10K,2.33,0
666,55,Yes,Travel_Rarely,Sales,15,5,Human Resources,1,Male,3,3,Sales Representative,3,Divorced,14746,26189,9,Yes,19,3,3,0,31,0,2,9,6,14,6,46-60,> 10K,2.0,1
667,53,No,Travel_Frequently,Sales,11,3,Life Sciences,1,Male,3,4,Sales Representative,4,Married,16995,17762,9,No,22,3,4,2,24,2,4,37,7,0,14,46-60,> 10K,3.0,0
668,58,Yes,Non-Travel,Sales,11,5,Life Sciences,2,Female,4,2,Sales Executive,2,Married,17035,2968,9,Yes,17,3,1,0,2,5,1,26,15,13,5,46-60,> 10K,1.67,1
669,22,No,Travel_Rarely,Sales,28,3,Other,1,Male,3,4,Sales Representative,4,Married,12671,7800,5,No,15,4,4,0,25,2,3,20,13,12,8,18-25,> 10K,2.67,0
670,30,Yes,Travel_Rarely,Sales,28,1,Human Resources,3,Female,3,4,Sales Executive,3,Married,14210,26229,0,Yes,19,3,1,1,35,2,2,7,2,13,14,26-35,> 10K,2.67,1
671,40,Yes,Travel_Rarely,Sales,25,5,Medical,2,Male,4,1,Sales Executive,1,Married,18793,23975,4,Yes,18,3,1,1,16,3,3,0,0,0,5,36-45,> 10K,2.0,1
672,47,No,Travel_Frequently,Research & Development,20,5,Life Sciences,3,Male,2,4,Manufacturing Director,2,Single,6197,23767,3,No,20,3,3,1,26,1,4,27,24,7,6,46-60,6K-10K,3.0,0
673,54,No,Travel_Frequently,Sales,28,2,Other,1,Male,4,5,Manager,2,Divorced,16553,9470,3,No,19,3,1,1,21,2,3,38,12,10,16,46-60,> 10K,2.0,0
674,42,No,Non-Travel,Research & Development,25,4,Life Sciences,1,Female,1,5,Healthcare Representative,3,Married,8452,6819,6,Yes,20,3,4,1,37,1,1,13,6,0,5,36-45,6K-10K,1.67,0
675,44,Yes,Travel_Frequently,Research & Development,11,5,Other,3,Male,4,3,Manager,3,Single,9718,26016,8,Yes,18,3,4,2,34,1,4,20,20,2,8,36-45,6K-10K,3.33,1
676,31,No,Travel_Frequently,Human Resources,19,3,Technical Degree,3,Female,4,2,Manager,3,Married,15859,5235,7,Yes,16,3,4,2,6,0,1,29,12,5,2,26-35,> 10K,2.33,0
677,53,No,Travel_Rarely,Sales,28,4,Medical,3,Male,2,2,Manager,3,Married,3172,23639,7,No,14,4,1,3,2,4,4,20,4,7,13,46-60,3K-6K,3.33,0
678,56,No,Travel_Frequently,Research & Development,1,1,Life Sciences,4,Male,2,1,Research Director,2,Single,14158,18635,4,No,19,3,4,2,5,4,1,8,5,14,5,46-60,> 10K,2.33,0
679,33,No,Non-Travel,Human Resources,27,4,Human Resources,4,Female,3,2,Manager,1,Divorced,17663,6300,5,Yes,22,3,2,2,12,5,4,16,4,4,3,26-35,> 10K,3.0,0
680,39,Yes,Travel_Rarely,Research & Development,5,2,Marketing,4,Female,4,3,Manufacturing Director,4,Married,12085,16167,1,No,19,3,2,1,14,3,1,4,4,4,15,36-45,> 10K,3.0,1
681,38,No,Travel_Rarely,Research & Development,10,1,Human Resources,4,Male,2,5,Research Director,4,Married,4981,17661,2,No,20,3,4,3,25,3,4,30,27,3,15,36-45,3K-6K,4.0,0
682,38,Yes,Non-Travel,Sales,10,5,Medical,2,Female,1,1,Sales Representative,1,Married,6247,25793,4,No,20,4,1,2,32,4,1,39,24,13,8,36-45,6K-10K,1.33,1
683,25,No,Travel_Rarely,Sales,14,1,Technical Degree,1,Male,3,5,Sales Representative,1,Divorced,11553,13071,1,No,19,3,4,2,14,5,4,37,34,3,3,18-25,> 10K,2.0,0
684,33,No,Travel_Rarely,Research & Development,2,1,Technical Degree,3,Male,4,3,Healthcare Representative,1,Single,7135,5998,2,No,24,3,2,3,38,6,1,18,14,15,7,26-35,6K-10K,1.67,0
685,48,Yes,Travel_Rarely,Human Resources,4,2,Technical Degree,1,Male,1,1,Manager,3,Married,6573,10982,3,Yes,20,3,1,0,40,4,2,35,6,6,7,46-60,6K-10K,2.0,1
686,59,No,Travel_Rarely,Research & Development,2,3,Other,3,Male,2,4,Research Director,2,Single,14731,7180,5,Yes,13,3,4,1,13,5,3,32,31,5,5,46-60,> 10K,2.67,0
687,27,No,Travel_Rarely,Research & Development,18,1,Human Resources,1,Male,3,2,Manager,2,Married,8189,14752,4,No,21,3,1,2,18,5,4,12,2,7,7,26-35,6K-10K,2.33,0
688,49,Yes,Non-Travel,Sales,13,3,Marketing,2,Male,1,3,Sales Executive,2,Single,15541,7421,9,No,22,3,4,2,27,5,1,13,13,14,5,46-60,> 10K,1.67,1
689,51,Yes,Travel_Rarely,Research & Development,19,4,Marketing,4,Female,4,1,Manager,3,Single,11878,19879,3,No,25,4,3,3,23,5,2,32,21,10,13,46-60,> 10K,3.0,1
690,26,No,Travel_Rarely,Sales,5,2,Other,1,Female,1,5,Manager,2,Divorced,12087,26362,1,No,13,3,1,2,40,0,4,28,7,13,13,26-35,> 10K,2.33,0
691,34,No,Travel_Rarely,Research & Development,20,5,Life Sciences,3,Male,3,1,Research Director,3,Married,14667,15918,4,No,21,3,2,1,32,0,4,35,16,5,17,26-35,> 10K,3.33,0
692,28,No,Travel_Rarely,Research & Development,2,1,Other,1,Male,4,4,Laboratory Technician,2,Married,3776,16316,4,No,16,3,2,2,11,4,4,9,3,10,12,26-35,3K-6K,2.33,0
693,49,No,Travel_Rarely,Research & Development,11,3,Marketing,2,Male,4,3,Manager,1,Married,10311,12899,6,Yes,16,3,2,0,9,5,3,30,26,9,14,46-60,> 10K,2.0,0
694,27,No,Travel_Rarely,Sales,26,1,Marketing,2,Male,1,1,Sales Representative,4,Married,8697,15199,0,No,25,3,2,1,6,2,1,5,0,6,2,26-35,6K-10K,2.33,0
695,39,No,Travel_Rarely,Sales,18,2,Life Sciences,1,Female,3,3,Sales Executive,4,Single,15629,26525,3,Yes,23,3,4,0,0,5,1,0,0,9,5,36-45,> 10K,2.0,0
696,34,No,Travel_Frequently,Research & Development,6,5,Human Resources,4,Male,4,3,Research Director,3,Single,9386,7378,4,Yes,25,3,4,3,14,2,4,6,5,13,16,26-35,6K-10K,3.67,0
697,21,No,Travel_Rarely,Sales,23,4,Human Resources,3,Female,3,5,Sales Executive,2,Divorced,18046,17901,7,No,23,4,1,1,0,0,4,26,16,9,15,18-25,> 10K,3.0,0
698,42,No,Travel_Rarely,Research & Development,28,4,Medical,2,Male,2,2,Manufacturing Director,4,Married,9044,4577,7,Yes,16,3,3,2,19,5,4,20,9,4,5,36-45,6K-10K,3.33,0
699,38,No,Travel_Rarely,Sales,10,3,Human Resources,2,Male,1,4,Sales Executive,1,Married,10615,23690,0,Yes,15,3,3,1,1,1,2,27,11,5,7,36-45,> 10K,1.67,0
700,54,Yes,Travel_Rarely,Research & Development,22,4,Technical Degree,1,Male,3,1,Manager,1,Divorced,16034,10133,4,No,24,3,1,1,2,4,4,15,15,0,12,46-60,> 10K,2.0,1
701,55,No,Travel_Rarely,Research & Development,23,3,Technical Degree,2,Female,2,2,Healthcare Representative,1,Married,6060,3235,9,No,15,3,2,1,35,5,3,22,13,2,12,46-60,6K-10K,2.0,0
702,18,No,Travel_Rarely,Sales,17,5,Medical,2,Female,2,5,Sales Executive,3,Single,11900,19442,0,No,12,3,3,0,15,3,1,19,15,11,16,18-25,> 10K,2.0,0
703,42,No,Travel_Rarely,Research & Development,22,1,Marketing,3,Female,3,2,Laboratory Technician,3,Single,6581,17641,0,Yes,24,3,3,3,28,2,3,37,7,7,2,36-45,6K-10K,3.0,0
704,53,No,Travel_Rarely,Sales,11,2,Medical,4,Male,3,3,Manager,2,Married,3014,5659,1,No,17,3,1,1,35,6,4,24,22,15,12,46-60,3K-6K,3.33,0
705,34,No,Travel_Rarely,Sales,19,5,Life Sciences,3,Male,1,3,Sales Representative,1,Divorced,13997,13847,1,Yes,22,3,2,2,38,6,2,27,27,2,6,26-35,> 10K,2.0,0
706,58,No,Travel_Rarely,Human Resources,17,5,Medical,4,Female,1,4,Manager,2,Single,11635,23752,8,No,14,3,4,1,2,5,4,4,1,13,4,46-60,> 10K,3.33,0
707,41,No,Travel_Rarely,Research & Development,24,4,Medical,3,Male,4,1,Laboratory Technician,2,Single,14648,18440,3,No,24,4,4,1,36,1,4,20,16,0,10,36-45,> 10K,3.0,0
708,19,No,Travel_Frequently,Research & Development,4,4,Other,1,Male,1,1,Manager,1,Divorced,8148,12084,2,No,13,3,3,3,11,2,4,17,17,2,17,18-25,6K-10K,2.0,0
709,57,No,Non-Travel,Sales,26,2,Technical Degree,2,Male,3,5,Sales Representative,2,Single,19748,9472,0,No,18,3,4,2,19,1,4,5,3,11,3,46-60,> 10K,2.67,0
710,32,No,Travel_Rarely,Research & Development,24,1,Life Sciences,4,Male,4,4,Healthcare Representative,4,Married,15022,20953,1,No,14,4,1,2,22,6,4,28,15,15,6,26-35,> 10K,4.0,0
711,49,No,Travel_Rarely,Research & Development,26,5,Other,1,Male,2,1,Manufacturing Director,3,Single,6919,22464,5,No,25,3,3,0,21,4,1,18,16,3,3,46-60,6K-10K,1.67,0
712,56,No,Travel_Rarely,Research & Development,14,4,Life Sciences,2,Female,2,3,Manufacturing Director,2,Married,16886,17596,8,No,21,3,3,2,31,6,3,32,15,7,9,46-60,> 10K,2.33,0
713,23,No,Travel_Rarely,Research & Development,27,5,Medical,2,Female,3,4,Healthcare Representative,1,Married,7638,24761,4,No,14,3,2,2,6,4,2,0,0,8,0,18-25,6K-10K,1.67,0
714,18,No,Non-Travel,Research & Development,20,1,Other,2,Female,4,2,Research Scientist,3,Single,5651,20332,3,No,18,3,4,2,21,4,4,2,2,3,16,18-25,3K-6K,3.0,0
715,40,No,Travel_Rarely,Research & Development,4,3,Other,3,Male,4,4,Manager,3,Married,1609,18606,4,No,11,3,2,1,1,0,2,20,7,12,4,36-45,< 3K,2.67,0
716,56,No,Travel_Rarely,Human Resources,28,1,Life Sciences,1,Male,1,4,Human Resources,2,Married,8940,11831,8,Yes,19,3,3,0,13,6,1,34,28,11,16,46-60,6K-10K,1.33,0
717,34,No,Travel_Rarely,Research & Development,14,5,Life Sciences,1,Female,2,1,Manager,4,Married,11348,7217,6,Yes,24,4,4,2,15,6,3,40,40,6,2,26-35,> 10K,2.67,0
718,51,No,Travel_Rarely,Human Resources,26,5,Human Resources,2,Female,2,5,Manager,2,Married,4866,15537,7,No,17,3,2,2,23,1,4,39,35,0,8,46-60,3K-6K,2.67,0
719,58,Yes,Travel_Rarely,Sales,4,2,Life Sciences,4,Male,1,5,Sales Executive,4,Married,17755,11949,3,No,25,3,4,2,6,5,1,2,1,8,2,46-60,> 10K,3.0,1
720,46,No,Travel_Rarely,Research & Development,6,5,Other,1,Female,2,1,Manufacturing Director,3,Married,17999,11027,7,No,22,3,3,1,3,3,1,24,11,10,2,46-60,> 10K,1.67,0
721,26,No,Travel_Rarely,Human Resources,9,4,Marketing,3,Female,1,1,Manager,2,Married,3253,4536,5,Yes,12,3,3,1,36,3,3,37,11,11,8,26-35,3K-6K,2.67,0
722,30,Yes,Non-Travel,Sales,21,2,Life Sciences,4,Male,2,1,Sales Representative,1,Married,5942,4525,4,Yes,21,4,3,0,40,4,4,19,16,3,4,26-35,3K-6K,3.0,1
723,23,No,Travel_Rarely,Sales,12,5,Technical Degree,4,Female,2,5,Sales Representative,2,Married,13330,11176,6,No,22,3,1,3,4,3,3,33,14,13,9,18-25,> 10K,3.0,0
724,23,No,Non-Travel,Research & Development,29,1,Human Resources,4,Male,2,1,Research Director,4,Married,1864,19741,5,No,16,3,2,0,1,2,3,20,8,13,14,18-25,< 3K,3.67,0
725,37,No,Travel_Rarely,Research & Development,26,5,Technical Degree,4,Male,1,2,Manufacturing Director,4,Single,2268,6887,2,Yes,18,3,2,1,4,1,2,22,6,8,11,36-45,< 3K,3.33,0
726,20,No,Travel_Rarely,Research & Development,8,1,Technical Degree,1,Male,2,2,Healthcare Representative,2,Single,8454,26106,4,No,21,3,3,2,2,1,2,5,1,13,5,18-25,6K-10K,1.67,0
727,34,No,Non-Travel,Sales,24,1,Marketing,2,Male,2,3,Sales Executive,4,Single,14666,24366,8,No,15,3,2,2,7,1,3,12,11,2,6,26-35,> 10K,3.0,0
728,29,No,Non-Travel,Research & Development,4,5,Human Resources,4,Female,4,2,Manufacturing Director,3,Divorced,13370,16847,6,No,16,3,3,0,25,2,2,22,6,14,6,26-35,> 10K,3.0,0
729,18,No,Non-Travel,Sales,27,1,Medical,3,Female,2,4,Sales Representative,2,Married,6229,13252,3,No,22,3,2,2,9,5,1,8,1,10,3,18-25,6K-10K,2.0,0
730,34,No,Travel_Rarely,Sales,26,3,Other,3,Female,3,3,Manager,4,Married,17309,6477,6,No,20,3,4,1,33,0,3,16,14,12,12,26-35,> 10K,3.33,0
731,20,No,Non-Travel,Sales,25,2,Other,2,Male,2,2,Sales Executive,2,Single,19621,19755,4,No,18,3,2,0,35,2,4,1,1,14,14,18-25,> 10K,2.67,0
732,43,No,Travel_Frequently,Research & Development,25,5,Life Sciences,1,Male,2,4,Research Scientist,2,Single,5054,21608,1,No,23,3,3,3,11,1,4,18,5,4,17,36-45,3K-6K,2.33,0
733,39,Yes,Travel_Rarely,Research & Development,5,3,Other,2,Male,4,2,Laboratory Technician,1,Divorced,1935,20258,5,Yes,16,3,2,1,19,1,1,18,11,0,17,36-45,< 3K,1.33,1
734,53,No,Travel_Rarely,Research & Development,6,1,Marketing,4,Male,4,4,Manufacturing Director,2,Divorced,13172,21745,6,No,22,4,4,1,28,6,4,6,2,10,6,46-60,> 10K,3.33,0
735,49,Yes,Non-Travel,Research & Development,5,1,Other,1,Male,1,1,Research Scientist,1,Single,11530,18095,7,Yes,19,3,4,2,13,1,4,19,19,2,9,46-60,> 10K,2.0,1
736,49,No,Travel_Rarely,Research & Development,19,2,Marketing,1,Male,1,4,Healthcare Representative,4,Divorced,16560,8104,5,Yes,25,4,4,1,4,5,3,8,2,4,15,46-60,> 10K,2.67,0
737,21,Yes,Travel_Rarely,Research & Development,27,3,Medical,4,Male,3,1,Manufacturing Director,1,Married,17156,3142,7,No,22,3,3,1,26,3,1,16,1,14,7,18-25,> 10K,2.0,1
738,35,No,Travel_Rarely,Research & Development,8,3,Marketing,3,Male,4,4,Healthcare Representative,1,Married,17709,22693,6,No,19,3,1,3,3,0,3,26,5,5,10,26-35,> 10K,2.33,0
739,36,No,Travel_Rarely,Research & Development,9,5,Medical,4,Male,1,4,Healthcare Representative,1,Married,10726,14726,1,No,19,3,3,2,28,2,1,1,1,12,5,36-45,> 10K,2.0,0
740,60,No,Travel_Rarely,Research & Development,15,1,Medical,2,Male,1,2,Research Scientist,3,Married,8774,8898,5,No,16,3,4,1,2,1,3,35,4,7,9,46-60,6K-10K,2.67,0
741,52,No,Travel_Rarely,Research & Development,4,4,Medical,4,Female,1,4,Manufacturing Director,1,Divorced,2985,19972,8,No,22,3,2,2,32,6,3,18,17,0,13,46-60,< 3K,2.67,0
742,57,Yes,Travel_Rarely,Research & Development,25,5,Marketing,3,Male,4,2,Manager,2,Single,15252,14177,5,No,25,3,4,1,29,6,2,16,15,14,5,46-60,> 10K,2.33,1
743,31,No,Travel_Rarely,Research & Development,9,5,Medical,4,Male,4,4,Research Director,1,Single,5603,14916,3,No,22,3,1,3,35,4,4,4,0,2,3,26-35,3K-6K,3.0,0
744,50,No,Travel_Rarely,Research & Development,7,5,Marketing,2,Female,3,5,Research Scientist,2,Single,16960,23382,6,No,19,3,1,2,8,0,1,38,31,0,14,46-60,> 10K,1.67,0
745,31,No,Travel_Rarely,Sales,8,2,Human Resources,2,Female,4,3,Sales Executive,1,Married,10462,11662,2,Yes,13,3,4,2,0,6,4,17,10,4,4,26-35,> 10K,2.33,0
746,51,No,Travel_Rarely,Research & Development,15,2,Medical,3,Female,4,2,Manager,3,Married,15166,14106,4,No,15,3,3,3,22,4,2,6,1,7,15,46-60,> 10K,2.67,0
747,21,No,Travel_Rarely,Research & Development,19,5,Marketing,2,Male,4,2,Manufacturing Director,4,Single,8754,14682,0,No,12,3,1,0,2,0,1,16,11,3,6,18-25,6K-10K,2.33,0
748,41,Yes,Non-Travel,Research & Development,15,4,Marketing,2,Male,3,1,Manufacturing Director,1,Married,15246,6342,9,No,22,3,4,1,31,1,2,38,27,12,1,36-45,> 10K,1.67,1
749,46,No,Travel_Rarely,Human Resources,5,3,Marketing,4,Female,2,5,Manager,1,Married,5078,17240,2,No,23,3,3,1,23,0,4,35,5,10,12,46-60,3K-6K,3.0,0
750,36,Yes,Travel_Rarely,Research & Development,19,3,Life Sciences,1,Female,2,1,Healthcare Representative,3,Married,10061,5362,7,No,23,3,2,0,5,0,3,39,19,8,1,36-45,> 10K,2.33,1
751,23,No,Non-Travel,Sales,7,1,Life Sciences,2,Male,1,5,Manager,1,Married,18751,16583,8,No,18,3,3,2,12,1,2,3,0,5,8,18-25,> 10K,1.67,0
752,50,No,Travel_Frequently,Human Resources,6,3,Medical,2,Male,2,5,Manager,2,Married,5042,3636,8,No,21,3,1,2,14,5,2,37,22,5,4,46-60,3K-6K,2.0,0
753,57,No,Travel_Rarely,Research & Development,27,3,Other,3,Male,2,4,Manager,1,Single,17284,16934,9,No,23,3,3,3,29,6,3,24,8,10,2,46-60,> 10K,2.33,0
754,36,No,Travel_Rarely,Research & Development,19,4,Human Resources,3,Male,3,1,Manufacturing Director,1,Married,15389,13104,1,Yes,14,3,3,3,11,4,4,4,1,4,1,36-45,> 10K,2.67,0
755,18,No,Travel_Rarely,Sales,25,3,Other,4,Female,3,3,Manager,4,Single,3575,24611,3,No,16,4,2,3,39,5,2,29,26,12,13,18-25,3K-6K,3.33,0
756,22,No,Non-Travel,Research & Development,28,4,Medical,4,Male,2,5,Research Scientist,4,Single,7754,17108,4,No,16,3,4,0,34,4,4,11,5,9,7,18-25,6K-10K,4.0,0
757,44,Yes,Travel_Rarely,Research & Development,17,2,Technical Degree,2,Female,2,5,Laboratory Technician,1,Single,18965,19628,2,Yes,15,4,3,0,27,3,3,3,1,4,11,36-45,> 10K,2.0,1
758,33,No,Travel_Rarely,Research & Development,10,4,Technical Degree,1,Male,2,2,Research Director,3,Single,2986,13929,0,No,22,3,2,2,3,6,1,23,21,10,16,26-35,< 3K,1.67,0
759,23,No,Travel_Rarely,Research & Development,19,2,Human Resources,1,Female,1,4,Research Scientist,4,Married,19624,12789,5,No,22,4,1,3,6,4,2,28,7,6,15,18-25,> 10K,2.33,0
760,57,No,Travel_Rarely,Research & Development,11,4,Human Resources,4,Male,3,3,Manufacturing Director,1,Divorced,16470,25298,9,Yes,11,3,4,2,15,4,4,8,3,7,5,46-60,> 10K,3.0,0
761,30,No,Travel_Frequently,Sales,15,5,Human Resources,3,Male,2,5,Sales Executive,4,Single,6968,15268,1,Yes,21,3,1,0,21,0,3,3,2,6,5,26-35,6K-10K,3.33,0
762,52,No,Travel_Rarely,Research & Development,10,2,Life Sciences,2,Male,4,2,Laboratory Technician,1,Divorced,8493,23690,8,No,17,3,4,1,40,3,3,23,13,0,17,46-60,6K-10K,2.0,0
763,36,No,Travel_Rarely,Sales,11,2,Life Sciences,2,Female,2,1,Sales Representative,4,Single,5103,12704,0,No,20,3,3,2,24,1,2,13,6,0,1,36-45,3K-6K,2.67,0
764,29,No,Travel_Rarely,Research & Development,23,3,Technical Degree,1,Male,4,5,Healthcare Representative,4,Married,3076,6514,8,No,25,3,3,0,2,1,1,4,4,9,7,26-35,3K-6K,2.0,0
765,33,No,Travel_Rarely,Sales,3,2,Human Resources,4,Male,1,2,Sales Executive,2,Married,10457,16422,6,No,18,4,4,3,21,2,2,17,17,5,13,26-35,> 10K,2.67,0
766,60,No,Travel_Rarely,Research & Development,3,4,Marketing,1,Female,4,1,Healthcare Representative,1,Divorced,4744,26834,9,No,11,4,1,1,30,3,4,18,1,2,1,46-60,3K-6K,2.0,0
767,27,No,Non-Travel,Research & Development,18,5,Other,1,Male,3,4,Research Scientist,1,Single,15466,17540,1,No,20,3,1,1,36,0,3,11,10,15,16,26-35,> 10K,1.67,0
768,42,No,Travel_Rarely,Research & Development,25,5,Technical Degree,4,Female,1,1,Manager,1,Single,15523,20742,5,No,17,4,1,1,21,2,1,17,7,12,15,36-45,> 10K,2.0,0
769,37,No,Travel_Rarely,Research & Development,11,3,Human Resources,3,Female,1,5,Manager,1,Single,6594,7615,7,No,14,4,3,3,26,2,4,16,0,11,17,36-45,6K-10K,2.67,0
770,48,No,Travel_Rarely,Research & Development,20,4,Marketing,2,Female,2,3,Manager,4,Married,8531,19652,1,Yes,16,3,4,1,1,1,2,29,26,8,5,46-60,6K-10K,2.67,0
771,21,No,Travel_Rarely,Sales,26,4,Human Resources,3,Male,1,1,Sales Executive,2,Divorced,8371,16840,4,No,19,3,4,0,21,4,3,23,21,10,16,18-25,6K-10K,2.67,0
772,40,No,Travel_Rarely,Research & Development,29,1,Medical,4,Male,1,3,Manager,2,Divorced,15547,4376,5,No,25,3,1,2,16,0,2,10,1,6,17,36-45,> 10K,2.67,0
773,19,No,Non-Travel,Sales,22,2,Marketing,4,Female,4,3,Sales Executive,3,Married,19028,26771,2,Yes,15,3,3,1,19,3,1,34,6,1,13,18-25,> 10K,2.67,0
774,39,Yes,Non-Travel,Research & Development,18,3,Other,2,Male,2,1,Healthcare Representative,1,Married,4144,21480,1,Yes,18,3,4,1,23,2,1,22,16,11,9,36-45,3K-6K,1.33,1
775,54,No,Travel_Rarely,Research & Development,25,5,Medical,3,Male,3,4,Research Director,3,Divorced,14990,22019,5,No,15,3,4,0,30,0,1,16,13,13,3,46-60,> 10K,2.33,0
776,25,Yes,Travel_Rarely,Sales,15,1,Life Sciences,2,Female,2,1,Manager,4,Married,15083,18945,2,Yes,12,3,1,3,7,1,1,0,0,2,17,18-25,> 10K,2.33,1
777,24,No,Travel_Rarely,Sales,7,4,Technical Degree,1,Male,3,2,Sales Executive,3,Single,17626,13641,1,Yes,14,3,1,1,4,2,1,14,7,7,10,18-25,> 10K,1.67,0
778,31,No,Travel_Rarely,Research & Development,10,2,Human Resources,1,Female,4,3,Healthcare Representative,1,Divorced,8954,17232,0,No,24,4,4,0,1,2,2,31,6,12,15,26-35,6K-10K,1.33,0
779,20,No,Travel_Rarely,Research & Development,21,5,Technical Degree,1,Female,1,5,Laboratory Technician,2,Single,8269,13558,7,No,12,3,3,0,3,5,1,8,5,13,3,18-25,6K-10K,1.33,0
780,33,Yes,Travel_Rarely,Research & Development,23,1,Other,3,Female,1,3,Healthcare Representative,2,Single,8130,13315,0,No,17,3,2,3,34,1,1,14,8,14,5,26-35,6K-10K,2.0,1
781,36,No,Non-Travel,Research & Development,20,4,Human Resources,1,Male,2,5,Manager,1,Single,7828,13083,4,No,17,3,4,3,33,5,3,27,2,0,7,36-45,6K-10K,1.67,0
782,35,No,Travel_Rarely,Research & Development,29,5,Medical,2,Male,2,2,Laboratory Technician,4,Married,9844,26615,5,No,24,3,4,2,2,1,1,23,5,14,17,26-35,6K-10K,2.33,0
783,33,No,Non-Travel,Sales,10,5,Marketing,3,Male,2,2,Manager,1,Married,15220,26123,2,No,25,3,3,1,19,1,3,34,19,4,17,26-35,> 10K,2.33,0
784,25,No,Travel_Rarely,Research & Development,13,4,Marketing,2,Male,1,2,Research Director,4,Single,7331,25255,6,Yes,13,3,4,2,8,5,3,21,1,9,15,18-25,6K-10K,3.0,0
785,50,No,Travel_Rarely,Sales,15,4,Human Resources,4,Male,1,1,Sales Executive,2,Married,14397,4504,1,No,24,3,2,0,5,6,3,26,16,0,6,46-60,> 10K,3.0,0
786,29,No,Travel_Rarely,Human Resources,23,3,Medical,3,Male,4,3,Manager,4,Married,18883,25405,6,No,23,4,3,1,4,0,2,18,11,11,16,26-35,> 10K,3.0,0
787,28,No,Travel_Rarely,Research & Development,18,5,Human Resources,2,Male,3,5,Research Director,1,Divorced,11291,24355,1,No,17,3,2,0,40,0,2,11,11,8,2,26-35,> 10K,1.67,0
788,22,No,Travel_Rarely,Research & Development,23,4,Human Resources,2,Male,2,2,Manufacturing Director,1,Married,19542,26260,4,No,25,3,2,0,37,6,4,19,16,6,14,18-25,> 10K,2.33,0
789,44,No,Travel_Rarely,Research & Development,4,1,Human Resources,3,Female,1,2,Research Scientist,1,Married,10457,12068,6,No,11,3,4,0,34,0,4,0,0,4,3,36-45,> 10K,2.67,0
790,29,No,Travel_Rarely,Human Resources,20,2,Marketing,4,Male,3,5,Human Resources,4,Married,11450,22481,2,No,11,4,2,3,30,4,3,20,9,5,15,26-35,> 10K,3.67,0
791,34,Yes,Non-Travel,Sales,17,3,Other,3,Male,2,3,Sales Representative,4,Single,3035,11684,3,No,19,3,4,3,12,2,2,0,0,10,13,26-35,3K-6K,3.0,1
792,23,No,Travel_Frequently,Research & Development,28,4,Human Resources,1,Female,2,3,Research Director,4,Single,12463,11321,0,No,16,3,4,1,25,0,1,9,2,14,16,18-25,> 10K,2.0,0
793,50,No,Non-Travel,Research & Development,3,2,Marketing,1,Female,3,5,Manufacturing Director,2,Married,8977,12455,2,No,23,3,3,0,21,4,4,31,19,2,8,46-60,6K-10K,2.33,0
794,22,No,Travel_Rarely,Research & Development,21,3,Life Sciences,4,Male,3,4,Manager,3,Single,18241,15064,8,No,24,4,3,0,31,2,2,38,17,2,6,18-25,> 10K,3.0,0
795,45,No,Travel_Rarely,Sales,21,5,Medical,2,Female,3,3,Sales Representative,3,Single,13182,8822,9,No,22,3,3,1,14,0,1,21,12,15,13,36-45,> 10K,2.0,0
796,31,No,Travel_Rarely,Research & Development,2,2,Life Sciences,2,Male,1,5,Manufacturing Director,1,Married,1298,24262,4,No,15,3,4,2,10,1,1,17,11,6,11,26-35,< 3K,1.33,0
797,22,Yes,Travel_Rarely,Human Resources,4,3,Human Resources,2,Male,4,5,Manager,2,Single,1923,22893,7,Yes,23,3,2,0,15,6,2,31,26,6,16,18-25,< 3K,2.0,1
798,50,Yes,Non-Travel,Research & Development,1,4,Marketing,3,Female,2,2,Laboratory Technician,4,Single,14331,14497,1,Yes,16,4,2,3,5,3,4,26,26,6,8,46-60,> 10K,3.67,1
799,58,No,Travel_Rarely,Research & Development,15,4,Medical,3,Female,2,5,Healthcare Representative,1,Married,7578,16251,2,No,16,3,3,2,10,0,2,27,26,1,11,46-60,6K-10K,2.0,0
800,36,No,Travel_Rarely,Human Resources,25,3,Technical Degree,4,Male,3,1,Human Resources,2,Married,5875,24570,6,No,11,4,3,2,9,3,4,17,16,1,11,36-45,3K-6K,3.33,0
801,39,No,Travel_Rarely,Research & Development,1,5,Medical,1,Female,1,2,Research Scientist,1,Divorced,13254,12377,9,Yes,15,3,4,2,15,0,3,38,35,10,7,36-45,> 10K,1.67,0
802,22,No,Travel_Rarely,Sales,6,3,Medical,2,Female,3,2,Sales Representative,2,Married,19186,21944,3,Yes,19,3,1,2,11,1,2,28,22,11,9,18-25,> 10K,2.0,0
803,19,No,Non-Travel,Research & Development,7,1,Human Resources,1,Female,1,3,Research Scientist,2,Married,11905,7679,8,No,14,3,1,2,6,6,2,17,9,4,11,18-25,> 10K,1.67,0
804,47,No,Travel_Rarely,Research & Development,19,3,Life Sciences,3,Male,4,4,Manager,3,Married,14353,21069,6,No,13,3,4,2,38,6,4,7,2,3,4,46-60,> 10K,3.33,0
805,56,No,Travel_Rarely,Research & Development,12,3,Life Sciences,3,Male,2,3,Manager,1,Single,16882,8612,0,No,11,3,1,1,26,3,4,30,5,14,0,46-60,> 10K,2.67,0
806,21,No,Travel_Rarely,Research & Development,1,4,Technical Degree,3,Male,2,1,Manufacturing Director,4,Single,10663,23205,3,No,24,3,1,1,23,4,2,33,5,6,8,18-25,> 10K,3.0,0
807,50,No,Travel_Rarely,Human Resources,7,5,Human Resources,1,Male,1,2,Manager,3,Divorced,1941,18272,9,No,25,3,1,2,14,1,1,6,2,15,14,46-60,< 3K,1.67,0
808,30,No,Travel_Rarely,Human Resources,19,3,Medical,4,Male,4,2,Manager,3,Married,2907,26191,5,Yes,12,3,3,3,5,3,1,35,33,2,1,26-35,< 3K,2.67,0
809,37,No,Travel_Frequently,Research & Development,13,2,Other,4,Female,4,5,Research Scientist,4,Divorced,5837,3412,5,No,13,3,2,1,18,3,1,17,3,4,3,36-45,3K-6K,3.0,0
810,24,No,Non-Travel,Sales,26,4,Life Sciences,3,Female,2,4,Manager,2,Married,14680,19605,9,No,14,3,2,1,7,5,3,37,36,1,3,18-25,> 10K,2.67,0
811,32,No,Travel_Rarely,Human Resources,12,4,Life Sciences,2,Female,2,4,Manager,4,Single,18627,4249,5,Yes,17,4,3,2,35,5,3,8,0,0,2,26-35,> 10K,3.0,0
812,40,No,Travel_Rarely,Research & Development,12,3,Marketing,1,Male,3,5,Research Scientist,1,Married,6696,4239,4,No,16,3,3,3,12,1,4,8,7,8,15,36-45,6K-10K,2.0,0
813,31,No,Travel_Rarely,Sales,22,2,Medical,3,Male,1,1,Sales Executive,4,Married,17226,22586,2,No,21,3,3,2,32,1,3,7,7,12,7,26-35,> 10K,3.33,0
814,40,No,Travel_Rarely,Human Resources,13,3,Human Resources,1,Male,2,4,Manager,2,Married,14543,9873,1,No,18,3,1,3,31,1,1,34,11,3,6,36-45,> 10K,1.33,0
815,36,No,Travel_Rarely,Research & Development,28,2,Life Sciences,1,Male,4,2,Manufacturing Director,4,Married,13615,14614,2,No,24,3,4,3,27,2,2,17,7,7,11,36-45,> 10K,2.33,0
816,46,No,Travel_Frequently,Research & Development,14,4,Human Resources,4,Female,4,1,Laboratory Technician,2,Divorced,2466,25277,8,No,19,3,4,0,39,4,3,4,2,12,11,46-60,< 3K,3.0,0
817,39,Yes,Travel_Rarely,Research & Development,22,2,Medical,3,Male,2,3,Manager,2,Divorced,19350,10835,2,No,25,3,1,1,9,0,3,13,2,11,3,36-45,> 10K,2.67,1
818,46,Yes,Non-Travel,Research & Development,12,3,Medical,4,Female,4,3,Manager,1,Divorced,1375,23787,2,No,16,4,1,2,32,5,1,27,17,6,14,46-60,< 3K,2.0,1
819,41,No,Travel_Rarely,Sales,20,1,Life Sciences,3,Male,1,1,Manager,4,Single,1262,16803,0,No,17,3,3,1,0,6,3,29,20,13,5,36-45,< 3K,3.33,0
820,35,No,Travel_Rarely,Research & Development,12,1,Technical Degree,1,Male,4,2,Healthcare Representative,4,Single,12580,14795,1,No,14,3,3,1,20,6,4,3,2,11,2,26-35,> 10K,3.0,0
821,27,Yes,Travel_Rarely,Research & Development,27,2,Human Resources,4,Female,4,3,Manufacturing Director,1,Single,11136,16441,2,No,12,3,2,3,4,3,2,38,18,15,6,26-35,> 10K,2.33,1
822,58,Yes,Travel_Rarely,Sales,6,3,Human Resources,1,Male,2,2,Sales Representative,2,Single,8833,17653,1,No,19,3,3,1,0,5,1,19,14,0,5,46-60,6K-10K,1.33,1
823,25,No,Travel_Rarely,Research & Development,27,5,Marketing,3,Male,1,5,Laboratory Technician,4,Married,2893,7185,7,No,19,3,1,0,20,0,4,24,5,9,0,18-25,< 3K,3.67,0
824,43,No,Travel_Rarely,Research & Development,10,1,Medical,2,Male,1,4,Manager,1,Married,9106,22674,5,Yes,25,4,2,2,24,1,1,27,15,10,7,36-45,6K-10K,1.33,0
825,46,No,Travel_Rarely,Research & Development,20,4,Medical,4,Female,3,1,Laboratory Technician,2,Married,12826,15499,6,No,14,3,3,1,19,6,4,11,7,6,0,46-60,> 10K,3.33,0
826,27,No,Travel_Rarely,Human Resources,29,3,Life Sciences,4,Female,1,4,Human Resources,1,Divorced,2652,22526,0,No,22,4,2,2,8,5,2,1,1,1,15,26-35,< 3K,2.33,0
827,34,No,Travel_Rarely,Research & Development,24,3,Life Sciences,1,Female,3,5,Research Director,4,Divorced,1599,11577,5,Yes,13,3,2,1,15,4,2,13,1,2,2,26-35,< 3K,2.33,0
828,19,No,Travel_Rarely,Research & Development,9,1,Life Sciences,1,Female,2,3,Manager,1,Single,19296,9152,1,Yes,20,3,3,2,27,4,4,21,19,13,1,18-25,> 10K,2.0,0
829,23,No,Travel_Rarely,Research & Development,2,5,Marketing,2,Female,4,2,Manufacturing Director,3,Divorced,9792,20968,5,No,24,3,4,2,39,2,4,30,15,0,5,18-25,6K-10K,3.0,0
830,22,No,Travel_Frequently,Research & Development,7,4,Technical Degree,4,Female,1,2,Research Scientist,2,Married,4637,19985,2,Yes,21,3,1,2,35,5,4,22,10,6,7,18-25,3K-6K,3.33,0
831,45,No,Travel_Rarely,Sales,9,5,Life Sciences,3,Male,3,5,Sales Executive,3,Married,11355,15798,6,Yes,16,3,1,1,38,1,4,19,6,2,6,36-45,> 10K,3.33,0
832,58,Yes,Travel_Rarely,Research & Development,25,4,Life Sciences,3,Male,1,1,Manufacturing Director,3,Divorced,16989,23326,2,No,24,4,2,0,23,3,4,37,11,5,6,46-60,> 10K,3.33,1
833,22,No,Travel_Rarely,Sales,12,1,Other,4,Male,2,4,Manager,2,Single,10290,24082,8,Yes,24,3,4,2,15,2,4,3,0,14,17,18-25,> 10K,3.33,0
834,35,No,Non-Travel,Sales,5,3,Life Sciences,4,Female,3,3,Sales Representative,2,Divorced,10462,19191,2,No,13,3,4,3,13,1,2,14,9,11,2,26-35,> 10K,2.67,0
835,43,No,Non-Travel,Research & Development,1,4,Marketing,4,Male,3,1,Laboratory Technician,1,Married,15342,12851,6,No,11,4,3,3,33,2,4,23,6,12,10,36-45,> 10K,3.0,0
836,37,No,Travel_Rarely,Research & Development,22,3,Human Resources,2,Male,3,5,Healthcare Representative,2,Divorced,14945,25729,3,No,14,3,3,3,23,5,3,24,13,6,10,36-45,> 10K,2.33,0
837,58,Yes,Non-Travel,Human Resources,15,2,Technical Degree,3,Female,2,5,Human Resources,3,Divorced,11762,10306,7,No,11,3,1,0,10,0,2,0,0,14,2,46-60,> 10K,2.67,1
838,44,No,Travel_Rarely,Research & Development,8,2,Human Resources,3,Male,3,2,Research Director,3,Married,15312,21111,1,No,12,3,3,2,35,6,1,6,6,2,0,36-45,> 10K,2.33,0
839,29,No,Travel_Rarely,Research & Development,1,1,Other,1,Female,4,3,Manufacturing Director,4,Single,8382,14918,7,No,13,3,3,0,0,5,2,30,0,1,9,26-35,6K-10K,2.33,0
840,24,No,Travel_Rarely,Research & Development,18,1,Medical,1,Female,2,1,Laboratory Technician,2,Single,9982,14484,8,No,18,3,2,2,11,1,1,11,0,8,1,18-25,6K-10K,1.33,0
841,20,No,Travel_Rarely,Sales,13,1,Medical,4,Male,4,2,Sales Executive,3,Married,8707,14093,7,No,20,3,4,0,20,3,1,4,3,8,16,18-25,6K-10K,2.67,0
842,27,No,Non-Travel,Research & Development,29,2,Life Sciences,1,Female,4,3,Healthcare Representative,4,Single,18130,10165,5,No,14,4,4,2,8,3,3,37,20,14,8,26-35,> 10K,2.67,0
843,51,No,Travel_Rarely,Sales,1,4,Other,2,Female,2,4,Manager,4,Divorced,5633,17084,9,No,14,3,3,3,38,1,4,11,4,6,17,46-60,3K-6K,3.33,0
844,42,No,Travel_Rarely,Human Resources,5,5,Human Resources,3,Male,1,4,Manager,1,Single,18304,12920,0,No,23,3,3,2,2,2,4,38,23,13,8,36-45,> 10K,2.67,0
845,52,No,Travel_Frequently,Sales,18,1,Marketing,3,Female,4,2,Manager,3,Divorced,10457,16327,6,No,20,3,3,0,15,4,2,17,6,4,10,46-60,> 10K,2.67,0
846,33,Yes,Travel_Frequently,Research & Development,16,5,Technical Degree,1,Female,2,1,Laboratory Technician,1,Married,14778,22555,0,No,19,4,1,2,3,1,4,1,0,3,16,26-35,> 10K,2.0,1
847,19,Yes,Travel_Rarely,Sales,26,5,Human Resources,4,Male,4,3,Manager,3,Single,8008,14574,6,No,17,3,1,1,25,6,3,9,9,14,13,18-25,6K-10K,3.33,1
848,41,No,Travel_Rarely,Human Resources,10,2,Other,1,Male,3,4,Manager,1,Married,16523,3568,1,No,12,3,2,2,12,5,2,14,0,3,17,36-45,> 10K,1.33,0
849,27,No,Non-Travel,Research & Development,4,4,Other,4,Male,4,4,Research Director,1,Married,19765,19125,7,No,13,3,1,3,19,3,2,29,28,15,17,26-35,> 10K,2.33,0
850,55,No,Non-Travel,Research & Development,1,2,Human Resources,2,Male,4,1,Laboratory Technician,2,Married,4618,11922,1,Yes,14,3,4,2,18,0,2,16,6,0,11,46-60,3K-6K,2.0,0
851,39,No,Travel_Rarely,Sales,23,1,Technical Degree,3,Male,4,2,Sales Representative,1,Married,1272,24821,2,No,14,3,1,1,26,3,4,3,0,3,17,36-45,< 3K,2.67,0
852,43,No,Travel_Rarely,Research & Development,8,2,Human Resources,2,Female,3,5,Manufacturing Director,2,Single,14007,6904,2,No,20,3,4,1,1,4,4,6,6,14,7,36-45,> 10K,2.67,0
853,60,No,Travel_Rarely,Sales,5,2,Human Resources,3,Male,4,3,Sales Representative,4,Married,19157,4933,0,No,18,4,1,1,9,3,4,40,23,6,7,46-60,> 10K,3.67,0
854,56,No,Travel_Rarely,Research & Development,2,2,Technical Degree,2,Female,2,4,Research Scientist,3,Married,3547,6509,4,Yes,20,3,1,0,24,4,2,30,10,13,7,46-60,3K-6K,2.33,0
855,44,No,Travel_Rarely,Sales,24,1,Marketing,1,Male,4,5,Sales Executive,4,Divorced,4164,6526,4,No,24,3,2,1,18,6,2,38,8,4,14,36-45,3K-6K,2.33,0
856,46,No,Non-Travel,Sales,17,1,Other,2,Male,2,1,Sales Representative,3,Divorced,15414,7909,9,No,20,3,3,0,14,1,1,33,11,8,7,46-60,> 10K,2.0,0
857,55,No,Travel_Rarely,Sales,7,2,Technical Degree,2,Female,4,2,Sales Executive,4,Single,15327,23733,4,No,16,3,3,1,38,3,1,5,2,3,13,46-60,> 10K,2.33,0
858,37,No,Non-Travel,Research & Development,17,2,Life Sciences,1,Female,4,3,Laboratory Technician,3,Single,16576,5167,8,No,13,4,3,0,23,2,4,37,3,10,12,36-45,> 10K,2.67,0
859,44,No,Travel_Rarely,Research & Development,28,5,Life Sciences,3,Male,4,1,Research Director,1,Married,1946,12110,5,No,21,3,2,1,15,5,2,33,27,2,7,36-45,< 3K,2.0,0
860,58,No,Travel_Rarely,Sales,6,4,Life Sciences,3,Male,1,2,Manager,3,Divorced,15693,25990,5,No,19,3,4,1,16,2,4,14,8,5,16,46-60,> 10K,3.33,0
861,37,No,Travel_Frequently,Research & Development,29,5,Life Sciences,1,Female,1,1,Laboratory Technician,3,Married,17890,20602,2,No,20,3,1,2,15,5,4,13,12,3,5,36-45,> 10K,2.67,0
862,36,No,Travel_Rarely,Research & Development,22,4,Medical,2,Male,3,4,Research Director,4,Single,16540,3340,4,No,18,4,2,1,17,3,1,5,2,10,16,36-45,> 10K,2.33,0
863,37,No,Non-Travel,Research & Development,15,4,Marketing,2,Male,2,4,Research Scientist,4,Single,7719,26393,9,No,19,4,4,2,3,6,3,36,36,12,3,36-45,6K-10K,3.0,0
864,52,No,Non-Travel,Research & Development,5,2,Medical,2,Male,3,5,Healthcare Representative,4,Single,9435,23023,6,No,25,3,2,1,1,3,4,31,6,1,6,46-60,6K-10K,3.33,0
865,19,No,Travel_Rarely,Research & Development,15,5,Human Resources,4,Female,2,1,Healthcare Representative,2,Married,12350,3514,2,No,15,3,2,1,30,5,3,2,0,4,16,18-25,> 10K,3.0,0
866,47,No,Travel_Frequently,Research & Development,18,4,Human Resources,3,Male,3,4,Research Scientist,2,Married,4590,19795,1,Yes,13,3,4,2,1,6,3,2,1,13,17,46-60,3K-6K,2.67,0
867,51,No,Travel_Rarely,Sales,18,4,Technical Degree,2,Male,3,2,Sales Executive,3,Married,11064,9724,4,No,14,3,3,2,1,0,2,21,6,12,5,46-60,> 10K,2.33,0
868,39,Yes,Travel_Rarely,Sales,25,1,Life Sciences,3,Male,4,5,Sales Executive,3,Single,18576,6167,2,No,24,3,1,0,14,6,2,21,10,3,9,36-45,> 10K,2.67,1
869,20,Yes,Travel_Rarely,Research & Development,21,4,Technical Degree,2,Female,4,3,Research Director,1,Single,18848,19406,4,No,23,3,3,3,28,3,4,9,1,14,17,18-25,> 10K,2.33,1
870,23,Yes,Travel_Rarely,Human Resources,21,2,Human Resources,1,Male,4,1,Human Resources,1,Married,1390,12478,8,No,22,3,2,2,33,0,1,2,2,4,6,18-25,< 3K,1.0,1
871,32,No,Travel_Frequently,Research & Development,23,3,Life Sciences,1,Male,4,4,Research Scientist,3,Divorced,13668,21142,9,No,15,3,4,0,39,0,1,11,8,11,13,26-35,> 10K,1.67,0
872,44,No,Non-Travel,Sales,6,1,Other,3,Male,4,2,Sales Representative,2,Married,12569,13963,0,Yes,19,3,2,1,31,5,4,28,10,8,13,36-45,> 10K,3.0,0
873,27,No,Travel_Rarely,Research & Development,2,3,Marketing,3,Male,3,1,Research Director,3,Divorced,14029,11304,3,No,19,3,3,2,20,0,4,16,1,3,9,26-35,> 10K,3.33,0
874,26,No,Non-Travel,Research & Development,27,2,Human Resources,1,Female,2,2,Manufacturing Director,1,Married,14107,6808,9,No,24,3,3,2,29,0,1,6,6,5,8,26-35,> 10K,1.0,0
875,50,No,Travel_Rarely,Sales,17,3,Other,4,Female,1,5,Manager,2,Single,3560,10833,4,No,13,3,3,1,23,1,3,12,3,3,9,46-60,3K-6K,3.0,0
876,49,Yes,Travel_Rarely,Sales,21,4,Technical Degree,1,Female,1,4,Sales Representative,2,Single,6867,8733,1,Yes,17,3,1,1,13,6,4,1,0,0,1,46-60,6K-10K,2.33,1
877,23,No,Travel_Rarely,Research & Development,4,3,Other,2,Female,2,4,Research Scientist,1,Married,16284,12429,1,No,16,3,3,1,27,2,3,3,0,14,2,18-25,> 10K,2.0,0
878,58,No,Non-Travel,Research & Development,12,5,Technical Degree,4,Female,1,5,Manager,3,Married,2211,6907,0,No,25,3,1,1,13,0,4,9,1,1,15,46-60,< 3K,3.67,0
879,53,No,Non-Travel,Sales,19,2,Human Resources,1,Male,3,2,Manager,4,Married,10121,13678,7,No,14,3,1,3,33,2,4,38,15,5,9,46-60,> 10K,3.0,0
880,19,Yes,Travel_Rarely,Sales,2,5,Medical,4,Female,2,1,Sales Executive,3,Married,2539,5225,1,No,15,3,3,2,13,0,3,23,6,7,10,18-25,< 3K,3.33,1
881,46,No,Travel_Rarely,Sales,26,3,Marketing,4,Male,2,2,Sales Executive,3,Married,18027,3014,2,No,24,4,4,1,24,2,3,16,12,8,9,46-60,> 10K,3.33,0
882,21,Yes,Travel_Rarely,Research & Development,2,5,Other,4,Female,1,1,Research Director,1,Single,9693,8768,1,Yes,25,3,2,1,11,3,1,5,4,3,11,18-25,6K-10K,2.0,1
883,18,No,Travel_Rarely,Sales,14,1,Other,3,Male,1,5,Sales Executive,2,Divorced,9921,7458,3,No,20,3,2,3,40,3,4,18,16,5,13,18-25,6K-10K,3.0,0
884,36,Yes,Non-Travel,Sales,15,3,Human Resources,1,Female,3,3,Sales Representative,1,Married,18667,4021,0,No,12,3,1,2,39,2,2,4,4,2,8,36-45,> 10K,1.33,1
885,43,No,Travel_Rarely,Research & Development,20,5,Human Resources,3,Male,4,1,Manufacturing Director,3,Married,11310,21060,2,Yes,21,3,1,0,19,6,2,31,11,11,12,36-45,> 10K,2.67,0
886,42,No,Travel_Rarely,Sales,2,4,Technical Degree,3,Female,2,4,Sales Representative,4,Married,13744,13128,4,No,17,3,1,2,6,0,4,9,2,8,5,36-45,> 10K,3.67,0
887,27,No,Travel_Frequently,Research & Development,4,3,Life Sciences,2,Female,4,4,Healthcare Representative,4,Married,5386,5106,9,No,24,3,2,0,14,1,4,8,6,7,10,26-35,3K-6K,3.33,0
888,32,No,Travel_Rarely,Sales,19,1,Life Sciences,2,Female,1,4,Sales Executive,4,Single,18303,10975,0,Yes,14,3,1,3,8,6,4,26,5,15,0,26-35,> 10K,3.33,0
889,39,Yes,Travel_Rarely,Sales,9,4,Life Sciences,4,Female,2,2,Manager,1,Married,13242,10862,3,No,12,3,4,1,3,2,3,12,7,11,14,36-45,> 10K,2.67,1
890,38,No,Travel_Rarely,Sales,7,3,Technical Degree,4,Male,4,2,Sales Representative,2,Married,19723,12961,5,No,21,3,4,3,30,6,2,18,12,14,6,36-45,> 10K,2.67,0
891,39,No,Non-Travel,Research & Development,13,4,Life Sciences,2,Male,3,2,Research Scientist,1,Married,15257,12765,3,No,16,3,1,2,22,4,2,20,4,0,10,36-45,> 10K,1.67,0
892,53,No,Travel_Rarely,Research & Development,27,3,Human Resources,2,Female,3,4,Research Scientist,4,Single,9947,4584,6,No,21,3,2,1,5,1,2,23,1,12,16,46-60,6K-10K,2.67,0
893,51,No,Travel_Frequently,Research & Development,12,3,Medical,1,Female,3,1,Laboratory Technician,3,Single,14946,6942,6,No,22,3,3,2,27,4,4,37,10,1,4,46-60,> 10K,2.67,0
894,47,No,Non-Travel,Research & Development,3,2,Medical,4,Male,2,4,Manager,2,Single,6930,3277,5,No,12,3,2,0,11,2,3,3,3,9,8,46-60,6K-10K,3.0,0
895,42,No,Travel_Rarely,Research & Development,13,5,Medical,4,Male,2,1,Manager,1,Married,6402,5043,8,Yes,20,3,3,2,21,0,4,23,5,15,15,36-45,6K-10K,3.0,0
896,45,No,Non-Travel,Sales,15,3,Life Sciences,2,Male,2,2,Sales Representative,1,Divorced,17017,9370,1,No,12,3,3,3,23,6,1,34,25,13,10,36-45,> 10K,1.33,0
897,18,Yes,Travel_Rarely,Sales,14,1,Medical,1,Male,2,3,Sales Representative,2,Single,1507,13364,9,No,17,3,1,3,33,6,1,2,2,8,16,18-25,< 3K,1.33,1
898,21,No,Non-Travel,Research & Development,24,5,Other,2,Male,2,2,Research Scientist,2,Married,2436,15672,7,No,11,3,4,3,18,4,2,3,0,15,5,18-25,< 3K,2.0,0
899,24,No,Travel_Rarely,Sales,9,2,Life Sciences,2,Male,4,5,Sales Representative,3,Single,12618,24244,7,No,17,3,1,1,23,6,4,36,18,9,14,18-25,> 10K,3.0,0
900,26,No,Travel_Rarely,Sales,13,5,Other,3,Male,4,1,Sales Executive,2,Divorced,9750,22166,9,Yes,20,3,3,2,19,2,1,39,5,2,2,26-35,6K-10K,2.0,0
901,53,No,Non-Travel,Sales,23,5,Human Resources,4,Male,3,3,Sales Executive,3,Single,17122,25441,3,No,15,4,1,1,33,1,1,34,28,13,8,46-60,> 10K,2.67,0
902,36,Yes,Non-Travel,Sales,22,3,Other,1,Male,4,2,Sales Representative,4,Single,8354,10369,5,No,11,3,3,2,26,0,4,30,10,2,11,36-45,6K-10K,3.0,1
903,18,Yes,Travel_Rarely,Sales,4,1,Human Resources,3,Male,4,3,Sales Representative,4,Single,12294,10467,5,No,16,4,1,0,28,4,3,24,6,9,17,18-25,> 10K,3.33,1
904,27,No,Travel_Rarely,Research & Development,21,3,Technical Degree,4,Male,3,4,Research Scientist,1,Divorced,14840,15953,4,No,17,3,4,2,0,6,4,39,1,8,15,26-35,> 10K,3.0,0
905,53,No,Non-Travel,Research & Development,8,1,Technical Degree,2,Female,3,1,Laboratory Technician,4,Married,5399,21865,0,No,11,4,4,2,35,2,4,12,2,13,7,46-60,3K-6K,3.33,0
906,26,No,Travel_Frequently,Research & Development,3,1,Other,1,Male,1,5,Laboratory Technician,4,Single,6037,13551,2,No,19,3,2,2,38,0,3,3,3,2,4,26-35,6K-10K,2.67,0
907,59,No,Travel_Rarely,Research & Development,2,4,Marketing,4,Female,3,4,Laboratory Technician,3,Single,16848,24156,6,No,25,4,3,2,6,0,2,13,9,14,11,46-60,> 10K,3.0,0
908,49,No,Travel_Rarely,Research & Development,19,3,Human Resources,2,Female,4,3,Healthcare Representative,1,Single,4715,17884,7,No,17,3,3,0,19,3,2,12,5,9,5,46-60,3K-6K,1.67,0
909,49,No,Travel_Rarely,Sales,28,2,Life Sciences,3,Male,2,2,Sales Executive,2,Single,15877,11616,1,No,11,3,1,1,19,0,2,26,16,11,11,46-60,> 10K,2.33,0
910,23,No,Travel_Rarely,Research & Development,23,5,Marketing,1,Male,3,1,Manager,1,Divorced,8837,23720,2,Yes,13,3,2,3,24,2,3,5,0,10,14,18-25,6K-10K,1.67,0
911,55,No,Travel_Rarely,Research & Development,8,4,Human Resources,4,Male,1,5,Manufacturing Director,4,Married,2301,17829,3,Yes,15,3,4,2,20,1,1,16,4,4,9,46-60,< 3K,3.0,0
912,34,No,Travel_Frequently,Sales,17,2,Life Sciences,3,Male,4,2,Manager,2,Married,8370,22506,4,No,14,3,1,3,8,5,3,35,27,5,16,26-35,6K-10K,2.67,0
913,27,No,Non-Travel,Research & Development,13,3,Human Resources,2,Male,1,5,Manager,1,Married,19539,21344,2,Yes,12,3,2,3,26,3,4,39,29,2,6,26-35,> 10K,2.33,0
914,44,No,Travel_Rarely,Research & Development,7,1,Human Resources,2,Male,1,1,Manufacturing Director,1,Married,7411,9897,4,No,25,3,4,3,27,2,3,34,6,13,6,36-45,6K-10K,2.0,0
915,52,No,Non-Travel,Research & Development,9,3,Life Sciences,4,Female,4,3,Healthcare Representative,1,Single,7365,4469,7,Yes,11,3,1,3,24,2,1,16,8,9,10,46-60,6K-10K,2.0,0
916,38,Yes,Travel_Rarely,Research & Development,12,3,Human Resources,2,Male,1,5,Laboratory Technician,1,Single,16449,16836,7,Yes,14,3,4,2,35,2,1,40,24,7,1,36-45,> 10K,1.33,1
917,42,No,Travel_Rarely,Sales,29,4,Human Resources,1,Female,4,1,Manager,3,Married,1692,9051,1,No,17,3,3,3,33,4,4,1,0,1,1,36-45,< 3K,2.67,0
918,45,No,Travel_Frequently,Human Resources,14,2,Human Resources,4,Male,1,5,Manager,1,Single,2478,12564,5,No,21,3,2,2,1,6,2,12,0,5,13,36-45,< 3K,2.33,0
919,32,No,Travel_Rarely,Research & Development,14,4,Technical Degree,3,Female,2,2,Healthcare Representative,4,Married,7396,22452,3,No,14,4,4,0,8,4,1,1,0,1,17,26-35,6K-10K,2.67,0
920,21,No,Non-Travel,Sales,15,2,Medical,4,Male,3,5,Manager,4,Divorced,9448,23827,8,No,19,4,2,1,18,1,1,27,5,8,15,18-25,6K-10K,3.0,0
921,46,No,Travel_Rarely,Research & Development,3,4,Human Resources,4,Male,2,2,Research Scientist,3,Single,11622,11782,9,No,24,4,1,1,14,2,1,25,17,5,10,46-60,> 10K,2.67,0
922,26,No,Travel_Rarely,Research & Development,15,5,Life Sciences,3,Male,2,2,Research Director,2,Divorced,17825,22764,1,Yes,18,3,2,2,20,6,4,21,9,8,8,26-35,> 10K,3.0,0
923,44,No,Travel_Rarely,Research & Development,19,1,Other,2,Female,1,1,Manufacturing Director,2,Single,11073,18003,7,No,18,3,1,2,15,4,1,2,2,13,6,36-45,> 10K,1.67,0
924,43,No,Travel_Frequently,Research & Development,24,1,Human Resources,3,Male,3,4,Laboratory Technician,4,Married,3646,4545,0,No,15,4,2,1,1,4,2,34,32,3,3,36-45,3K-6K,3.0,0
925,36,No,Travel_Rarely,Research & Development,20,1,Technical Degree,1,Female,3,5,Manufacturing Director,4,Married,6209,9665,5,No,22,3,1,3,25,4,4,11,0,11,15,36-45,6K-10K,3.0,0
926,45,No,Travel_Rarely,Research & Development,14,5,Technical Degree,2,Female,3,3,Sales Representative,3,Married,7533,22033,9,No,25,3,1,2,28,1,2,23,12,2,13,36-45,6K-10K,2.33,0
927,34,Yes,Non-Travel,Sales,8,5,Other,4,Female,1,2,Sales Representative,2,Single,8211,20198,0,No,11,3,1,3,32,1,1,4,4,1,10,26-35,6K-10K,2.33,1
928,60,No,Travel_Rarely,Research & Development,5,1,Human Resources,2,Male,2,4,Research Director,2,Divorced,10927,5907,1,Yes,25,3,4,2,33,2,1,19,19,7,7,46-60,> 10K,1.67,0
929,58,No,Travel_Rarely,Research & Development,19,1,Marketing,2,Female,4,2,Manager,1,Divorced,12927,5731,2,No,19,3,3,2,26,3,2,38,0,3,10,46-60,> 10K,1.67,0
930,59,No,Travel_Rarely,Sales,4,2,Other,1,Female,4,4,Sales Representative,1,Single,10316,17283,8,No,12,3,2,0,6,2,4,38,2,1,16,46-60,> 10K,2.0,0
931,37,No,Travel_Rarely,Sales,14,2,Medical,2,Male,4,4,Manager,1,Divorced,13177,9685,4,No,16,3,3,0,14,4,4,12,1,10,9,36-45,> 10K,2.33,0
932,57,No,Non-Travel,Research & Development,16,3,Life Sciences,2,Male,3,3,Research Director,3,Married,11846,10273,9,Yes,20,3,3,1,16,5,2,40,40,8,11,46-60,> 10K,2.33,0
933,56,No,Travel_Rarely,Human Resources,20,4,Life Sciences,2,Female,4,4,Human Resources,4,Divorced,8933,13898,9,No,24,3,3,0,8,6,1,11,10,11,0,46-60,6K-10K,2.33,0
934,40,No,Travel_Rarely,Research & Development,24,2,Life Sciences,4,Female,2,3,Laboratory Technician,3,Single,6476,15478,1,Yes,15,3,3,0,12,4,3,12,0,7,1,36-45,6K-10K,3.33,0
935,49,No,Non-Travel,Sales,6,2,Life Sciences,2,Male,4,1,Sales Representative,2,Divorced,14853,13368,9,No,20,3,2,1,31,0,2,9,6,4,17,46-60,> 10K,2.0,0
936,50,No,Travel_Rarely,Sales,23,2,Technical Degree,3,Female,3,2,Sales Executive,4,Single,8928,12017,4,No,23,3,2,3,1,5,2,32,28,7,6,46-60,6K-10K,3.0,0
937,22,Yes,Travel_Rarely,Sales,25,2,Medical,2,Male,3,3,Manager,1,Divorced,3080,16823,4,No,25,3,3,0,31,5,2,39,35,4,15,18-25,3K-6K,1.67,1
938,60,No,Travel_Rarely,Human Resources,6,5,Human Resources,1,Male,4,2,Manager,3,Married,7089,24253,0,No,18,4,2,3,19,6,1,15,4,12,12,46-60,6K-10K,1.67,0
939,51,No,Travel_Rarely,Sales,3,3,Human Resources,2,Male,3,5,Sales Executive,3,Married,8797,15621,2,No,21,3,2,1,18,2,4,34,25,6,3,46-60,6K-10K,3.0,0
940,57,Yes,Travel_Rarely,Research & Development,15,2,Marketing,2,Male,4,1,Manager,1,Single,18245,10273,4,No,13,4,1,2,26,4,1,2,0,4,9,46-60,> 10K,1.33,1
941,28,Yes,Travel_Frequently,Sales,29,4,Human Resources,4,Female,3,5,Manager,3,Divorced,9346,18477,8,Yes,16,3,2,3,35,4,2,4,0,12,8,26-35,6K-10K,3.0,1
942,20,No,Non-Travel,Research & Development,3,2,Medical,3,Male,1,5,Manufacturing Director,1,Married,1904,26570,9,No,16,3,4,1,29,3,1,25,21,4,17,18-25,< 3K,1.67,0
943,50,No,Travel_Rarely,Research & Development,11,5,Human Resources,2,Male,1,4,Research Scientist,2,Married,18653,15632,0,Yes,20,3,3,3,10,0,1,10,8,12,8,46-60,> 10K,1.67,0
944,28,No,Non-Travel,Research & Development,3,1,Technical Degree,3,Male,2,4,Laboratory Technician,4,Married,17788,2342,7,No,13,3,2,1,15,2,2,6,1,3,9,26-35,> 10K,3.0,0
945,33,No,Non-Travel,Sales,28,1,Other,1,Male,1,5,Manager,2,Divorced,10974,8940,0,No,22,3,3,1,25,1,1,9,6,12,7,26-35,> 10K,1.33,0
946,35,No,Travel_Rarely,Sales,10,3,Human Resources,4,Female,4,4,Sales Representative,2,Married,2184,20792,8,No,22,3,2,2,29,2,3,33,21,15,10,26-35,< 3K,3.0,0
947,47,No,Travel_Frequently,Sales,18,1,Life Sciences,3,Female,3,2,Manager,1,Single,2725,19007,5,No,25,3,3,3,1,5,1,2,0,13,12,46-60,< 3K,1.67,0
948,27,Yes,Travel_Rarely,Human Resources,1,2,Life Sciences,4,Male,2,4,Manager,3,Divorced,12380,2867,0,Yes,22,3,4,2,33,2,1,7,3,13,12,26-35,> 10K,2.67,1
949,35,No,Travel_Rarely,Research & Development,16,5,Other,2,Female,4,5,Research Scientist,2,Married,14057,12668,7,No,17,3,2,2,40,3,4,30,3,4,15,26-35,> 10K,2.67,0
950,55,No,Non-Travel,Research & Development,16,3,Life Sciences,1,Male,4,4,Healthcare Representative,2,Married,6606,21856,4,No,21,4,2,3,21,2,4,10,5,6,12,46-60,6K-10K,2.33,0
951,36,No,Travel_Frequently,Research & Development,27,2,Life Sciences,4,Female,2,4,Laboratory Technician,2,Single,4956,2170,6,No,14,3,4,3,30,3,2,6,3,2,11,36-45,3K-6K,2.67,0
952,53,No,Travel_Rarely,Research & Development,10,1,Technical Degree,2,Female,2,3,Healthcare Representative,3,Divorced,17555,10769,6,Yes,15,3,2,1,20,5,2,1,0,3,14,46-60,> 10K,2.33,0
953,30,No,Travel_Rarely,Sales,1,4,Technical Degree,3,Male,4,3,Manager,3,Single,19690,10259,6,No,19,3,3,3,35,3,4,5,4,7,15,26-35,> 10K,3.33,0
954,20,No,Travel_Rarely,Human Resources,4,2,Technical Degree,1,Female,3,5,Human Resources,1,Married,17081,3515,5,No,16,3,4,1,39,6,3,40,36,5,7,18-25,> 10K,1.67,0
955,27,No,Travel_Rarely,Research & Development,3,4,Human Resources,1,Male,4,2,Healthcare Representative,2,Divorced,1421,10192,7,No,20,4,1,1,22,6,1,31,22,7,5,26-35,< 3K,1.33,0
956,55,No,Non-Travel,Research & Development,5,4,Other,3,Male,3,1,Healthcare Representative,4,Single,6540,4198,8,No,25,4,3,1,25,4,3,19,6,10,7,46-60,6K-10K,3.33,0
957,18,No,Travel_Rarely,Research & Development,12,3,Life Sciences,3,Male,2,1,Manufacturing Director,3,Divorced,17288,19285,1,No,23,3,2,1,17,1,3,33,19,1,1,18-25,> 10K,3.0,0
958,44,No,Travel_Frequently,Sales,25,5,Marketing,1,Female,4,5,Sales Representative,1,Married,16966,24287,6,Yes,14,3,3,1,14,5,4,15,0,12,17,36-45,> 10K,2.0,0
959,25,No,Travel_Frequently,Sales,12,1,Other,4,Male,1,2,Sales Executive,2,Married,16882,16593,1,Yes,18,3,4,1,33,3,2,24,13,15,10,18-25,> 10K,2.67,0
960,59,No,Non-Travel,Research & Development,13,1,Marketing,1,Female,4,2,Manufacturing Director,4,Married,5675,15037,5,No,19,3,2,3,21,0,1,11,7,8,16,46-60,3K-6K,2.0,0
961,34,No,Travel_Rarely,Sales,24,2,Life Sciences,3,Female,3,2,Sales Executive,3,Married,10082,9755,1,Yes,20,3,2,3,27,5,2,6,3,15,9,26-35,> 10K,2.67,0
962,26,No,Non-Travel,Research & Development,12,1,Medical,4,Male,4,3,Research Director,4,Single,14009,10986,9,No,15,4,4,0,6,0,3,38,16,6,1,26-35,> 10K,3.67,0
963,23,No,Travel_Rarely,Sales,25,3,Other,2,Male,3,5,Manager,3,Single,7748,4066,5,No,12,3,1,3,39,1,3,16,13,15,1,18-25,6K-10K,2.67,0
964,60,No,Travel_Rarely,Research & Development,16,1,Human Resources,1,Female,1,1,Research Scientist,1,Divorced,7103,12011,1,No,25,3,2,2,23,3,2,10,7,14,5,46-60,6K-10K,1.33,0
965,42,No,Travel_Rarely,Sales,13,2,Marketing,3,Male,2,2,Manager,4,Single,18857,26946,0,Yes,25,3,2,0,34,5,2,5,3,14,16,36-45,> 10K,3.0,0
966,56,No,Travel_Rarely,Research & Development,5,1,Other,2,Male,1,5,Manager,2,Divorced,19565,20922,6,No,16,4,2,3,12,5,4,22,7,12,11,46-60,> 10K,2.67,0
967,45,No,Travel_Rarely,Research & Development,24,5,Other,1,Female,3,1,Laboratory Technician,2,Single,12348,5907,2,Yes,21,3,1,2,12,1,2,26,23,15,4,36-45,> 10K,1.67,0
968,50,No,Travel_Rarely,Sales,4,4,Technical Degree,1,Female,2,3,Sales Representative,3,Married,10782,25344,3,No,25,3,3,3,30,4,2,5,2,4,1,46-60,> 10K,2.0,0
969,54,No,Travel_Frequently,Research & Development,21,4,Medical,4,Male,2,4,Manufacturing Director,2,Divorced,6882,17600,5,No,22,3,1,1,18,0,4,37,24,10,8,46-60,6K-10K,3.33,0
970,26,Yes,Travel_Rarely,Research & Development,15,4,Technical Degree,3,Female,4,1,Manufacturing Director,4,Single,6798,12246,4,No,18,3,3,0,28,5,2,1,0,14,1,26-35,6K-10K,3.0,1
971,35,No,Travel_Rarely,Research & Development,12,5,Medical,2,Male,1,1,Manager,1,Divorced,10627,4596,3,No,23,3,2,1,21,2,3,21,0,14,13,26-35,> 10K,2.0,0
972,38,No,Travel_Rarely,Human Resources,19,3,Medical,1,Male,3,1,Manager,3,Married,9415,14658,8,Yes,15,3,3,0,40,0,2,19,1,6,14,36-45,6K-10K,2.0,0
973,19,No,Travel_Rarely,Research & Development,21,2,Human Resources,4,Female,3,4,Laboratory Technician,4,Married,13466,21705,5,No,11,3,3,0,20,3,1,24,14,1,1,18-25,> 10K,3.0,0
974,60,No,Travel_Rarely,Sales,28,5,Other,2,Female,2,2,Manager,3,Married,10846,11330,5,Yes,18,3,3,1,15,1,3,14,5,10,17,46-60,> 10K,2.67,0
975,55,No,Travel_Rarely,Sales,19,2,Technical Degree,2,Male,4,4,Manager,1,Married,13720,26104,1,Yes,19,3,3,0,29,0,4,28,27,3,11,46-60,> 10K,2.33,0
976,57,No,Non-Travel,Sales,21,3,Technical Degree,1,Male,3,1,Sales Executive,3,Married,10145,4621,5,No,11,3,2,0,4,2,3,7,1,6,6,46-60,> 10K,2.33,0
977,53,No,Non-Travel,Research & Development,11,5,Marketing,2,Female,4,3,Healthcare Representative,2,Married,5524,12920,6,No,18,3,4,3,40,6,4,36,17,1,15,46-60,3K-6K,2.67,0
978,60,No,Non-Travel,Sales,21,1,Other,1,Male,2,1,Manager,2,Single,7559,11357,7,No,20,3,1,2,40,2,1,32,21,7,2,46-60,6K-10K,1.33,0
979,54,No,Travel_Frequently,Research & Development,6,3,Life Sciences,4,Male,2,3,Laboratory Technician,3,Single,8620,15749,7,No,22,3,3,1,5,1,1,21,13,13,14,46-60,6K-10K,2.67,0
980,32,No,Travel_Rarely,Research & Development,9,4,Life Sciences,4,Male,2,5,Healthcare Representative,1,Divorced,4124,5841,8,No,12,3,2,3,20,1,3,4,0,9,14,26-35,3K-6K,2.67,0
981,45,Yes,Non-Travel,Research & Development,1,5,Marketing,2,Female,4,3,Manager,1,Divorced,9671,16423,9,No,14,3,2,3,10,6,2,38,26,15,6,36-45,6K-10K,1.67,1
982,35,Yes,Travel_Frequently,Research & Development,12,3,Medical,1,Male,3,1,Research Scientist,2,Married,12706,6558,2,No,23,4,2,1,23,0,3,17,12,9,7,26-35,> 10K,2.0,1
983,51,No,Travel_Rarely,Sales,26,3,Marketing,3,Male,1,4,Sales Executive,1,Married,18737,14768,9,Yes,25,3,2,0,27,3,3,37,32,10,6,46-60,> 10K,2.33,0
984,39,No,Travel_Rarely,Sales,14,5,Marketing,4,Male,4,1,Manager,3,Married,13070,23302,6,No,25,3,3,1,14,4,1,36,4,4,2,36-45,> 10K,2.67,0
985,28,No,Travel_Rarely,Research & Development,6,4,Technical Degree,1,Male,2,1,Research Director,4,Married,9134,6339,6,Yes,12,3,1,2,38,2,4,29,25,12,17,26-35,6K-10K,3.0,0
986,30,No,Non-Travel,Research & Development,1,4,Marketing,1,Male,1,5,Manufacturing Director,3,Married,1924,2238,0,No,12,3,2,2,39,1,3,30,12,4,6,26-35,< 3K,2.33,0
987,21,No,Travel_Rarely,Research & Development,22,3,Medical,1,Male,1,2,Healthcare Representative,2,Divorced,19554,19604,7,No,20,3,1,1,18,4,2,9,8,7,4,18-25,> 10K,1.67,0
988,39,No,Travel_Rarely,Research & Development,2,2,Life Sciences,2,Male,1,1,Research Director,2,Single,6506,19152,3,No,13,3,1,3,16,4,1,14,13,15,12,36-45,6K-10K,1.67,0
989,24,No,Travel_Rarely,Sales,24,3,Human Resources,3,Female,1,5,Sales Representative,2,Married,14650,26810,4,No,24,3,1,1,2,4,3,17,2,15,1,18-25,> 10K,2.67,0
990,60,No,Travel_Rarely,Research & Development,11,5,Other,2,Male,1,4,Manager,1,Divorced,3395,24714,5,Yes,18,3,4,2,2,3,3,22,14,12,17,46-60,3K-6K,2.0,0
991,41,No,Travel_Rarely,Research & Development,3,5,Marketing,4,Male,2,5,Manager,3,Married,16310,9388,2,No,14,4,2,1,38,1,2,32,29,12,3,36-45,> 10K,3.0,0
992,21,No,Travel_Rarely,Research & Development,10,5,Other,2,Female,3,5,Manager,4,Divorced,9226,22976,4,No,17,3,2,0,27,2,3,15,2,11,3,18-25,6K-10K,3.0,0
993,45,No,Travel_Rarely,Sales,6,4,Marketing,1,Female,1,3,Manager,3,Married,12781,12426,9,No,22,3,2,1,30,1,3,37,13,0,7,36-45,> 10K,2.33,0
994,32,No,Travel_Rarely,Research & Development,6,1,Other,2,Female,3,2,Research Scientist,4,Single,6515,9617,4,No,20,4,1,3,7,0,3,34,11,5,10,26-35,6K-10K,3.0,0
995,18,No,Non-Travel,Research & Development,20,5,Technical Degree,1,Male,3,2,Manufacturing Director,3,Divorced,4365,10082,0,No,13,3,2,0,16,2,3,33,27,1,0,18-25,3K-6K,2.33,0
996,20,No,Travel_Rarely,Sales,21,5,Technical Degree,3,Male,4,4,Manager,2,Married,17972,9579,2,No,20,3,2,2,34,1,2,27,11,0,8,18-25,> 10K,2.33,0
997,31,No,Travel_Rarely,Human Resources,2,2,Other,2,Female,2,5,Manager,4,Married,12410,15922,2,No,22,3,1,1,35,2,3,1,0,11,5,26-35,> 10K,3.0,0
998,55,No,Travel_Rarely,Sales,26,2,Marketing,2,Female,1,4,Manager,3,Single,10095,8456,0,No,24,4,2,3,26,0,3,29,10,14,3,46-60,> 10K,2.67,0
999,18,No,Travel_Rarely,Human Resources,26,3,Marketing,2,Male,3,4,Manager,1,Married,11361,22501,6,Yes,25,3,3,3,39,5,3,12,0,14,5,18-25,> 10K,2.0,0
1000,55,Yes,Travel_Rarely,Research & Development,24,3,Medical,1,Male,4,2,Research Scientist,1,Married,9531,4439,0,No,24,3,4,2,32,2,1,40,39,12,12,46-60,6K-10K,1.0,1
1001,55,Yes,Non-Travel,Sales,10,3,Life Sciences,1,Female,3,2,Manager,3,Single,5270,12019,6,Yes,23,3,3,1,10,5,2,15,0,6,8,46-60,3K-6K,2.0,1
1002,38,No,Travel_Frequently,Research & Development,23,5,Life Sciences,2,Male,1,2,Research Director,2,Married,10906,24470,3,No,21,3,3,3,20,4,1,4,4,11,13,36-45,> 10K,1.67,0
1003,46,No,Travel_Rarely,Research & Development,26,2,Human Resources,2,Male,2,1,Research Director,4,Married,17940,23208,8,No,24,3,3,0,5,6,1,27,24,13,11,46-60,> 10K,2.33,0
1004,22,No,Travel_Frequently,Research & Development,6,3,Life Sciences,3,Male,2,5,Research Director,3,Single,12279,12065,6,No,13,3,1,1,20,3,2,38,22,13,3,18-25,> 10K,2.67,0
1005,27,Yes,Travel_Rarely,Research & Development,23,2,Human Resources,3,Female,1,4,Manager,1,Married,6452,17235,4,No,12,3,2,2,27,0,1,19,19,3,7,26-35,6K-10K,1.67,1
1006,45,No,Travel_Rarely,Research & Development,28,5,Technical Degree,4,Female,3,5,Research Director,4,Married,7477,14499,6,Yes,23,3,3,0,16,2,1,23,10,14,16,36-45,6K-10K,3.0,0
1007,38,No,Non-Travel,Research & Development,17,5,Human Resources,3,Female,4,4,Laboratory Technician,1,Single,18400,10391,8,No,22,3,3,1,17,0,1,26,24,0,4,36-45,> 10K,1.67,0
1008,24,No,Travel_Rarely,Research & Development,14,3,Human Resources,3,Male,2,4,Manufacturing Director,1,Married,7470,10369,9,No,16,3,2,3,10,4,2,29,24,9,2,18-25,6K-10K,2.0,0
1009,20,No,Non-Travel,Sales,5,5,Life Sciences,3,Male,2,4,Sales Representative,3,Single,3062,7542,5,No,16,3,1,2,24,5,3,26,1,10,3,18-25,3K-6K,3.0,0
1010,37,No,Non-Travel,Research & Development,23,5,Marketing,1,Male,3,4,Laboratory Technician,1,Single,10030,11122,0,Yes,11,3,3,2,29,3,4,25,9,10,7,36-45,> 10K,2.0,0
1011,36,No,Travel_Rarely,Sales,17,2,Technical Degree,3,Female,3,3,Manager,4,Married,2813,13928,5,No,17,3,2,1,24,0,4,6,1,5,15,36-45,< 3K,3.67,0
1012,52,No,Travel_Rarely,Human Resources,2,1,Medical,3,Female,3,3,Human Resources,2,Married,12671,4036,0,Yes,22,3,2,2,6,5,2,37,5,9,10,46-60,> 10K,2.33,0
1013,21,No,Travel_Rarely,Human Resources,9,4,Human Resources,2,Female,4,1,Human Resources,3,Divorced,15308,11677,3,No,24,3,4,0,36,4,4,4,3,12,1,18-25,> 10K,3.0,0
1014,22,No,Travel_Rarely,Sales,12,3,Human Resources,1,Male,3,2,Manager,4,Single,3313,20475,7,Yes,24,3,3,1,26,4,2,22,11,11,7,18-25,3K-6K,2.33,0
1015,18,No,Travel_Rarely,Research & Development,19,1,Other,4,Female,4,4,Research Director,3,Married,10706,7550,4,No,14,3,3,0,25,4,2,27,10,14,6,18-25,> 10K,3.0,0
1016,21,No,Non-Travel,Human Resources,22,3,Human Resources,4,Male,1,5,Human Resources,1,Single,18615,6263,4,No,23,3,4,2,12,6,4,33,22,12,0,18-25,> 10K,3.0,0
1017,29,No,Travel_Rarely,Sales,7,1,Marketing,3,Male,4,3,Manager,1,Married,10837,24814,9,Yes,21,3,2,2,23,5,1,14,10,5,1,26-35,> 10K,1.67,0
1018,44,No,Travel_Rarely,Research & Development,9,5,Medical,4,Male,3,2,Research Scientist,4,Married,6831,17044,7,Yes,22,3,2,2,11,2,3,31,25,15,12,36-45,6K-10K,3.67,0
1019,59,No,Travel_Rarely,Human Resources,21,3,Other,4,Male,4,1,Manager,4,Married,5056,20768,7,No,13,4,3,0,13,1,4,25,24,11,10,46-60,3K-6K,4.0,0
1020,40,No,Travel_Rarely,Sales,16,1,Life Sciences,4,Female,4,2,Sales Executive,2,Married,1305,14280,0,Yes,23,3,3,2,8,0,4,30,12,2,2,36-45,< 3K,3.33,0
1021,42,No,Travel_Rarely,Research & Development,20,4,Technical Degree,3,Male,4,4,Manufacturing Director,4,Divorced,15347,12107,4,No,23,3,4,1,30,6,4,18,4,15,1,36-45,> 10K,3.67,0
1022,38,No,Non-Travel,Sales,11,5,Marketing,4,Female,2,2,Sales Representative,4,Married,2689,8326,4,No,18,3,3,3,3,1,4,8,5,13,15,36-45,< 3K,4.0,0
1023,41,No,Travel_Rarely,Human Resources,12,3,Medical,3,Male,3,4,Manager,3,Divorced,4917,26591,7,No,12,3,3,1,18,4,2,28,0,5,0,36-45,3K-6K,2.67,0
1024,42,No,Travel_Frequently,Human Resources,15,3,Technical Degree,2,Male,4,3,Manager,1,Single,3936,26047,0,No,19,3,1,3,0,1,2,38,5,9,6,36-45,3K-6K,1.67,0
1025,49,No,Non-Travel,Human Resources,18,1,Life Sciences,2,Male,3,3,Manager,4,Married,4862,15891,6,Yes,23,3,4,2,28,5,3,3,1,8,2,46-60,3K-6K,3.0,0
1026,49,Yes,Travel_Rarely,Research & Development,19,3,Technical Degree,4,Male,1,4,Research Director,2,Married,15506,13126,6,No,18,3,2,1,5,4,3,2,1,5,15,46-60,> 10K,3.0,1
1027,22,No,Travel_Rarely,Research & Development,16,5,Other,2,Male,4,5,Healthcare Representative,4,Married,15318,11028,8,No,18,3,3,0,0,6,4,28,8,0,5,18-25,> 10K,3.33,0
1028,53,No,Travel_Rarely,Research & Development,15,2,Human Resources,3,Male,4,3,Research Director,1,Single,16300,9721,1,No,23,3,2,3,24,4,4,10,7,9,13,46-60,> 10K,2.67,0
1029,59,No,Travel_Rarely,Research & Development,5,1,Human Resources,2,Male,1,5,Manufacturing Director,4,Divorced,6649,20541,2,No,13,3,3,0,26,3,4,32,24,5,10,46-60,6K-10K,3.33,0
1030,59,No,Travel_Rarely,Research & Development,11,4,Marketing,4,Female,3,4,Research Director,3,Single,19203,18689,3,No,23,4,1,3,21,3,3,37,14,7,0,46-60,> 10K,3.33,0
1031,56,No,Travel_Rarely,Sales,15,3,Technical Degree,3,Female,1,4,Sales Executive,1,Single,16674,9123,0,Yes,14,3,4,2,16,6,4,10,9,6,12,46-60,> 10K,2.67,0
1032,33,No,Travel_Rarely,Research & Development,29,5,Human Resources,1,Female,1,3,Manufacturing Director,4,Married,18726,20437,6,No,12,3,4,1,28,5,1,26,7,13,8,26-35,> 10K,2.0,0
1033,50,No,Travel_Rarely,Sales,18,3,Marketing,3,Male,1,5,Sales Representative,3,Married,6560,7812,9,No,12,3,2,3,2,5,3,32,23,15,10,46-60,6K-10K,3.0,0
1034,38,No,Travel_Rarely,Sales,13,4,Marketing,2,Male,1,4,Sales Representative,1,Married,16451,5344,2,No,14,4,1,1,16,1,1,20,15,7,0,36-45,> 10K,1.33,0
1035,26,No,Travel_Frequently,Sales,4,5,Other,1,Male,3,3,Sales Representative,4,Married,19610,22840,2,No,16,3,2,3,1,6,4,38,37,10,12,26-35,> 10K,3.0,0
1036,23,Yes,Travel_Rarely,Research & Development,17,4,Marketing,3,Female,4,4,Healthcare Representative,3,Married,2079,3208,2,No,15,4,1,3,31,0,2,30,28,11,0,18-25,< 3K,2.67,1
1037,52,No,Travel_Rarely,Research & Development,4,5,Life Sciences,1,Male,1,2,Manufacturing Director,2,Married,14983,20242,7,Yes,25,3,3,2,21,6,1,37,5,7,2,46-60,> 10K,1.33,0
1038,56,No,Travel_Rarely,Research & Development,16,2,Human Resources,1,Male,1,2,Manufacturing Director,3,Married,16327,21087,8,No,11,3,3,3,38,1,3,1,1,14,16,46-60,> 10K,2.33,0
1039,39,No,Travel_Frequently,Sales,23,5,Human Resources,1,Male,2,3,Sales Executive,2,Divorced,13755,3971,9,No,23,3,1,0,32,5,1,26,2,8,4,36-45,> 10K,1.33,0
1040,58,No,Travel_Frequently,Research & Development,15,4,Medical,3,Male,3,4,Healthcare Representative,4,Divorced,8235,3113,1,No,20,3,3,3,21,0,3,35,0,2,5,46-60,6K-10K,3.33,0
1041,22,No,Travel_Rarely,Research & Development,14,1,Life Sciences,2,Female,1,3,Laboratory Technician,3,Married,18197,2983,9,No,11,3,4,3,3,6,4,10,3,6,16,18-25,> 10K,3.0,0
1042,59,No,Travel_Rarely,Research & Development,12,2,Human Resources,3,Male,2,1,Manufacturing Director,2,Single,3031,13502,9,Yes,25,3,1,3,37,1,1,17,11,5,9,46-60,3K-6K,2.0,0
1043,40,No,Travel_Rarely,Research & Development,3,3,Other,2,Male,1,3,Manufacturing Director,1,Divorced,9514,12963,0,No,16,3,1,2,12,2,2,0,0,1,10,36-45,6K-10K,1.67,0
1044,34,No,Non-Travel,Research & Development,10,2,Human Resources,3,Female,3,3,Research Scientist,3,Single,10095,12354,8,No,13,3,2,1,22,2,1,34,10,4,12,26-35,> 10K,2.33,0
1045,29,No,Travel_Rarely,Research & Development,8,2,Medical,3,Male,2,2,Research Director,4,Single,15287,4127,5,Yes,13,3,1,1,12,0,2,34,11,2,9,26-35,> 10K,3.0,0
1046,40,No,Non-Travel,Research & Development,6,3,Technical Degree,3,Male,2,2,Laboratory Technician,1,Single,6911,22023,8,No,17,4,2,2,19,3,3,30,9,10,13,36-45,6K-10K,2.33,0
1047,33,No,Travel_Frequently,Sales,22,5,Technical Degree,2,Male,3,4,Sales Representative,2,Single,12695,25860,5,No,23,3,1,0,32,0,4,27,17,4,12,26-35,> 10K,2.67,0
1048,20,No,Travel_Rarely,Sales,14,2,Life Sciences,3,Female,2,3,Manager,3,Divorced,4340,2560,1,No,23,4,4,0,33,1,4,38,38,13,3,18-25,3K-6K,3.33,0
1049,47,No,Travel_Rarely,Research & Development,17,2,Marketing,1,Female,2,3,Manufacturing Director,3,Married,8876,8652,0,No,11,3,4,2,37,4,2,0,0,10,16,46-60,6K-10K,2.0,0
1050,39,No,Travel_Rarely,Sales,21,1,Medical,3,Female,1,4,Sales Representative,4,Divorced,16896,12001,7,No,11,4,4,1,28,2,3,24,6,8,17,36-45,> 10K,3.33,0
1051,26,No,Non-Travel,Research & Development,19,1,Medical,1,Female,2,5,Laboratory Technician,1,Single,13435,22771,2,Yes,24,3,2,0,31,4,4,37,10,13,10,26-35,> 10K,2.0,0
1052,46,No,Travel_Rarely,Research & Development,16,4,Human Resources,4,Male,4,4,Research Director,3,Married,2141,21316,0,No,23,3,2,2,10,2,3,19,3,7,9,46-60,< 3K,3.33,0
1053,54,No,Travel_Rarely,Human Resources,15,3,Other,4,Male,3,2,Manager,3,Divorced,10281,10482,7,No,20,3,3,1,17,1,2,2,2,8,17,46-60,> 10K,3.0,0
1054,40,No,Travel_Rarely,Research & Development,26,5,Human Resources,2,Male,1,2,Laboratory Technician,1,Divorced,3038,14829,0,No,13,3,2,0,20,2,2,1,0,8,8,36-45,3K-6K,1.67,0
1055,30,No,Non-Travel,Human Resources,15,5,Other,2,Female,2,3,Manager,3,Married,5270,3909,7,No,24,3,2,0,11,0,1,17,12,10,4,26-35,3K-6K,2.0,0
1056,49,No,Travel_Rarely,Research & Development,1,4,Medical,4,Male,4,2,Research Scientist,1,Single,11046,17099,0,No,18,3,4,2,38,4,4,9,1,7,0,46-60,> 10K,3.0,0
1057,40,No,Travel_Rarely,Research & Development,24,5,Marketing,3,Female,1,4,Research Director,1,Married,5683,9230,8,Yes,11,4,1,1,19,5,4,4,0,13,4,36-45,3K-6K,2.67,0
1058,34,No,Non-Travel,Research & Development,23,5,Technical Degree,3,Female,3,3,Healthcare Representative,1,Married,17878,14881,8,Yes,20,4,2,0,6,4,1,8,7,7,2,26-35,> 10K,1.67,0
1059,57,Yes,Travel_Rarely,Research & Development,23,1,Life Sciences,3,Female,2,4,Manufacturing Director,4,Married,8116,19812,8,No,23,4,3,2,26,1,2,1,1,10,0,46-60,6K-10K,3.0,1
1060,38,No,Travel_Rarely,Research & Development,12,5,Other,4,Male,3,4,Laboratory Technician,1,Married,2784,19331,2,No,14,4,1,0,6,5,2,33,8,10,5,36-45,< 3K,2.33,0
1061,19,No,Travel_Rarely,Research & Development,10,5,Technical Degree,1,Male,3,3,Research Scientist,1,Married,4786,12719,3,No,19,3,2,1,1,4,2,37,30,5,9,18-25,3K-6K,1.33,0
1062,54,No,Travel_Rarely,Human Resources,14,4,Life Sciences,2,Male,2,5,Human Resources,2,Married,10190,3348,4,No,24,4,1,3,32,6,2,30,22,5,4,46-60,> 10K,2.0,0
1063,23,No,Travel_Rarely,Research & Development,10,4,Marketing,1,Male,2,2,Laboratory Technician,2,Married,6428,10572,5,No,14,4,1,0,20,1,3,9,8,13,11,18-25,6K-10K,2.0,0
1064,35,No,Travel_Frequently,Research & Development,10,2,Medical,4,Female,1,1,Laboratory Technician,4,Single,7681,11896,8,No,20,3,1,1,28,6,4,11,9,14,11,26-35,6K-10K,4.0,0
1065,47,No,Travel_Rarely,Research & Development,20,5,Marketing,1,Male,3,1,Healthcare Representative,1,Married,7893,2309,3,No,18,3,1,0,31,3,4,35,1,5,16,46-60,6K-10K,2.0,0
1066,39,No,Travel_Rarely,Research & Development,29,5,Other,3,Female,2,1,Research Scientist,2,Married,13661,21798,5,No,17,4,1,3,11,0,2,20,5,9,1,36-45,> 10K,2.33,0
1067,50,No,Travel_Rarely,Sales,11,5,Medical,3,Male,3,2,Manager,2,Single,15892,7789,0,No,13,3,2,3,12,2,2,5,2,5,13,46-60,> 10K,2.33,0
1068,47,No,Travel_Rarely,Sales,22,1,Human Resources,1,Male,2,5,Sales Representative,3,Single,10643,11690,1,No,17,3,1,0,38,6,2,2,2,12,11,46-60,> 10K,2.0,0
1069,34,Yes,Non-Travel,Research & Development,16,5,Life Sciences,4,Male,3,4,Research Scientist,1,Single,10943,13086,7,Yes,25,3,1,2,39,2,4,9,5,13,12,26-35,> 10K,3.0,1
1070,60,No,Travel_Rarely,Sales,29,1,Human Resources,1,Male,1,3,Sales Executive,2,Married,11472,8568,3,No,17,3,3,0,2,2,4,4,2,10,4,46-60,> 10K,2.33,0
1071,49,No,Travel_Rarely,Sales,9,2,Medical,3,Male,3,5,Manager,4,Divorced,13992,15453,9,No,20,4,3,1,38,3,2,25,23,12,4,46-60,> 10K,3.0,0
1072,59,No,Travel_Rarely,Sales,15,3,Life Sciences,3,Male,2,1,Sales Representative,3,Single,12126,10852,6,Yes,13,3,1,2,7,0,3,20,10,14,16,46-60,> 10K,3.0,0
1073,31,No,Travel_Frequently,Sales,14,5,Life Sciences,4,Male,4,2,Manager,3,Married,7869,21831,3,Yes,12,3,2,1,1,4,1,25,14,11,4,26-35,6K-10K,2.67,0
1074,27,Yes,Travel_Frequently,Sales,19,4,Human Resources,1,Male,1,2,Manager,1,Married,8669,20657,8,Yes,25,3,3,1,5,6,1,37,27,8,3,26-35,6K-10K,1.0,1
1075,53,No,Non-Travel,Human Resources,9,4,Life Sciences,3,Female,1,3,Human Resources,1,Single,12538,12264,8,No,19,3,3,2,40,4,1,25,9,9,6,46-60,> 10K,1.67,0
1076,51,No,Travel_Rarely,Research & Development,4,5,Medical,3,Male,4,4,Research Scientist,3,Divorced,11065,18049,3,Yes,25,3,1,3,14,0,4,7,5,12,16,46-60,> 10K,3.33,0
1077,26,Yes,Non-Travel,Research & Development,21,1,Other,1,Male,2,5,Manufacturing Director,4,Married,11171,13628,7,Yes,11,3,2,1,11,5,4,4,0,14,10,26-35,> 10K,3.0,1
1078,59,No,Travel_Rarely,Research & Development,7,4,Other,1,Male,1,5,Research Director,1,Divorced,18696,4142,5,No,24,4,4,0,40,0,1,14,1,0,5,46-60,> 10K,1.0,0
1079,45,No,Non-Travel,Sales,22,4,Medical,2,Female,4,5,Sales Representative,1,Single,3962,16843,0,No,17,3,2,3,31,2,1,15,1,15,12,36-45,3K-6K,1.33,0
1080,28,Yes,Travel_Frequently,Human Resources,26,2,Human Resources,4,Female,4,4,Manager,3,Single,14851,18175,6,Yes,14,3,3,3,5,4,3,0,0,9,11,26-35,> 10K,3.33,1
1081,31,No,Travel_Rarely,Research & Development,8,2,Marketing,4,Male,3,4,Healthcare Representative,3,Married,13979,11797,0,No,12,4,3,2,26,0,4,15,6,5,4,26-35,> 10K,3.67,0
1082,56,Yes,Non-Travel,Sales,24,2,Medical,1,Female,3,4,Manager,1,Married,6296,15487,2,No,25,3,3,0,12,4,4,36,14,7,9,46-60,6K-10K,2.0,1
1083,36,No,Travel_Rarely,Research & Development,8,4,Other,4,Female,2,3,Manager,2,Divorced,15745,23123,7,No,12,3,3,0,22,0,1,2,1,14,10,36-45,> 10K,2.33,0
1084,32,No,Travel_Rarely,Research & Development,19,4,Medical,3,Female,4,2,Research Scientist,1,Single,6730,16825,8,No,18,3,3,3,9,1,3,30,17,0,8,26-35,6K-10K,2.33,0
1085,45,No,Travel_Rarely,Human Resources,15,5,Life Sciences,1,Male,3,1,Manager,2,Married,14921,12142,2,Yes,17,3,1,1,13,6,3,12,3,14,12,36-45,> 10K,2.0,0
1086,41,No,Travel_Rarely,Research & Development,16,5,Life Sciences,1,Female,2,4,Manufacturing Director,3,Single,1126,2458,0,No,22,3,1,1,2,2,1,15,8,10,2,36-45,< 3K,1.67,0
1087,25,No,Travel_Rarely,Research & Development,26,1,Medical,1,Male,1,2,Research Scientist,2,Divorced,6602,9580,0,No,17,4,1,0,11,0,1,20,1,10,16,18-25,6K-10K,1.33,0
1088,60,No,Travel_Rarely,Sales,22,4,Human Resources,2,Female,3,4,Manager,4,Married,18575,18721,6,Yes,15,3,3,3,24,3,4,1,1,5,17,46-60,> 10K,3.33,0
1089,26,No,Travel_Rarely,Human Resources,23,5,Marketing,4,Male,2,1,Human Resources,3,Married,13581,17298,4,No,24,3,1,3,0,0,1,26,19,8,4,26-35,> 10K,2.67,0
1090,50,No,Travel_Rarely,Sales,9,5,Life Sciences,2,Female,3,4,Manager,1,Single,16997,14135,0,No,20,3,3,3,31,1,2,37,33,5,15,46-60,> 10K,1.67,0
1091,50,No,Travel_Rarely,Human Resources,26,2,Other,3,Female,1,2,Human Resources,1,Married,18750,23834,5,No,18,3,2,2,23,3,3,25,10,13,15,46-60,> 10K,2.33,0
1092,36,No,Travel_Frequently,Research & Development,26,2,Life Sciences,4,Male,1,3,Manufacturing Director,3,Single,10211,9380,5,No,24,3,4,0,8,3,1,37,25,1,10,36-45,> 10K,2.67,0
1093,20,Yes,Travel_Rarely,Research & Development,12,2,Other,2,Female,3,1,Laboratory Technician,3,Single,15997,6020,3,No,12,3,2,0,0,0,2,24,6,0,3,18-25,> 10K,2.33,1
1094,27,No,Non-Travel,Research & Development,16,3,Marketing,1,Male,1,2,Research Scientist,4,Married,7671,26920,6,No,12,3,4,1,38,1,3,10,5,3,8,26-35,6K-10K,2.67,0
1095,57,No,Travel_Rarely,Sales,4,5,Life Sciences,2,Male,2,5,Manager,3,Divorced,13271,7643,6,No,15,4,1,1,9,3,2,7,5,5,14,46-60,> 10K,2.33,0
1096,59,No,Travel_Frequently,Sales,5,2,Human Resources,1,Male,3,5,Sales Representative,1,Divorced,9876,19326,8,No,25,4,4,0,40,6,2,7,1,9,11,46-60,6K-10K,1.33,0
1097,18,No,Non-Travel,Sales,8,2,Other,2,Female,3,5,Manager,4,Married,3887,18729,0,No,11,3,2,0,29,2,1,32,4,9,15,18-25,3K-6K,2.33,0
1098,46,Yes,Travel_Rarely,Sales,1,4,Life Sciences,2,Male,1,3,Manager,1,Married,10654,22278,4,No,16,3,2,1,4,5,3,6,2,8,3,46-60,> 10K,2.0,1
1099,51,No,Non-Travel,Research & Development,28,2,Life Sciences,2,Male,2,4,Research Director,2,Divorced,5086,10516,9,No,14,3,4,0,3,2,2,37,0,4,2,46-60,3K-6K,2.0,0
1100,30,No,Travel_Rarely,Research & Development,6,4,Medical,1,Female,3,4,Healthcare Representative,3,Married,19645,8610,2,No,16,3,2,1,7,4,4,20,1,6,3,26-35,> 10K,2.67,0
1101,18,No,Travel_Frequently,Sales,15,1,Human Resources,2,Female,3,4,Sales Executive,2,Married,5180,20522,6,No,17,3,1,0,15,4,3,7,7,5,1,18-25,3K-6K,2.33,0
1102,51,No,Travel_Rarely,Human Resources,4,2,Human Resources,4,Female,1,3,Human Resources,1,Divorced,3841,22773,3,No,23,3,2,2,0,1,4,20,0,5,6,46-60,3K-6K,3.0,0
1103,46,No,Travel_Rarely,Research & Development,21,4,Medical,4,Male,1,5,Research Director,2,Single,7040,13804,3,No,13,3,4,2,14,3,1,19,18,8,1,46-60,6K-10K,2.33,0
1104,30,No,Travel_Frequently,Human Resources,11,2,Other,4,Male,2,4,Manager,2,Single,11304,26210,0,Yes,21,3,1,3,23,2,4,7,1,4,0,26-35,> 10K,3.33,0
1105,46,No,Non-Travel,Human Resources,5,1,Technical Degree,1,Male,2,3,Manager,1,Married,5758,9816,0,No,23,3,4,0,14,2,3,30,20,1,17,46-60,3K-6K,1.67,0
1106,56,No,Travel_Rarely,Sales,18,2,Marketing,1,Female,1,3,Sales Representative,1,Single,18010,13932,9,No,18,3,3,1,5,5,2,28,19,7,7,46-60,> 10K,1.33,0
1107,41,No,Travel_Rarely,Research & Development,24,4,Human Resources,4,Male,2,2,Manufacturing Director,3,Married,17234,18642,1,No,17,3,3,0,1,1,2,8,6,14,7,36-45,> 10K,3.0,0
1108,43,No,Travel_Rarely,Research & Development,15,1,Technical Degree,4,Male,4,4,Manufacturing Director,2,Married,6014,19494,1,Yes,23,3,1,0,4,6,3,14,4,10,9,36-45,6K-10K,3.0,0
1109,34,Yes,Travel_Rarely,Research & Development,18,1,Other,4,Female,4,5,Research Scientist,4,Married,2375,25709,0,No,11,3,1,3,38,3,2,29,23,13,17,26-35,< 3K,3.33,1
1110,24,No,Travel_Rarely,Sales,20,1,Marketing,3,Male,1,1,Manager,4,Divorced,2181,8487,7,No,16,3,2,1,40,1,4,25,3,2,10,18-25,< 3K,3.67,0
1111,30,Yes,Travel_Frequently,Research & Development,28,3,Human Resources,4,Male,3,3,Research Scientist,1,Single,1490,19204,5,No,17,3,4,0,33,0,2,9,5,14,0,26-35,< 3K,2.33,1
1112,22,No,Travel_Frequently,Sales,13,4,Life Sciences,2,Male,1,2,Manager,1,Married,4729,7988,5,No,24,4,3,1,38,2,2,28,19,13,6,18-25,3K-6K,1.67,0
1113,43,No,Travel_Rarely,Sales,5,3,Human Resources,3,Male,1,1,Sales Executive,2,Single,6974,7635,9,No,21,3,2,0,31,1,4,15,1,14,7,36-45,6K-10K,3.0,0
1114,20,No,Travel_Rarely,Research & Development,1,1,Marketing,3,Male,1,3,Laboratory Technician,1,Married,19324,23048,9,No,25,3,3,3,28,1,4,35,0,8,13,18-25,> 10K,2.67,0
1115,24,Yes,Travel_Rarely,Research & Development,22,3,Technical Degree,1,Male,3,2,Healthcare Representative,4,Married,2882,9093,8,No,14,3,2,1,28,5,4,19,0,13,7,18-25,< 3K,3.0,1
1116,56,Yes,Travel_Rarely,Research & Development,18,2,Life Sciences,2,Female,4,4,Research Scientist,3,Married,3987,6604,4,No,24,4,2,0,23,6,1,36,23,4,3,46-60,3K-6K,2.0,1
1117,18,No,Travel_Frequently,Sales,14,3,Marketing,1,Male,2,2,Sales Representative,3,Single,6585,19947,3,No,12,3,3,2,30,0,4,21,13,13,9,18-25,6K-10K,2.67,0
1118,34,No,Travel_Rarely,Research & Development,5,5,Other,1,Male,4,3,Healthcare Representative,2,Married,4159,24727,5,No,20,3,2,1,23,4,4,6,3,0,9,26-35,3K-6K,2.33,0
1119,60,No,Travel_Frequently,Sales,6,1,Marketing,2,Female,2,4,Manager,3,Married,5530,11399,7,No,19,3,3,3,14,2,1,22,4,14,3,46-60,3K-6K,2.0,0
1120,42,No,Travel_Frequently,Sales,27,1,Human Resources,1,Female,2,5,Manager,1,Single,18065,26884,0,No,17,3,1,2,11,5,2,40,10,3,7,36-45,> 10K,1.33,0
1121,20,No,Travel_Rarely,Research & Development,24,4,Other,2,Female,1,2,Healthcare Representative,1,Married,2073,3839,6,No,11,4,4,1,19,6,4,39,23,8,6,18-25,< 3K,2.33,0
1122,32,No,Travel_Rarely,Human Resources,25,2,Medical,2,Female,1,1,Human Resources,1,Married,14743,9675,7,Yes,18,3,2,1,3,6,3,28,27,0,14,26-35,> 10K,2.0,0
1123,46,No,Travel_Frequently,Research & Development,29,4,Medical,1,Female,2,4,Laboratory Technician,1,Divorced,19771,13544,8,No,25,3,3,1,12,1,4,15,14,7,7,46-60,> 10K,2.0,0
1124,60,No,Travel_Rarely,Research & Development,28,3,Life Sciences,4,Male,3,4,Manager,2,Divorced,3693,10001,7,No,13,3,3,1,40,2,4,37,12,7,9,46-60,3K-6K,3.33,0
1125,49,No,Travel_Rarely,Research & Development,16,5,Marketing,1,Female,3,5,Manager,3,Married,10562,11575,6,Yes,14,3,4,0,9,4,1,27,15,8,6,46-60,> 10K,1.67,0
1126,43,No,Travel_Rarely,Research & Development,22,5,Technical Degree,3,Male,3,2,Manager,4,Divorced,5340,4306,2,No,22,4,4,0,40,6,3,37,23,8,2,36-45,3K-6K,3.33,0
1127,33,No,Non-Travel,Sales,21,5,Life Sciences,1,Male,3,1,Sales Executive,3,Married,3156,16230,1,Yes,15,4,4,1,22,1,2,30,12,12,8,26-35,3K-6K,2.0,0
1128,42,No,Travel_Rarely,Research & Development,12,5,Other,2,Male,1,5,Manager,1,Divorced,17184,12664,2,No,11,3,2,3,6,6,2,13,7,5,15,36-45,> 10K,1.67,0
1129,45,No,Travel_Rarely,Research & Development,20,2,Life Sciences,3,Male,4,2,Healthcare Representative,4,Single,8966,17114,3,No,25,3,3,0,11,0,3,32,25,12,13,36-45,6K-10K,3.33,0
1130,26,No,Non-Travel,Research & Development,18,3,Human Resources,2,Male,4,1,Manager,2,Married,3580,23524,3,No,16,3,2,1,14,6,4,8,1,4,6,26-35,3K-6K,2.67,0
1131,18,No,Travel_Rarely,Research & Development,2,5,Other,4,Male,2,1,Manager,1,Married,8257,21070,5,No,20,3,2,1,6,2,1,26,15,11,11,18-25,6K-10K,2.0,0
1132,46,No,Travel_Rarely,Research & Development,23,1,Technical Degree,4,Male,3,3,Manager,1,Married,3159,13159,6,Yes,16,3,1,3,7,6,3,23,5,11,0,46-60,3K-6K,2.67,0
1133,39,No,Travel_Rarely,Sales,21,3,Marketing,3,Female,1,1,Manager,4,Single,17172,15299,3,No,12,3,4,3,6,6,3,12,0,13,15,36-45,> 10K,3.33,0
1134,33,No,Travel_Rarely,Sales,23,2,Other,4,Female,1,2,Sales Executive,2,Married,14900,19344,9,Yes,21,3,1,3,3,5,2,25,16,13,2,26-35,> 10K,2.67,0
1135,58,No,Travel_Frequently,Research & Development,13,5,Marketing,4,Male,1,5,Research Scientist,4,Single,12440,10629,5,No,20,3,1,2,6,0,1,28,10,6,0,46-60,> 10K,3.0,0
1136,58,No,Travel_Rarely,Sales,27,2,Marketing,1,Female,2,5,Sales Representative,2,Single,15678,2455,8,No,16,3,2,1,40,4,3,27,18,8,5,46-60,> 10K,2.0,0
1137,24,No,Non-Travel,Research & Development,17,5,Life Sciences,1,Male,1,3,Laboratory Technician,1,Married,15436,25151,5,No,18,3,2,3,29,4,1,27,2,4,1,18-25,> 10K,1.0,0
1138,31,No,Travel_Frequently,Research & Development,17,1,Human Resources,4,Female,2,2,Manager,3,Married,13021,22201,2,No,16,3,3,1,17,2,4,7,2,11,6,26-35,> 10K,3.67,0
1139,46,Yes,Travel_Rarely,Research & Development,16,3,Life Sciences,4,Male,2,1,Manager,1,Divorced,7772,11761,0,No,14,3,1,0,29,4,2,22,4,2,7,46-60,6K-10K,2.33,1
1140,36,No,Travel_Rarely,Research & Development,21,1,Medical,1,Male,2,3,Research Scientist,3,Married,2627,11810,9,No,25,3,4,1,6,3,4,28,16,8,12,36-45,< 3K,2.67,0
1141,36,No,Travel_Rarely,Research & Development,18,5,Medical,4,Male,2,4,Healthcare Representative,3,Divorced,12664,13804,9,No,14,3,1,1,22,5,1,4,1,14,15,36-45,> 10K,2.67,0
1142,19,No,Travel_Frequently,Research & Development,8,4,Marketing,4,Male,1,2,Manager,2,Divorced,9219,3512,4,Yes,19,3,3,2,36,2,4,6,5,9,9,18-25,6K-10K,3.33,0
1143,58,Yes,Travel_Rarely,Research & Development,3,3,Human Resources,2,Male,1,3,Healthcare Representative,4,Married,19369,6738,9,No,16,3,1,0,6,6,2,35,27,12,3,46-60,> 10K,2.67,1
1144,32,Yes,Travel_Rarely,Research & Development,17,2,Other,4,Male,4,5,Healthcare Representative,2,Married,10713,18775,9,Yes,18,3,1,0,37,3,1,40,28,0,12,26-35,> 10K,2.33,1
1145,20,Yes,Travel_Rarely,Sales,29,5,Marketing,3,Male,1,3,Sales Representative,1,Single,9488,4621,2,Yes,18,3,1,2,28,4,3,26,10,13,16,18-25,6K-10K,2.33,1
1146,28,No,Travel_Rarely,Research & Development,18,1,Other,2,Male,3,4,Healthcare Representative,4,Divorced,3181,17718,7,Yes,17,3,3,3,33,6,4,1,0,0,7,26-35,3K-6K,3.33,0
1147,47,No,Travel_Rarely,Research & Development,26,4,Marketing,3,Male,3,2,Research Scientist,3,Single,12594,8176,9,No,13,4,1,3,38,2,2,24,19,9,7,46-60,> 10K,2.67,0
1148,57,No,Travel_Rarely,Research & Development,26,5,Life Sciences,4,Female,2,3,Manufacturing Director,3,Married,19680,17495,0,No,20,4,2,1,40,3,3,8,2,13,6,46-60,> 10K,3.33,0
1149,35,Yes,Travel_Rarely,Research & Development,23,2,Marketing,1,Male,2,1,Manufacturing Director,1,Married,8164,11112,1,No,11,3,1,2,17,4,2,26,0,10,0,26-35,6K-10K,1.33,1
1150,19,No,Travel_Rarely,Research & Development,6,1,Marketing,2,Male,2,2,Research Director,4,Divorced,19981,24103,2,No,15,3,2,3,24,1,1,0,0,11,14,18-25,> 10K,2.33,0
1151,39,Yes,Travel_Rarely,Research & Development,28,3,Human Resources,1,Female,4,3,Manager,1,Married,1901,8041,2,Yes,23,3,1,0,26,1,1,22,9,3,14,36-45,< 3K,1.0,1
1152,25,No,Travel_Rarely,Research & Development,8,4,Human Resources,2,Female,2,3,Research Scientist,1,Divorced,10290,21984,7,No,25,3,2,2,26,0,4,9,1,1,3,18-25,> 10K,2.33,0
1153,39,No,Travel_Rarely,Research & Development,23,5,Other,1,Male,4,2,Healthcare Representative,2,Single,19061,7210,4,No,20,3,1,3,11,1,2,24,16,6,5,36-45,> 10K,1.67,0
1154,23,No,Travel_Rarely,Research & Development,26,5,Human Resources,2,Female,2,5,Manufacturing Director,1,Single,3881,6508,7,Yes,20,3,4,0,22,3,2,2,1,1,9,18-25,3K-6K,1.67,0
1155,29,No,Travel_Frequently,Research & Development,13,5,Marketing,2,Male,3,1,Research Scientist,4,Married,14058,8442,5,No,25,3,2,2,16,5,2,5,3,14,11,26-35,> 10K,2.67,0
1156,57,No,Non-Travel,Research & Development,8,5,Human Resources,3,Male,2,2,Manufacturing Director,1,Divorced,6622,26038,1,No,12,4,4,1,6,1,1,5,2,6,3,46-60,6K-10K,1.67,0
1157,53,No,Travel_Rarely,Sales,19,1,Human Resources,1,Male,1,1,Manager,4,Married,2378,8216,3,No,22,3,2,1,23,2,4,1,0,7,5,46-60,< 3K,3.0,0
1158,32,No,Travel_Rarely,Research & Development,6,3,Technical Degree,3,Female,2,1,Manufacturing Director,3,Divorced,18632,26269,8,No,20,3,1,0,6,2,2,17,1,11,13,26-35,> 10K,2.67,0
1159,45,No,Non-Travel,Research & Development,29,2,Technical Degree,3,Male,1,2,Manager,1,Divorced,6650,2260,3,No,23,3,3,3,28,2,2,22,13,10,12,36-45,6K-10K,2.0,0
1160,35,No,Travel_Rarely,Sales,23,4,Medical,1,Female,1,3,Sales Representative,4,Divorced,10462,8833,4,No,12,3,1,3,27,1,3,1,0,7,2,26-35,> 10K,2.67,0
1161,19,Yes,Travel_Frequently,Research & Development,15,5,Life Sciences,2,Male,1,5,Research Director,3,Married,10456,11527,4,Yes,24,3,3,2,22,6,2,11,0,2,14,18-25,> 10K,2.33,1
1162,30,No,Travel_Rarely,Sales,10,5,Life Sciences,3,Female,1,1,Sales Executive,4,Married,8036,15246,9,No,17,3,4,0,9,1,4,21,8,8,2,26-35,6K-10K,3.67,0
1163,32,Yes,Travel_Rarely,Research & Development,27,3,Human Resources,1,Male,4,1,Manufacturing Director,3,Single,7487,7944,7,Yes,21,3,3,3,15,0,3,36,19,9,4,26-35,6K-10K,2.33,1
1164,37,No,Travel_Rarely,Research & Development,17,3,Medical,2,Male,4,3,Research Scientist,2,Divorced,18442,24518,5,No,23,3,3,1,33,5,3,19,18,15,12,36-45,> 10K,2.33,0
1165,46,No,Travel_Rarely,Sales,1,1,Medical,3,Male,2,2,Sales Representative,1,Divorced,19432,25259,9,No,13,3,3,0,24,6,3,38,35,9,14,46-60,> 10K,2.33,0
1166,59,No,Travel_Rarely,Research & Development,7,1,Other,3,Female,2,5,Research Scientist,1,Married,5248,25212,6,No,23,3,3,1,1,5,1,23,7,15,16,46-60,3K-6K,1.67,0
1167,46,No,Travel_Rarely,Research & Development,29,1,Technical Degree,3,Male,4,1,Research Scientist,3,Single,19860,2334,5,No,18,3,4,0,4,6,3,19,12,9,5,46-60,> 10K,3.0,0
1168,20,No,Travel_Rarely,Research & Development,27,4,Medical,2,Female,2,1,Manufacturing Director,2,Single,5603,9669,4,No,19,4,3,2,13,6,2,0,0,5,17,18-25,3K-6K,2.0,0
1169,36,Yes,Travel_Rarely,Sales,13,1,Marketing,3,Female,2,2,Sales Executive,4,Divorced,13632,4779,4,No,24,3,1,3,30,4,1,0,0,3,2,36-45,> 10K,2.67,1
1170,20,No,Non-Travel,Sales,3,5,Other,2,Male,4,3,Sales Representative,2,Single,1220,25712,2,No,23,3,2,3,39,0,1,16,3,7,8,18-25,< 3K,1.67,0
1171,31,No,Travel_Rarely,Research & Development,19,1,Human Resources,4,Female,4,4,Healthcare Representative,4,Divorced,15226,20821,6,No,18,4,2,3,5,3,1,0,0,3,7,26-35,> 10K,3.0,0
1172,57,No,Travel_Rarely,Human Resources,15,4,Marketing,3,Female,2,3,Human Resources,4,Married,5818,21191,9,No,16,3,1,1,27,2,1,29,8,3,10,46-60,3K-6K,2.67,0
1173,21,No,Travel_Rarely,Research & Development,5,1,Life Sciences,4,Male,4,1,Healthcare Representative,1,Married,8349,15259,4,Yes,15,3,4,3,8,1,1,40,40,10,10,18-25,6K-10K,2.0,0
1174,28,No,Non-Travel,Sales,11,1,Technical Degree,1,Male,3,1,Sales Executive,3,Divorced,6618,7190,6,No,13,3,1,0,5,4,1,2,1,7,7,26-35,6K-10K,1.67,0
1175,48,No,Travel_Rarely,Research & Development,22,5,Marketing,3,Male,1,5,Healthcare Representative,1,Single,10856,5163,1,No,13,3,1,1,16,4,1,10,1,3,0,46-60,> 10K,1.67,0
1176,60,No,Travel_Rarely,Research & Development,18,5,Human Resources,1,Male,1,3,Manager,1,Married,5576,11094,8,Yes,17,3,3,2,39,6,3,23,11,15,1,46-60,3K-6K,1.67,0
1177,49,No,Travel_Rarely,Research & Development,3,5,Marketing,1,Male,3,4,Manager,1,Divorced,19255,13624,7,No,23,3,3,1,34,1,4,21,9,0,3,46-60,> 10K,2.0,0
1178,44,No,Travel_Rarely,Sales,6,1,Marketing,1,Male,3,5,Sales Executive,4,Married,16207,25872,4,No,15,4,4,2,11,0,2,25,10,5,1,36-45,> 10K,2.33,0
1179,47,Yes,Travel_Rarely,Research & Development,3,5,Medical,4,Female,2,4,Manufacturing Director,1,Married,2462,2023,1,No,22,3,4,1,17,4,2,12,6,11,1,46-60,< 3K,2.33,1
1180,60,No,Travel_Rarely,Research & Development,5,3,Technical Degree,2,Male,2,5,Healthcare Representative,4,Married,16905,6652,5,No,24,3,2,3,33,5,3,0,0,7,12,46-60,> 10K,3.0,0
1181,19,No,Travel_Frequently,Human Resources,9,2,Life Sciences,4,Female,1,3,Manager,3,Single,17252,4748,7,No,16,3,4,2,0,0,3,23,8,13,5,18-25,> 10K,3.33,0
1182,26,Yes,Travel_Frequently,Research & Development,28,2,Human Resources,4,Male,2,1,Manufacturing Director,4,Single,9236,20834,6,No,24,3,1,3,14,1,1,9,5,13,3,26-35,6K-10K,3.0,1
1183,45,No,Travel_Rarely,Research & Development,19,5,Other,1,Male,1,4,Laboratory Technician,4,Married,8813,10095,7,No,16,3,2,1,17,6,4,34,18,2,14,36-45,6K-10K,3.0,0
1184,48,No,Travel_Rarely,Human Resources,28,4,Other,3,Female,2,3,Human Resources,2,Married,3068,5357,3,Yes,19,3,2,2,21,0,1,23,15,1,2,46-60,3K-6K,2.0,0
1185,51,No,Travel_Frequently,Sales,27,5,Human Resources,2,Female,2,4,Sales Executive,1,Married,6753,14096,2,Yes,11,3,3,0,17,6,3,27,14,5,3,46-60,6K-10K,2.0,0
1186,32,No,Travel_Rarely,Human Resources,13,5,Life Sciences,1,Male,1,3,Manager,1,Divorced,8237,10095,6,No,18,3,3,0,0,5,1,35,6,0,16,26-35,6K-10K,1.0,0
1187,42,No,Travel_Rarely,Research & Development,29,1,Human Resources,2,Male,3,5,Manager,1,Single,15175,12680,1,No,20,4,2,1,19,2,2,15,15,10,5,36-45,> 10K,1.67,0
1188,53,No,Travel_Rarely,Sales,6,4,Medical,4,Male,3,3,Sales Executive,1,Married,7191,10083,4,Yes,23,3,3,2,35,6,2,39,4,4,1,46-60,6K-10K,2.33,0
1189,25,Yes,Travel_Rarely,Research & Development,11,5,Other,2,Male,2,5,Research Director,2,Single,18898,24356,6,No,23,3,3,0,37,6,1,15,15,5,12,18-25,> 10K,1.67,1
1190,26,No,Travel_Rarely,Research & Development,21,3,Other,2,Male,3,1,Manager,2,Single,19982,15169,0,Yes,15,3,3,3,24,1,4,16,0,7,14,26-35,> 10K,2.67,0
1191,54,No,Travel_Rarely,Sales,21,2,Marketing,3,Female,2,5,Sales Executive,2,Married,15622,26539,3,No,23,3,2,3,15,5,1,14,2,6,4,46-60,> 10K,2.0,0
1192,56,No,Travel_Rarely,Research & Development,27,3,Medical,1,Male,4,2,Manager,2,Divorced,2001,9069,1,Yes,16,3,2,1,19,1,1,15,4,5,5,46-60,< 3K,1.33,0
1193,49,No,Non-Travel,Research & Development,14,3,Other,2,Male,4,1,Manufacturing Director,1,Single,18417,23722,5,Yes,16,3,2,3,37,5,4,14,6,1,16,46-60,> 10K,2.33,0
1194,34,No,Travel_Rarely,Research & Development,6,3,Medical,2,Male,4,3,Healthcare Representative,4,Married,15877,20916,0,Yes,11,3,1,3,32,5,4,33,18,11,0,26-35,> 10K,3.33,0
1195,52,No,Travel_Rarely,Sales,6,4,Medical,4,Male,3,3,Manager,3,Married,11232,7337,6,No,13,3,2,3,6,4,4,10,5,7,1,46-60,> 10K,3.67,0
1196,54,No,Travel_Rarely,Research & Development,17,4,Life Sciences,4,Male,3,2,Manager,2,Single,5476,5773,2,No,22,3,3,0,22,4,2,0,0,7,0,46-60,3K-6K,2.67,0
1197,36,No,Travel_Rarely,Human Resources,11,4,Other,2,Male,1,3,Manager,4,Married,17862,17426,0,No,16,3,2,2,10,4,1,14,4,10,7,36-45,> 10K,2.33,0
1198,46,No,Travel_Rarely,Human Resources,15,2,Technical Degree,1,Male,3,1,Human Resources,2,Divorced,1515,24849,7,No,24,3,1,1,32,2,3,25,16,4,3,46-60,< 3K,2.0,0
1199,24,No,Non-Travel,Research & Development,9,1,Life Sciences,2,Female,2,1,Research Director,1,Married,13478,23045,6,Yes,25,3,3,2,39,2,4,3,3,2,17,18-25,> 10K,2.33,0
1200,45,No,Travel_Rarely,Sales,21,5,Life Sciences,2,Male,1,5,Sales Executive,1,Single,2191,4057,1,No,24,3,4,2,4,5,4,4,1,11,8,36-45,< 3K,2.33,0
1201,26,No,Travel_Rarely,Research & Development,17,5,Medical,3,Female,3,4,Manufacturing Director,4,Married,11860,19061,6,No,21,4,2,2,40,3,1,34,21,10,14,26-35,> 10K,2.67,0
1202,45,No,Non-Travel,Sales,24,1,Technical Degree,1,Male,1,3,Sales Executive,4,Married,14448,15138,2,No,21,3,2,0,7,1,3,12,7,7,15,36-45,> 10K,2.67,0
1203,23,Yes,Non-Travel,Sales,7,5,Life Sciences,3,Male,3,2,Manager,4,Single,7297,4974,8,No,19,3,4,3,16,4,1,9,0,4,2,18-25,6K-10K,2.67,1
1204,46,No,Travel_Frequently,Research & Development,7,3,Technical Degree,1,Female,2,1,Manufacturing Director,1,Single,17655,26860,7,Yes,16,3,3,1,17,1,1,10,1,2,0,46-60,> 10K,1.0,0
1205,34,No,Non-Travel,Research & Development,21,2,Other,1,Female,4,1,Research Scientist,1,Single,9334,17903,4,No,25,4,2,2,26,6,4,17,14,8,12,26-35,6K-10K,2.0,0
1206,33,No,Travel_Rarely,Research & Development,1,5,Medical,1,Male,4,1,Research Director,3,Single,7008,24032,6,No,22,3,1,3,30,5,4,33,19,8,13,26-35,6K-10K,2.67,0
1207,40,No,Travel_Rarely,Research & Development,25,2,Life Sciences,3,Female,2,4,Research Director,4,Single,8987,8444,2,No,23,3,3,0,3,0,2,38,17,11,5,36-45,6K-10K,3.0,0
1208,48,No,Travel_Rarely,Research & Development,27,1,Technical Degree,3,Female,1,4,Research Scientist,3,Married,4332,20224,0,Yes,16,4,2,2,1,5,3,40,9,14,4,46-60,3K-6K,3.0,0
1209,20,No,Non-Travel,Sales,25,5,Human Resources,3,Female,4,3,Sales Executive,2,Married,1787,3878,0,No,11,3,3,3,4,2,3,22,3,6,4,18-25,< 3K,2.67,0
1210,38,No,Travel_Rarely,Human Resources,8,2,Life Sciences,4,Male,3,2,Human Resources,3,Divorced,7222,8289,1,No,19,3,2,0,16,3,4,6,4,12,3,36-45,6K-10K,3.67,0
1211,43,No,Non-Travel,Research & Development,5,3,Life Sciences,3,Female,3,4,Manufacturing Director,2,Married,10873,11802,7,No,14,3,4,3,38,0,4,38,3,7,11,36-45,> 10K,3.0,0
1212,53,No,Travel_Rarely,Research & Development,19,3,Life Sciences,4,Female,1,5,Healthcare Representative,2,Divorced,18006,17995,0,Yes,25,3,2,1,31,1,4,2,0,12,13,46-60,> 10K,3.33,0
1213,59,No,Travel_Rarely,Sales,8,1,Technical Degree,4,Female,1,4,Sales Executive,3,Married,4676,25603,4,No,12,3,3,3,28,2,3,11,8,4,13,46-60,3K-6K,3.33,0
1214,54,Yes,Travel_Rarely,Research & Development,17,4,Marketing,4,Female,2,1,Laboratory Technician,4,Single,3572,17763,8,No,11,3,2,3,15,4,2,6,4,4,10,46-60,3K-6K,3.33,1
1215,39,No,Travel_Rarely,Research & Development,19,5,Other,2,Female,4,2,Research Scientist,2,Married,7915,17037,8,No,13,3,2,1,0,0,3,25,17,4,9,36-45,6K-10K,2.33,0
1216,59,No,Travel_Rarely,Sales,12,3,Life Sciences,2,Male,1,3,Sales Executive,4,Divorced,6033,13690,1,No,13,3,3,1,11,2,4,32,23,14,9,46-60,6K-10K,3.33,0
1217,29,No,Travel_Rarely,Sales,27,3,Human Resources,2,Male,4,4,Manager,1,Single,8788,12323,6,No,15,3,2,3,18,1,4,36,1,1,8,26-35,6K-10K,2.33,0
1218,59,No,Travel_Rarely,Research & Development,23,1,Human Resources,4,Male,4,1,Manufacturing Director,2,Single,16689,5314,0,No,11,3,2,1,8,5,2,14,0,2,1,46-60,> 10K,2.67,0
1219,30,No,Travel_Rarely,Research & Development,15,3,Medical,4,Male,3,5,Manager,1,Married,12452,15417,2,No,17,3,3,3,6,1,1,1,1,7,13,26-35,> 10K,2.0,0
1220,28,Yes,Travel_Rarely,Sales,4,5,Marketing,1,Male,1,5,Sales Representative,3,Married,5712,3378,5,Yes,23,3,4,2,29,0,1,40,18,13,6,26-35,3K-6K,1.67,1
1221,33,Yes,Travel_Frequently,Human Resources,23,1,Marketing,4,Male,2,3,Human Resources,4,Single,1066,16356,8,Yes,11,3,1,3,14,0,3,6,0,12,16,26-35,< 3K,3.67,1
1222,25,No,Travel_Rarely,Sales,12,2,Technical Degree,2,Male,1,3,Manager,3,Single,16855,13269,9,No,14,3,1,0,3,5,1,31,27,14,7,18-25,> 10K,2.0,0
1223,57,No,Non-Travel,Research & Development,27,1,Medical,4,Female,4,4,Research Scientist,2,Single,13478,13206,1,No,16,3,1,1,5,0,1,3,2,5,3,46-60,> 10K,2.33,0
1224,57,No,Non-Travel,Human Resources,13,5,Technical Degree,4,Female,3,3,Human Resources,1,Married,8533,7340,6,No,25,3,1,2,37,3,3,19,6,8,4,46-60,6K-10K,2.67,0
1225,19,No,Travel_Rarely,Research & Development,14,5,Medical,1,Male,1,1,Laboratory Technician,2,Married,16103,14084,3,No,11,3,1,1,34,4,4,35,9,6,12,18-25,> 10K,2.33,0
1226,47,No,Travel_Rarely,Research & Development,5,2,Other,4,Female,1,1,Manufacturing Director,3,Married,5616,11907,1,No,17,3,1,1,1,2,1,31,0,13,6,46-60,3K-6K,2.67,0
1227,47,No,Non-Travel,Research & Development,22,1,Marketing,3,Male,1,1,Research Director,4,Married,14277,2452,2,No,20,3,3,1,4,5,4,27,9,14,5,46-60,> 10K,3.67,0
1228,29,No,Travel_Rarely,Sales,16,5,Other,1,Female,2,4,Sales Representative,4,Married,18524,10533,5,No,25,3,3,0,7,1,3,12,4,5,16,26-35,> 10K,2.67,0
1229,27,No,Travel_Rarely,Human Resources,7,5,Technical Degree,4,Female,2,4,Manager,2,Single,6730,2392,9,No,17,3,3,0,29,1,4,0,0,15,5,26-35,6K-10K,3.33,0
1230,28,No,Non-Travel,Research & Development,15,2,Medical,4,Male,2,3,Research Director,2,Married,11724,7471,8,No,13,4,2,3,18,4,4,34,8,14,2,26-35,> 10K,3.33,0
1231,32,Yes,Non-Travel,Research & Development,13,4,Marketing,1,Male,2,4,Healthcare Representative,1,Single,12772,19653,7,No,14,3,4,0,29,0,3,29,27,10,8,26-35,> 10K,1.67,1
1232,33,No,Travel_Frequently,Sales,26,1,Marketing,4,Male,3,1,Sales Representative,3,Married,17268,10137,9,No,16,3,4,1,30,0,4,35,14,13,14,26-35,> 10K,3.67,0
1233,34,Yes,Travel_Rarely,Sales,16,5,Life Sciences,2,Female,3,2,Sales Executive,2,Married,13940,15997,8,Yes,24,3,1,2,15,1,1,24,2,3,7,26-35,> 10K,1.67,1
1234,43,Yes,Travel_Rarely,Research & Development,12,3,Technical Degree,3,Female,2,1,Sales Executive,1,Single,17932,21434,3,Yes,21,3,1,2,37,4,1,15,8,6,14,36-45,> 10K,1.67,1
1235,19,Yes,Travel_Rarely,Research & Development,7,2,Life Sciences,3,Male,4,2,Healthcare Representative,2,Single,15643,25664,3,No,17,3,3,2,21,1,1,18,4,15,0,18-25,> 10K,2.0,1
1236,29,Yes,Travel_Rarely,Research & Development,16,4,Marketing,2,Male,2,3,Manufacturing Director,4,Single,1198,11162,8,No,24,3,4,1,32,0,1,0,0,3,7,26-35,< 3K,2.33,1
1237,43,No,Travel_Rarely,Research & Development,23,4,Technical Degree,4,Male,2,5,Manufacturing Director,1,Single,17955,12397,7,Yes,23,3,2,0,21,5,4,4,0,6,3,36-45,> 10K,3.0,0
1238,40,No,Travel_Rarely,Research & Development,23,2,Technical Degree,4,Male,4,4,Manufacturing Director,1,Married,18174,17596,1,No,14,3,2,2,7,2,1,21,21,4,9,36-45,> 10K,2.0,0
1239,35,No,Travel_Rarely,Human Resources,27,4,Other,3,Female,1,4,Manager,2,Divorced,10830,6794,7,No,20,3,3,1,36,0,4,23,8,1,15,26-35,> 10K,3.0,0
1240,49,No,Travel_Rarely,Sales,13,5,Human Resources,4,Male,4,1,Sales Representative,3,Married,14798,25794,0,No,21,3,1,1,11,5,2,36,22,6,17,46-60,> 10K,3.0,0
1241,55,No,Travel_Rarely,Research & Development,29,4,Medical,3,Female,4,1,Manufacturing Director,4,Married,18558,18549,8,No,19,3,4,2,4,2,4,35,6,7,3,46-60,> 10K,3.67,0
1242,20,No,Travel_Rarely,Research & Development,23,1,Human Resources,3,Female,3,2,Research Director,3,Married,12469,10446,8,No,19,3,2,2,24,6,1,35,22,9,7,18-25,> 10K,2.33,0
1243,55,No,Travel_Rarely,Research & Development,3,3,Human Resources,2,Female,1,4,Healthcare Representative,1,Married,1178,10493,7,No,19,3,1,3,28,3,2,3,3,10,3,46-60,< 3K,1.67,0
1244,20,No,Travel_Rarely,Research & Development,15,5,Marketing,3,Male,4,3,Manager,3,Divorced,19628,8363,4,No,22,3,4,3,12,4,3,35,24,1,9,18-25,> 10K,3.0,0
1245,47,No,Travel_Frequently,Research & Development,28,2,Other,4,Male,2,1,Manufacturing Director,1,Divorced,18118,13295,4,Yes,20,3,2,1,25,5,4,17,8,5,3,46-60,> 10K,3.0,0
1246,18,Yes,Travel_Rarely,Research & Development,3,3,Medical,4,Male,4,4,Laboratory Technician,3,Divorced,1798,10079,2,No,16,3,1,3,21,3,1,15,5,3,15,18-25,< 3K,2.67,1
1247,47,No,Travel_Rarely,Sales,7,5,Human Resources,1,Female,3,5,Sales Representative,2,Divorced,8601,23414,4,No,12,3,2,3,28,0,1,40,33,4,11,46-60,6K-10K,1.33,0
1248,49,Yes,Travel_Rarely,Sales,18,3,Human Resources,4,Female,4,2,Manager,3,Single,3795,14032,3,Yes,12,3,1,2,11,6,1,17,8,0,9,46-60,3K-6K,2.67,1
1249,45,Yes,Travel_Rarely,Human Resources,14,4,Technical Degree,1,Male,2,1,Human Resources,1,Married,13496,12748,0,No,21,3,1,3,27,4,3,21,16,5,10,36-45,> 10K,1.67,1
1250,38,No,Travel_Rarely,Research & Development,18,2,Marketing,3,Female,1,1,Research Scientist,4,Divorced,5588,3505,8,No,14,3,1,1,8,5,2,1,0,11,1,36-45,3K-6K,3.0,0
1251,30,No,Non-Travel,Research & Development,19,2,Human Resources,4,Male,3,3,Research Scientist,4,Married,8297,11448,9,No,19,3,4,2,9,6,2,20,18,11,15,26-35,6K-10K,3.33,0
1252,44,No,Travel_Rarely,Research & Development,14,1,Medical,2,Male,1,1,Manager,4,Divorced,4084,15240,3,No,13,4,3,3,25,0,1,35,5,10,11,36-45,3K-6K,2.33,0
1253,53,No,Travel_Rarely,Sales,20,4,Life Sciences,2,Male,3,4,Sales Representative,1,Single,12110,9409,2,No,16,3,1,3,35,4,4,38,36,13,3,46-60,> 10K,2.33,0
1254,24,Yes,Travel_Rarely,Sales,6,1,Life Sciences,2,Male,2,4,Sales Representative,3,Married,1731,22724,5,No,12,3,1,3,39,4,1,38,30,14,16,18-25,< 3K,2.0,1
1255,39,Yes,Non-Travel,Research & Development,29,1,Marketing,3,Male,3,4,Research Scientist,4,Divorced,2129,2209,0,No,25,4,2,0,10,0,1,28,1,7,11,36-45,< 3K,2.67,1
1256,27,Yes,Travel_Rarely,Research & Development,8,4,Life Sciences,3,Male,1,5,Laboratory Technician,4,Married,2605,22177,4,Yes,11,3,2,3,5,0,4,25,8,1,15,26-35,< 3K,3.67,1
1257,56,No,Non-Travel,Sales,26,5,Technical Degree,1,Female,1,5,Sales Executive,4,Married,12970,22905,6,No,22,4,4,3,3,6,1,20,13,0,2,46-60,> 10K,2.0,0
1258,32,No,Travel_Rarely,Research & Development,26,1,Technical Degree,2,Female,4,1,Research Director,2,Single,11937,21431,1,No,15,3,3,1,26,6,3,16,3,8,1,26-35,> 10K,2.33,0
1259,32,No,Non-Travel,Sales,7,3,Medical,1,Male,1,5,Sales Representative,1,Married,12362,19364,9,Yes,18,3,2,3,23,5,1,15,3,14,6,26-35,> 10K,1.0,0
1260,21,No,Travel_Rarely,Research & Development,20,5,Other,1,Female,4,5,Laboratory Technician,1,Divorced,3933,4119,8,Yes,20,3,4,0,4,4,3,30,20,1,5,18-25,3K-6K,1.67,0
1261,49,Yes,Travel_Rarely,Sales,18,4,Marketing,4,Male,1,3,Manager,1,Married,16187,22129,5,No,20,4,4,2,2,5,1,8,7,7,0,46-60,> 10K,2.0,1
1262,40,Yes,Travel_Rarely,Research & Development,18,2,Marketing,4,Male,4,5,Healthcare Representative,1,Single,6074,2177,1,No,12,4,4,3,6,6,2,30,25,14,14,36-45,6K-10K,2.33,1
1263,23,No,Travel_Rarely,Research & Development,15,5,Life Sciences,2,Female,2,2,Manufacturing Director,1,Single,15037,3546,7,Yes,20,3,1,3,23,4,4,13,3,4,11,18-25,> 10K,2.33,0
1264,41,No,Travel_Rarely,Research & Development,20,1,Human Resources,3,Female,4,2,Laboratory Technician,2,Divorced,8099,16186,7,Yes,19,3,3,1,21,5,2,36,20,15,12,36-45,6K-10K,2.33,0
1265,37,No,Travel_Rarely,Sales,22,3,Human Resources,4,Female,1,2,Sales Executive,3,Married,18874,12226,0,No,22,3,3,3,11,0,1,1,1,1,7,36-45,> 10K,2.67,0
1266,54,No,Travel_Rarely,Sales,19,4,Other,3,Female,2,1,Sales Executive,2,Single,1893,26874,0,Yes,18,3,3,3,34,0,1,13,3,4,8,46-60,< 3K,2.0,0
1267,37,No,Travel_Rarely,Research & Development,22,2,Human Resources,1,Female,3,4,Research Director,4,Single,2390,21950,0,No,13,3,1,3,16,1,3,32,15,15,0,36-45,< 3K,2.67,0
1268,29,No,Travel_Rarely,Research & Development,21,3,Other,1,Male,1,3,Research Director,2,Divorced,5239,14231,3,No,11,3,1,3,2,6,1,34,21,8,4,26-35,3K-6K,1.33,0
1269,50,Yes,Non-Travel,Research & Development,21,2,Medical,1,Female,4,1,Research Scientist,1,Divorced,19647,18658,3,No,14,3,2,2,10,5,1,38,11,5,6,46-60,> 10K,1.0,1
1270,45,No,Non-Travel,Sales,2,4,Marketing,1,Male,3,4,Manager,2,Single,4432,16016,7,No,18,4,2,1,5,1,1,19,15,2,17,36-45,3K-6K,1.33,0
1271,25,No,Travel_Rarely,Research & Development,8,5,Life Sciences,2,Female,4,3,Manager,1,Single,3371,16134,0,Yes,13,4,2,2,35,1,2,1,0,11,7,18-25,3K-6K,1.67,0
1272,18,Yes,Travel_Rarely,Research & Development,21,1,Medical,1,Male,3,3,Healthcare Representative,2,Divorced,2515,21379,9,No,20,3,4,0,16,3,3,40,39,7,9,18-25,< 3K,2.0,1
1273,39,No,Travel_Rarely,Research & Development,11,4,Technical Degree,4,Male,2,3,Research Director,1,Married,16906,16082,2,Yes,22,3,3,3,21,4,2,18,5,13,7,36-45,> 10K,2.33,0
1274,39,No,Travel_Rarely,Sales,18,3,Technical Degree,1,Female,1,2,Sales Executive,4,Divorced,7326,18436,0,No,12,4,1,0,0,2,3,36,36,0,11,36-45,6K-10K,2.67,0
1275,23,No,Travel_Rarely,Research & Development,23,5,Technical Degree,3,Male,2,2,Research Director,1,Married,15605,9775,8,No,17,3,2,2,2,3,2,17,17,8,15,18-25,> 10K,2.0,0
1276,38,Yes,Travel_Rarely,Sales,13,2,Other,4,Female,1,2,Sales Executive,2,Married,6586,18175,9,Yes,14,3,4,0,15,6,1,15,9,8,11,36-45,6K-10K,2.33,1
1277,49,No,Travel_Rarely,Sales,9,5,Other,3,Male,3,3,Sales Representative,4,Married,3917,16133,8,No,16,3,1,3,34,4,2,3,1,15,2,46-60,3K-6K,3.0,0
1278,52,No,Travel_Frequently,Human Resources,9,5,Marketing,3,Female,2,3,Human Resources,2,Divorced,16901,11615,6,No,15,4,4,0,13,2,2,11,6,3,17,46-60,> 10K,2.33,0
1279,32,No,Travel_Rarely,Sales,17,3,Technical Degree,2,Male,1,2,Sales Representative,4,Married,18551,18368,7,No,12,3,4,2,6,1,3,28,17,12,4,26-35,> 10K,3.0,0
1280,22,No,Travel_Rarely,Research & Development,7,1,Other,2,Male,3,3,Research Scientist,3,Single,4793,20011,0,No,20,3,4,3,25,2,3,6,0,7,13,18-25,3K-6K,2.67,0
1281,23,No,Travel_Rarely,Research & Development,9,5,Other,3,Male,2,2,Manager,3,Married,10947,24427,4,No,12,3,3,1,30,0,2,13,6,10,15,18-25,> 10K,2.67,0
1282,42,No,Non-Travel,Research & Development,22,5,Human Resources,3,Female,2,2,Healthcare Representative,3,Divorced,16859,26207,1,No,24,4,1,2,23,6,3,11,4,13,5,36-45,> 10K,3.0,0
1283,57,No,Travel_Rarely,Research & Development,1,1,Other,1,Female,2,2,Manufacturing Director,2,Married,2577,16837,0,No,19,3,1,3,18,0,3,34,0,13,15,46-60,< 3K,2.0,0
1284,46,No,Travel_Frequently,Sales,2,1,Technical Degree,4,Male,2,4,Sales Executive,2,Married,10488,12546,2,No,21,3,4,1,36,5,3,4,3,15,13,46-60,> 10K,3.0,0
1285,24,No,Travel_Rarely,Research & Development,4,2,Medical,1,Female,4,3,Laboratory Technician,4,Married,19604,26992,6,No,20,3,3,0,0,4,4,16,9,10,4,18-25,> 10K,3.0,0
1286,57,No,Travel_Rarely,Research & Development,14,2,Technical Degree,2,Female,3,1,Research Director,4,Single,10164,12748,0,No,12,4,4,0,24,3,3,31,22,2,13,46-60,> 10K,3.0,0
1287,30,No,Travel_Rarely,Sales,4,1,Human Resources,2,Female,4,2,Sales Executive,4,Single,2030,3553,1,No,18,3,2,0,9,6,4,9,8,12,10,26-35,< 3K,3.33,0
1288,55,No,Travel_Rarely,Research & Development,2,4,Technical Degree,1,Male,3,1,Research Scientist,4,Single,16881,4469,1,No,18,3,1,3,17,1,4,16,1,5,8,46-60,> 10K,3.0,0
1289,35,No,Travel_Frequently,Sales,8,1,Life Sciences,4,Male,3,4,Sales Representative,1,Married,11785,18299,3,No,11,4,1,0,0,6,3,4,3,9,6,26-35,> 10K,2.67,0
1290,19,Yes,Travel_Rarely,Sales,18,2,Human Resources,3,Male,3,3,Sales Representative,3,Married,7691,3474,2,No,11,3,3,0,28,4,2,8,0,9,4,18-25,6K-10K,2.67,1
1291,25,Yes,Travel_Frequently,Research & Development,19,3,Marketing,1,Male,1,2,Healthcare Representative,1,Divorced,18297,17786,2,No,23,3,1,1,12,1,3,32,9,7,14,18-25,> 10K,1.67,1
1292,28,Yes,Travel_Rarely,Sales,14,3,Technical Degree,2,Male,3,2,Sales Representative,1,Divorced,7358,24861,9,No,14,4,1,1,3,0,1,35,19,10,12,26-35,6K-10K,1.33,1
1293,50,No,Travel_Rarely,Research & Development,20,5,Other,4,Male,2,2,Manager,1,Married,19565,15759,4,No,12,3,1,1,11,6,2,35,0,8,11,46-60,> 10K,2.33,0
1294,55,Yes,Travel_Rarely,Research & Development,25,3,Medical,2,Male,4,1,Research Scientist,1,Married,2462,2337,2,Yes,22,3,3,3,18,3,4,17,12,7,14,46-60,< 3K,2.33,1
1295,44,Yes,Travel_Rarely,Research & Development,10,2,Technical Degree,4,Female,2,4,Research Scientist,3,Single,16511,8991,6,Yes,25,3,4,2,25,3,4,8,0,8,9,36-45,> 10K,3.67,1
1296,37,No,Non-Travel,Sales,17,3,Medical,4,Male,2,3,Sales Executive,1,Single,11570,13351,4,No,11,3,1,0,37,0,2,28,4,3,16,36-45,> 10K,2.33,0
1297,29,Yes,Travel_Rarely,Sales,8,4,Life Sciences,4,Female,4,4,Sales Executive,4,Single,16897,26844,3,No,19,3,4,0,15,2,2,13,0,9,15,26-35,> 10K,3.33,1
1298,60,No,Travel_Rarely,Sales,28,1,Marketing,1,Male,2,2,Sales Executive,2,Married,12646,3087,2,No,23,3,3,3,24,3,3,24,22,0,4,46-60,> 10K,2.0,0
1299,48,No,Travel_Rarely,Research & Development,14,1,Other,1,Male,1,4,Research Scientist,4,Single,16474,3293,3,Yes,13,4,4,0,9,2,4,14,12,6,3,46-60,> 10K,3.0,0
1300,44,No,Travel_Rarely,Research & Development,21,2,Human Resources,1,Male,2,1,Research Director,2,Single,8037,10848,1,No,24,3,2,3,36,1,1,5,2,10,9,36-45,6K-10K,1.33,0
1301,49,Yes,Travel_Rarely,Sales,23,5,Human Resources,4,Male,2,5,Manager,4,Married,10499,7964,0,Yes,24,3,1,3,27,3,3,28,16,11,5,46-60,> 10K,3.67,1
1302,27,No,Travel_Rarely,Human Resources,8,1,Marketing,4,Male,4,5,Human Resources,4,Married,14386,4828,2,No,24,3,3,3,27,5,2,14,0,9,10,26-35,> 10K,3.33,0
1303,20,No,Travel_Rarely,Sales,5,3,Life Sciences,2,Male,2,3,Manager,2,Married,7221,8472,1,No,11,3,3,2,24,0,4,28,1,3,10,18-25,6K-10K,2.67,0
1304,44,No,Travel_Rarely,Research & Development,16,4,Life Sciences,3,Male,4,3,Research Scientist,3,Married,8769,22357,0,Yes,12,3,4,3,24,6,2,3,0,0,15,36-45,6K-10K,2.67,0
1305,52,No,Travel_Rarely,Research & Development,8,5,Technical Degree,1,Female,3,4,Research Director,1,Single,18071,25045,0,No,18,3,1,2,11,2,2,17,13,2,13,46-60,> 10K,1.33,0
1306,48,No,Travel_Rarely,Research & Development,10,5,Life Sciences,4,Female,3,3,Healthcare Representative,4,Single,15356,23341,1,No,15,3,3,2,7,5,2,38,10,6,3,46-60,> 10K,3.33,0
1307,32,No,Travel_Rarely,Research & Development,27,5,Technical Degree,2,Male,1,1,Manager,3,Single,19278,8564,8,Yes,21,3,2,0,35,1,3,15,11,10,4,26-35,> 10K,2.67,0
1308,33,Yes,Travel_Rarely,Research & Development,8,1,Medical,2,Male,4,2,Healthcare Representative,1,Single,8389,3336,4,No,17,3,4,1,38,1,1,10,9,2,16,26-35,6K-10K,1.33,1
1309,30,No,Travel_Rarely,Research & Development,9,5,Marketing,2,Female,4,2,Healthcare Representative,3,Married,5922,12548,8,No,16,3,2,2,23,3,1,13,2,0,17,26-35,3K-6K,2.0,0
1310,52,Yes,Travel_Rarely,Research & Development,18,2,Medical,1,Male,4,4,Research Director,3,Divorced,14639,17149,7,Yes,23,3,2,2,22,3,4,2,0,6,7,46-60,> 10K,2.67,1
1311,28,No,Travel_Rarely,Sales,3,3,Medical,1,Male,1,2,Manager,1,Married,10457,17181,5,No,11,3,4,1,36,5,2,37,30,7,3,26-35,> 10K,1.33,0
1312,38,No,Travel_Rarely,Research & Development,17,4,Medical,3,Male,1,4,Manager,4,Married,6178,3667,0,No,16,4,2,2,10,4,1,17,16,14,17,36-45,6K-10K,2.67,0
1313,28,Yes,Travel_Rarely,Research & Development,20,3,Medical,2,Male,2,3,Research Director,3,Divorced,16240,20209,9,No,21,3,4,1,16,4,2,19,14,4,10,26-35,> 10K,2.33,1
1314,47,No,Travel_Rarely,Research & Development,15,2,Human Resources,1,Male,4,3,Research Scientist,4,Single,4968,3212,4,No,17,3,4,0,27,3,4,24,8,5,13,46-60,3K-6K,3.0,0
1315,52,No,Travel_Rarely,Research & Development,21,2,Life Sciences,2,Female,1,1,Manufacturing Director,4,Single,3716,4768,0,No,14,3,3,3,2,4,2,37,9,13,12,46-60,3K-6K,2.67,0
1316,39,No,Travel_Rarely,Research & Development,27,3,Marketing,4,Male,3,2,Healthcare Representative,4,Married,17574,14607,6,No,18,3,3,1,1,0,1,12,7,2,15,36-45,> 10K,3.0,0
1317,55,No,Non-Travel,Research & Development,17,1,Marketing,2,Male,3,1,Manufacturing Director,1,Married,14511,24160,9,No,18,3,2,3,28,5,2,3,0,13,11,46-60,> 10K,1.67,0
1318,48,No,Travel_Rarely,Research & Development,8,2,Other,3,Male,4,5,Research Director,2,Married,18719,18828,7,No,17,3,2,1,33,0,1,13,12,4,8,46-60,> 10K,2.0,0
1319,31,No,Travel_Rarely,Sales,2,5,Medical,1,Female,3,1,Sales Executive,4,Married,9181,11589,7,No,21,3,2,3,13,4,4,32,4,2,6,26-35,6K-10K,3.0,0
1320,41,No,Travel_Rarely,Sales,17,4,Marketing,4,Male,2,4,Sales Executive,2,Single,13995,22765,6,No,25,3,2,0,32,3,2,27,5,12,9,36-45,> 10K,2.67,0
1321,49,No,Travel_Rarely,Sales,18,4,Technical Degree,1,Male,2,4,Sales Executive,2,Married,12298,5676,1,No,12,3,2,2,17,0,1,36,29,1,16,46-60,> 10K,1.33,0
1322,53,No,Travel_Rarely,Sales,29,2,Marketing,4,Male,4,1,Sales Executive,3,Single,17762,20694,4,No,16,3,3,0,28,1,4,7,6,13,17,46-60,> 10K,3.67,0
1323,49,No,Travel_Frequently,Research & Development,5,5,Medical,2,Male,1,3,Research Director,4,Married,7380,22424,3,No,16,4,2,2,1,6,2,33,16,6,6,46-60,6K-10K,2.67,0
1324,32,No,Travel_Frequently,Sales,9,3,Marketing,2,Male,1,5,Sales Representative,4,Divorced,1615,9085,4,No,22,3,2,3,10,3,4,4,2,9,2,26-35,< 3K,3.33,0
1325,60,No,Non-Travel,Human Resources,9,4,Life Sciences,3,Male,1,1,Human Resources,4,Single,19714,20211,9,Yes,25,3,1,3,30,5,1,4,3,10,14,46-60,> 10K,2.67,0
1326,52,No,Travel_Rarely,Research & Development,2,5,Medical,3,Female,1,3,Manufacturing Director,2,Single,19138,24669,8,No,22,3,4,2,12,2,2,30,15,6,15,46-60,> 10K,2.33,0
1327,20,Yes,Non-Travel,Sales,2,5,Human Resources,4,Female,4,1,Sales Representative,1,Single,1463,21603,3,No,17,4,4,1,25,2,2,8,8,11,16,18-25,< 3K,2.33,1
1328,33,No,Travel_Rarely,Research & Development,19,1,Life Sciences,3,Male,2,2,Research Director,2,Single,10158,23943,7,No,16,3,3,0,33,3,2,31,1,7,12,26-35,> 10K,2.33,0
1329,22,No,Non-Travel,Research & Development,23,2,Marketing,3,Male,4,4,Research Scientist,4,Married,4158,25155,7,No,12,3,4,1,9,4,4,32,0,11,2,18-25,3K-6K,3.67,0
1330,38,No,Non-Travel,Research & Development,27,5,Human Resources,3,Male,4,2,Healthcare Representative,4,Married,14434,6688,1,Yes,18,3,2,3,11,0,4,2,1,0,4,36-45,> 10K,3.67,0
1331,27,No,Non-Travel,Research & Development,3,3,Other,3,Female,3,2,Manager,4,Divorced,5938,6511,5,Yes,25,3,4,0,21,0,1,29,25,1,8,26-35,3K-6K,2.67,0
1332,36,No,Travel_Frequently,Research & Development,17,4,Life Sciences,2,Male,2,5,Manager,2,Married,6417,20456,4,Yes,14,3,3,0,30,3,3,11,8,1,17,36-45,6K-10K,2.33,0
1333,42,No,Travel_Rarely,Sales,14,1,Other,3,Female,1,3,Sales Executive,4,Single,9881,25154,1,No,19,4,4,1,18,1,2,28,2,11,10,36-45,6K-10K,3.0,0
1334,21,No,Non-Travel,Human Resources,14,3,Technical Degree,2,Female,2,4,Human Resources,3,Single,6603,16640,9,No,18,3,4,2,23,5,2,2,0,2,10,18-25,6K-10K,2.33,0
1335,46,No,Travel_Rarely,Human Resources,14,4,Life Sciences,2,Female,3,2,Human Resources,4,Single,3212,24712,3,Yes,24,3,1,2,24,4,1,25,21,6,15,46-60,3K-6K,2.33,0
1336,36,Yes,Travel_Rarely,Research & Development,6,2,Human Resources,1,Female,4,4,Research Scientist,1,Single,17766,20714,6,Yes,13,3,1,0,34,1,2,29,22,6,7,36-45,> 10K,1.33,1
1337,60,No,Travel_Rarely,Sales,3,3,Other,2,Female,2,3,Manager,3,Married,19640,15466,0,No,13,3,2,2,7,3,4,8,1,6,1,46-60,> 10K,3.0,0
1338,19,No,Travel_Rarely,Research & Development,1,4,Technical Degree,2,Male,3,1,Manufacturing Director,4,Single,12695,2685,8,No,18,3,4,3,4,3,4,25,10,0,9,18-25,> 10K,3.33,0
1339,27,No,Non-Travel,Sales,16,1,Other,3,Male,4,2,Sales Representative,3,Divorced,18796,23342,9,No,12,3,2,1,21,1,2,1,1,1,5,26-35,> 10K,2.67,0
1340,60,Yes,Travel_Rarely,Sales,29,4,Marketing,2,Male,1,3,Sales Representative,4,Married,10775,2684,0,No,19,3,4,1,27,2,2,2,1,7,3,46-60,> 10K,2.67,1
1341,42,No,Travel_Rarely,Sales,4,5,Medical,4,Male,2,4,Sales Representative,1,Married,15559,17001,4,No,14,3,2,1,11,3,4,3,1,8,4,36-45,> 10K,3.0,0
1342,37,No,Travel_Rarely,Research & Development,29,1,Other,3,Female,1,3,Manufacturing Director,4,Married,7146,10532,6,Yes,25,3,2,0,32,5,2,24,5,9,10,36-45,6K-10K,3.0,0
1343,36,Yes,Travel_Rarely,Research & Development,1,3,Marketing,3,Male,1,1,Manager,3,Married,1371,14891,7,Yes,16,4,4,0,15,6,4,12,1,12,11,36-45,< 3K,3.33,1
1344,40,No,Travel_Frequently,Research & Development,17,2,Medical,3,Female,3,3,Research Scientist,1,Married,6565,2733,1,No,13,3,1,2,25,4,3,38,1,6,15,36-45,6K-10K,2.33,0
1345,41,No,Travel_Rarely,Research & Development,28,1,Medical,1,Male,3,4,Manufacturing Director,2,Married,9802,3496,3,Yes,13,3,3,1,11,1,3,34,29,12,13,36-45,6K-10K,2.0,0
1346,28,No,Non-Travel,Research & Development,18,1,Human Resources,3,Female,4,2,Laboratory Technician,1,Single,9307,17154,1,No,13,3,2,3,22,2,2,22,1,0,13,26-35,6K-10K,2.0,0
1347,51,No,Travel_Rarely,Research & Development,26,1,Technical Degree,2,Male,1,2,Research Director,1,Divorced,8437,13146,3,No,21,4,3,3,25,1,2,8,0,14,14,46-60,6K-10K,1.67,0
1348,45,No,Travel_Frequently,Research & Development,8,4,Technical Degree,4,Male,3,5,Healthcare Representative,1,Single,1446,7450,5,Yes,23,3,4,1,40,2,2,1,0,14,7,36-45,< 3K,2.33,0
1349,22,No,Travel_Rarely,Human Resources,2,5,Life Sciences,3,Male,3,4,Human Resources,3,Married,2391,6635,5,Yes,20,3,2,0,12,2,4,40,7,11,4,18-25,< 3K,3.33,0
1350,22,No,Travel_Rarely,Sales,27,2,Marketing,3,Female,1,5,Sales Executive,1,Married,12516,20116,1,No,22,3,4,0,22,5,3,30,15,3,8,18-25,> 10K,2.33,0
1351,38,No,Non-Travel,Research & Development,18,2,Human Resources,4,Male,4,5,Research Scientist,4,Single,18724,13227,3,No,24,3,2,0,30,4,3,1,1,9,15,36-45,> 10K,3.67,0
1352,29,No,Travel_Rarely,Research & Development,27,5,Other,3,Male,1,1,Manufacturing Director,1,Single,16454,16023,3,No,24,4,1,3,35,3,1,31,12,7,2,26-35,> 10K,1.67,0
1353,21,No,Travel_Rarely,Research & Development,27,4,Marketing,1,Male,4,4,Laboratory Technician,1,Single,12891,24911,0,Yes,24,4,2,1,26,2,1,17,14,15,11,18-25,> 10K,1.0,0
1354,59,No,Travel_Rarely,Research & Development,16,4,Other,2,Female,4,2,Healthcare Representative,4,Married,15998,25109,1,Yes,22,4,2,3,35,3,2,12,4,13,6,46-60,> 10K,2.67,0
1355,37,No,Non-Travel,Research & Development,26,5,Other,4,Male,3,4,Research Scientist,4,Married,6969,8303,2,Yes,12,3,2,1,22,4,4,4,3,12,16,36-45,6K-10K,4.0,0
1356,55,No,Travel_Rarely,Research & Development,10,5,Other,4,Female,1,1,Laboratory Technician,2,Divorced,10265,12671,4,No,18,3,4,3,37,3,2,9,7,4,14,46-60,> 10K,2.67,0
1357,42,No,Travel_Rarely,Human Resources,8,3,Life Sciences,1,Male,1,4,Human Resources,1,Married,16861,26415,7,No,19,3,1,3,2,5,3,24,9,0,14,36-45,> 10K,1.67,0
1358,31,No,Travel_Rarely,Research & Development,12,4,Life Sciences,2,Male,3,4,Research Director,3,Single,6454,19803,5,No,25,3,4,2,29,5,2,33,4,6,11,26-35,6K-10K,2.33,0
1359,28,No,Travel_Rarely,Sales,22,1,Human Resources,1,Female,2,5,Sales Executive,1,Married,4150,12181,2,No,18,3,3,3,31,0,2,36,18,5,1,26-35,3K-6K,1.33,0
1360,49,No,Non-Travel,Research & Development,16,2,Life Sciences,2,Male,2,4,Laboratory Technician,1,Married,16386,6710,5,Yes,25,3,1,1,14,5,3,29,14,8,7,46-60,> 10K,2.0,0
1361,28,No,Travel_Rarely,Human Resources,12,4,Human Resources,1,Female,1,5,Manager,4,Married,7414,10679,6,No,20,4,2,3,37,2,3,6,5,3,4,26-35,6K-10K,2.67,0
1362,35,No,Travel_Rarely,Sales,11,5,Life Sciences,3,Male,3,5,Manager,2,Married,5657,15500,5,No,13,4,2,2,10,4,3,5,2,3,2,26-35,3K-6K,2.67,0
1363,44,No,Travel_Frequently,Research & Development,20,1,Technical Degree,1,Female,4,3,Healthcare Representative,1,Married,11486,3441,9,No,17,3,2,2,1,5,3,2,2,7,0,36-45,> 10K,1.67,0
1364,35,No,Travel_Rarely,Research & Development,19,3,Human Resources,4,Female,4,1,Research Director,3,Single,15894,4390,5,No,21,3,3,1,25,1,1,12,4,13,15,26-35,> 10K,2.67,0
1365,40,No,Non-Travel,Research & Development,1,3,Technical Degree,4,Female,1,5,Laboratory Technician,1,Married,6480,3384,0,No,20,3,3,2,33,4,4,2,2,13,9,36-45,6K-10K,3.0,0
1366,28,No,Non-Travel,Sales,27,1,Technical Degree,4,Male,3,4,Sales Representative,3,Single,9033,20540,2,No,12,3,2,2,0,2,4,25,19,3,9,26-35,6K-10K,3.67,0
1367,38,No,Travel_Rarely,Research & Development,3,1,Human Resources,1,Male,1,5,Laboratory Technician,4,Married,1983,15136,6,No,14,3,2,0,10,4,3,23,19,2,10,36-45,< 3K,2.67,0
1368,22,No,Non-Travel,Human Resources,12,5,Marketing,4,Female,1,5,Human Resources,2,Single,9543,6396,3,Yes,22,3,3,1,4,5,4,5,4,6,11,18-25,6K-10K,3.33,0
1369,40,Yes,Travel_Rarely,Sales,9,5,Medical,4,Female,3,5,Sales Representative,1,Divorced,10916,3391,3,No,23,4,4,2,25,1,4,11,1,12,7,36-45,> 10K,3.0,1
1370,58,No,Travel_Rarely,Sales,21,2,Life Sciences,3,Male,1,2,Sales Executive,2,Married,11143,25806,6,Yes,24,3,1,2,5,0,4,35,9,4,4,46-60,> 10K,3.0,0
1371,42,Yes,Travel_Rarely,Human Resources,29,2,Other,3,Male,4,2,Human Resources,1,Married,16581,23819,8,No,23,3,1,2,34,2,4,1,1,8,8,36-45,> 10K,2.67,1
1372,58,No,Travel_Rarely,Sales,22,3,Life Sciences,2,Male,2,2,Manager,3,Divorced,2907,23184,1,Yes,16,3,3,1,4,6,3,10,9,4,10,46-60,< 3K,2.67,0
1373,27,No,Travel_Rarely,Research & Development,5,1,Other,2,Female,4,2,Manufacturing Director,2,Divorced,10216,21526,8,No,21,3,3,0,8,2,2,38,29,8,14,26-35,> 10K,2.0,0
1374,39,No,Travel_Rarely,Research & Development,1,3,Marketing,2,Male,2,3,Healthcare Representative,1,Married,9737,18652,2,No,15,3,4,3,27,4,2,33,8,5,16,36-45,6K-10K,1.67,0
1375,36,No,Non-Travel,Sales,10,5,Medical,1,Male,3,5,Sales Representative,4,Single,14757,22301,5,No,23,3,2,0,18,6,2,25,13,5,10,36-45,> 10K,2.33,0
1376,18,No,Travel_Rarely,Research & Development,17,4,Marketing,2,Male,1,3,Healthcare Representative,3,Divorced,5174,11716,3,Yes,19,4,3,1,4,6,1,17,9,10,12,18-25,3K-6K,2.0,0
1377,24,No,Travel_Rarely,Research & Development,4,5,Medical,1,Male,2,4,Research Director,2,Married,16708,17568,0,Yes,20,3,4,1,22,3,4,20,3,14,16,18-25,> 10K,2.33,0
1378,21,No,Travel_Rarely,Research & Development,15,4,Human Resources,1,Male,3,1,Laboratory Technician,1,Married,10297,10669,8,No,14,3,3,1,15,6,3,35,5,5,6,18-25,> 10K,1.67,0
1379,18,No,Non-Travel,Research & Development,19,1,Human Resources,2,Female,3,3,Research Director,2,Divorced,2990,6271,5,No,15,3,2,3,6,3,3,39,13,6,8,18-25,< 3K,2.33,0
1380,32,Yes,Travel_Rarely,Research & Development,27,1,Other,2,Male,3,2,Manager,1,Single,6596,18622,7,No,14,3,3,1,13,6,1,21,3,11,17,26-35,6K-10K,1.33,1
1381,57,No,Travel_Rarely,Sales,8,1,Technical Degree,1,Female,4,2,Manager,3,Single,17374,17228,1,No,24,3,2,0,21,1,3,29,25,10,17,46-60,> 10K,2.33,0
1382,29,No,Travel_Rarely,Research & Development,28,2,Technical Degree,3,Male,4,4,Manager,4,Married,4775,16256,6,No,23,3,4,2,8,0,2,29,14,3,9,26-35,3K-6K,3.0,0
1383,39,Yes,Travel_Rarely,Human Resources,28,2,Other,4,Male,2,5,Manager,3,Married,19445,25386,5,No,24,3,1,2,22,0,1,7,7,3,11,36-45,> 10K,2.67,1
1384,39,No,Travel_Rarely,Sales,23,4,Human Resources,4,Male,2,1,Sales Representative,2,Married,16706,26152,1,No,18,3,4,1,3,6,3,33,16,8,17,36-45,> 10K,3.0,0
1385,34,No,Travel_Frequently,Research & Development,15,3,Other,4,Female,4,3,Research Scientist,2,Married,15645,24267,1,No,23,3,1,1,25,4,1,8,2,14,8,26-35,> 10K,2.33,0
1386,46,No,Travel_Rarely,Research & Development,27,3,Technical Degree,3,Female,2,5,Research Scientist,1,Married,14668,14779,3,No,18,3,4,3,40,4,1,19,18,11,8,46-60,> 10K,1.67,0
1387,31,No,Travel_Rarely,Research & Development,7,4,Other,1,Male,2,5,Manager,3,Married,16960,16434,3,Yes,25,4,1,2,5,3,3,39,5,6,9,26-35,> 10K,2.33,0
1388,37,No,Travel_Rarely,Sales,15,2,Human Resources,2,Male,1,3,Manager,1,Divorced,12357,14732,2,Yes,13,3,4,3,30,5,2,24,10,10,0,36-45,> 10K,1.67,0
1389,50,No,Non-Travel,Human Resources,8,5,Marketing,1,Female,2,3,Human Resources,3,Single,5435,24169,7,No,11,3,2,3,16,0,3,18,15,9,10,46-60,3K-6K,2.33,0
1390,60,No,Travel_Rarely,Research & Development,26,4,Life Sciences,1,Female,3,3,Research Scientist,2,Married,16804,7093,6,Yes,16,3,1,3,8,5,4,4,0,5,13,46-60,> 10K,2.33,0
1391,32,No,Travel_Rarely,Sales,23,3,Human Resources,2,Male,1,3,Manager,1,Divorced,18429,8438,1,No,12,4,1,3,26,0,4,10,7,0,9,26-35,> 10K,2.33,0
1392,29,No,Travel_Rarely,Sales,10,4,Other,3,Female,2,2,Sales Executive,1,Married,10457,14729,2,No,12,3,2,0,5,5,3,14,10,6,13,26-35,> 10K,2.33,0
1393,57,No,Travel_Rarely,Sales,18,4,Human Resources,4,Male,1,5,Manager,3,Married,8951,24558,9,No,13,3,2,1,5,5,2,7,7,5,9,46-60,6K-10K,3.0,0
1394,37,No,Travel_Rarely,Research & Development,4,1,Human Resources,4,Male,3,5,Laboratory Technician,4,Single,7449,11943,8,No,18,3,1,1,3,0,4,18,6,11,16,36-45,6K-10K,4.0,0
1395,47,Yes,Travel_Rarely,Research & Development,15,2,Technical Degree,1,Male,2,2,Research Director,3,Divorced,4199,23829,4,Yes,13,4,1,3,2,1,4,22,21,3,1,46-60,3K-6K,2.67,1
1396,55,No,Travel_Rarely,Research & Development,11,1,Other,3,Male,1,5,Research Director,4,Married,7768,21722,1,Yes,17,3,1,3,23,1,3,26,24,12,13,46-60,6K-10K,3.33,0
1397,20,No,Travel_Rarely,Research & Development,22,2,Technical Degree,4,Female,2,3,Manager,3,Married,10130,4333,2,No,20,3,3,0,17,4,3,39,18,7,17,18-25,> 10K,3.33,0
1398,45,Yes,Non-Travel,Sales,3,4,Other,3,Male,1,1,Sales Executive,2,Married,9633,6386,7,Yes,24,4,4,3,31,5,3,31,30,6,1,36-45,6K-10K,2.67,1
1399,43,No,Travel_Rarely,Research & Development,15,2,Technical Degree,2,Male,1,5,Research Scientist,1,Married,19934,14655,3,No,20,3,2,0,20,5,1,25,25,7,7,36-45,> 10K,1.33,0
1400,47,No,Travel_Rarely,Research & Development,3,3,Technical Degree,1,Female,3,1,Research Scientist,3,Married,5225,22965,1,No,19,3,2,0,28,5,1,26,9,8,5,46-60,3K-6K,1.67,0
1401,30,No,Travel_Rarely,Sales,15,1,Marketing,1,Male,3,1,Sales Representative,2,Married,17980,25082,1,No,23,3,4,3,31,5,1,18,8,0,6,26-35,> 10K,1.33,0
1402,30,No,Travel_Rarely,Sales,6,4,Human Resources,3,Male,2,2,Sales Executive,3,Married,7054,18316,5,No,18,3,2,1,24,5,3,28,3,15,12,26-35,6K-10K,3.0,0
1403,19,No,Travel_Rarely,Sales,1,3,Marketing,4,Female,4,4,Sales Representative,1,Married,2505,10359,7,No,11,3,2,0,11,3,2,38,22,2,1,18-25,< 3K,2.33,0
1404,54,No,Travel_Frequently,Research & Development,14,2,Technical Degree,3,Male,2,5,Healthcare Representative,3,Married,10053,16172,6,No,17,4,1,1,8,2,4,40,12,1,6,46-60,> 10K,3.33,0
1405,55,No,Travel_Rarely,Research & Development,16,2,Marketing,2,Male,1,2,Laboratory Technician,4,Single,16749,5542,3,Yes,17,3,2,1,6,5,1,32,24,2,0,46-60,> 10K,2.33,0
1406,19,No,Travel_Rarely,Research & Development,1,3,Human Resources,4,Male,3,2,Manufacturing Director,1,Single,11832,24270,1,No,18,3,3,0,13,3,2,18,1,10,5,18-25,> 10K,2.33,0
1407,53,No,Travel_Rarely,Research & Development,21,2,Human Resources,4,Male,3,1,Healthcare Representative,4,Divorced,17344,17529,8,No,20,4,3,2,19,1,3,36,1,10,15,46-60,> 10K,3.67,0
1408,43,No,Travel_Rarely,Research & Development,17,1,Technical Degree,3,Female,1,5,Research Director,2,Married,15783,10054,3,No,15,4,1,0,19,5,1,18,15,15,7,36-45,> 10K,2.0,0
1409,28,No,Travel_Rarely,Research & Development,26,5,Human Resources,2,Female,4,2,Research Scientist,2,Married,2551,8914,8,Yes,20,3,1,2,9,1,3,32,8,1,12,26-35,< 3K,2.33,0
1410,25,Yes,Travel_Rarely,Research & Development,8,2,Marketing,4,Male,3,3,Research Director,3,Single,16154,9513,4,Yes,19,3,2,0,10,4,2,15,11,10,17,18-25,> 10K,3.0,1
1411,57,No,Travel_Rarely,Sales,18,4,Medical,1,Male,4,2,Sales Representative,4,Divorced,14799,10269,6,No,19,3,1,0,38,2,1,22,12,5,13,46-60,> 10K,2.0,0
1412,60,No,Travel_Rarely,Sales,16,2,Human Resources,2,Female,3,3,Sales Representative,4,Married,7852,13090,4,No,18,3,1,1,18,0,1,6,2,8,17,46-60,6K-10K,2.33,0
1413,39,No,Non-Travel,Sales,6,4,Marketing,4,Male,1,4,Sales Representative,1,Divorced,2449,3108,1,No,16,3,4,1,18,2,1,25,8,1,3,36-45,< 3K,2.0,0
1414,37,No,Travel_Rarely,Sales,10,2,Marketing,3,Male,2,3,Sales Representative,4,Divorced,3659,23140,5,No,16,3,1,3,5,5,1,31,12,3,14,36-45,3K-6K,2.67,0
1415,25,No,Travel_Rarely,Research & Development,10,2,Marketing,4,Female,2,3,Healthcare Representative,4,Divorced,8509,3224,6,No,11,3,3,1,7,5,2,11,4,4,4,18-25,6K-10K,3.33,0
1416,46,Yes,Travel_Rarely,Human Resources,5,4,Human Resources,1,Female,4,1,Human Resources,1,Divorced,3721,14876,5,Yes,23,3,2,1,0,2,1,7,7,4,13,46-60,3K-6K,1.0,1
1417,57,No,Travel_Rarely,Sales,26,1,Medical,2,Male,2,2,Manager,1,Single,13444,25912,2,No,25,3,1,1,22,2,4,4,1,14,15,46-60,> 10K,2.33,0
1418,43,No,Travel_Rarely,Sales,28,5,Technical Degree,4,Male,1,4,Sales Executive,4,Divorced,10637,17097,9,No,16,3,4,1,39,4,4,27,7,13,14,36-45,> 10K,4.0,0
1419,47,Yes,Travel_Rarely,Research & Development,12,5,Technical Degree,1,Male,2,2,Healthcare Representative,3,Single,11490,10756,7,No,24,3,2,3,36,6,3,4,2,0,10,46-60,> 10K,2.33,1
1420,34,No,Travel_Rarely,Human Resources,20,1,Human Resources,4,Male,4,3,Manager,1,Divorced,3925,4859,2,No,14,3,2,1,9,1,1,25,8,12,1,26-35,3K-6K,2.0,0
1421,37,No,Travel_Rarely,Research & Development,17,2,Human Resources,4,Female,1,3,Laboratory Technician,1,Single,10824,26877,4,No,14,3,2,2,1,0,4,4,1,5,17,36-45,> 10K,3.0,0
1422,33,No,Travel_Rarely,Research & Development,14,5,Life Sciences,2,Male,1,2,Healthcare Representative,4,Married,7240,16628,8,No,24,3,4,2,35,6,4,21,5,13,3,26-35,6K-10K,3.33,0
1423,60,No,Travel_Rarely,Sales,14,1,Other,3,Male,3,4,Sales Executive,4,Single,17896,14581,4,Yes,12,3,3,3,1,2,4,14,5,4,14,46-60,> 10K,3.67,0
1424,24,Yes,Travel_Rarely,Sales,3,1,Medical,3,Male,3,4,Sales Representative,1,Married,1215,10300,6,No,23,3,4,1,14,0,2,12,7,12,11,18-25,< 3K,2.0,1
1425,33,No,Travel_Rarely,Human Resources,29,5,Marketing,1,Female,2,1,Manager,4,Single,8299,4412,6,No,21,3,4,2,19,2,1,27,25,5,2,26-35,6K-10K,2.0,0
1426,44,No,Travel_Rarely,Human Resources,12,4,Other,1,Male,4,3,Manager,1,Married,12523,4647,4,No,24,3,2,0,20,1,2,32,27,15,3,36-45,> 10K,1.33,0
1427,40,No,Travel_Rarely,Sales,20,3,Marketing,1,Male,1,3,Sales Executive,3,Divorced,11364,15805,1,No,14,3,4,2,29,0,2,22,4,13,15,36-45,> 10K,2.0,0
1428,41,No,Travel_Rarely,Human Resources,18,4,Other,2,Female,2,1,Manager,3,Married,4153,5338,4,Yes,15,3,2,1,23,6,4,32,0,3,5,36-45,3K-6K,3.0,0
1429,26,No,Travel_Rarely,Research & Development,12,2,Technical Degree,3,Male,2,2,Laboratory Technician,1,Single,2706,7804,6,Yes,23,3,1,2,1,3,4,17,8,12,1,26-35,< 3K,2.67,0
1430,52,No,Travel_Rarely,Research & Development,2,4,Other,1,Male,3,3,Manufacturing Director,1,Married,11298,25615,6,No,22,3,1,0,37,1,3,29,9,10,8,46-60,> 10K,1.67,0
1431,37,No,Travel_Rarely,Research & Development,2,3,Human Resources,1,Male,2,2,Research Director,2,Single,2567,22907,3,No,15,3,4,2,21,6,1,25,22,5,11,36-45,< 3K,1.33,0
1432,54,No,Non-Travel,Research & Development,27,3,Medical,4,Male,2,4,Manufacturing Director,2,Married,11400,22197,0,No,15,3,3,1,28,0,1,15,3,8,11,46-60,> 10K,2.33,0
1433,59,No,Travel_Rarely,Research & Development,17,1,Technical Degree,4,Male,3,5,Research Director,4,Divorced,11345,14392,5,No,14,4,2,0,13,2,4,12,2,0,13,46-60,> 10K,4.0,0
1434,34,No,Non-Travel,Research & Development,10,2,Other,1,Male,2,1,Research Scientist,4,Married,2128,12448,2,No,11,3,4,3,4,6,4,38,9,14,16,26-35,< 3K,3.0,0
1435,48,Yes,Travel_Rarely,Sales,18,1,Medical,4,Male,2,3,Sales Executive,1,Single,8867,22029,4,Yes,24,3,4,0,23,2,1,32,10,5,8,46-60,6K-10K,2.0,1
1436,25,No,Travel_Frequently,Sales,22,4,Human Resources,4,Male,1,1,Manager,1,Married,19749,5417,3,No,20,3,3,2,25,1,3,25,13,0,11,18-25,> 10K,2.67,0
1437,32,No,Travel_Rarely,Research & Development,19,4,Marketing,4,Male,2,4,Manufacturing Director,2,Divorced,6583,18395,1,No,18,4,2,3,1,1,4,0,0,11,9,26-35,6K-10K,3.33,0
1438,48,No,Travel_Rarely,Research & Development,26,5,Life Sciences,2,Male,3,4,Healthcare Representative,2,Single,5897,24993,6,No,13,4,4,0,33,6,3,37,37,6,10,46-60,3K-6K,2.33,0
1439,47,Yes,Travel_Rarely,Sales,21,1,Medical,1,Male,3,4,Sales Executive,1,Married,7001,21529,4,Yes,12,3,3,0,22,2,2,1,1,3,1,46-60,6K-10K,1.33,1
1440,37,No,Travel_Rarely,Research & Development,1,1,Marketing,1,Male,1,4,Laboratory Technician,3,Married,12113,19258,6,No,19,3,2,0,40,0,4,5,4,5,15,36-45,> 10K,2.67,0
1441,56,Yes,Travel_Rarely,Human Resources,24,1,Medical,4,Female,3,5,Manager,3,Married,5567,9303,8,Yes,17,3,1,1,34,6,2,37,16,15,0,46-60,3K-6K,3.0,1
1442,29,No,Travel_Rarely,Sales,29,1,Medical,2,Male,3,2,Sales Representative,4,Divorced,10271,19267,3,No,19,3,3,3,14,3,4,23,15,6,0,26-35,> 10K,3.33,0
1443,34,Yes,Travel_Rarely,Research & Development,4,3,Medical,4,Male,3,2,Manufacturing Director,1,Married,15348,6650,4,No,23,3,4,3,2,4,2,17,2,12,1,26-35,> 10K,2.33,1
1444,59,Yes,Travel_Rarely,Research & Development,25,5,Human Resources,2,Female,2,5,Healthcare Representative,1,Married,12703,14177,8,Yes,12,3,1,0,11,1,4,26,1,10,11,46-60,> 10K,2.33,1
1445,47,No,Travel_Rarely,Research & Development,4,2,Technical Degree,1,Male,1,2,Healthcare Representative,4,Married,14329,15747,9,No,19,4,2,3,37,2,3,40,10,4,17,46-60,> 10K,2.67,0
1446,46,No,Travel_Frequently,Sales,2,2,Medical,4,Female,4,4,Manager,2,Single,3741,26094,3,No,20,3,3,2,16,0,3,7,4,8,11,46-60,3K-6K,3.0,0
1447,36,No,Travel_Rarely,Research & Development,19,2,Human Resources,1,Female,1,2,Healthcare Representative,2,Single,7256,25181,4,Yes,19,3,1,2,37,1,3,27,8,7,0,36-45,6K-10K,2.0,0
1448,28,No,Travel_Rarely,Research & Development,21,3,Life Sciences,2,Female,1,1,Manager,3,Married,1228,23823,4,Yes,21,3,1,0,26,0,2,9,2,14,10,26-35,< 3K,2.33,0
1449,51,No,Non-Travel,Human Resources,12,5,Technical Degree,3,Female,1,2,Human Resources,1,Single,17678,16182,7,No,19,3,4,2,18,1,3,16,14,2,1,46-60,> 10K,2.33,0
1450,24,No,Travel_Rarely,Research & Development,10,5,Human Resources,2,Male,4,1,Research Scientist,2,Divorced,5284,9008,3,No,20,3,1,0,20,2,2,28,13,0,11,18-25,3K-6K,2.0,0
1451,51,No,Travel_Rarely,Research & Development,13,3,Life Sciences,3,Female,4,3,Research Scientist,3,Single,14264,15276,3,No,23,3,4,2,39,0,4,5,1,10,1,46-60,> 10K,3.33,0
1452,37,No,Non-Travel,Research & Development,29,1,Technical Degree,1,Male,3,1,Manager,3,Single,14390,11771,6,No,20,3,2,0,23,2,2,13,0,13,16,36-45,> 10K,2.0,0
1453,55,No,Travel_Rarely,Research & Development,22,4,Human Resources,1,Male,2,1,Research Director,3,Married,1918,13963,4,No,14,3,4,0,23,0,4,21,21,9,5,46-60,< 3K,2.67,0
1454,41,No,Travel_Frequently,Research & Development,23,1,Life Sciences,4,Female,3,4,Laboratory Technician,2,Single,12445,26928,5,No,20,4,3,3,18,1,1,5,1,7,15,36-45,> 10K,2.33,0
1455,27,Yes,Travel_Rarely,Sales,20,2,Human Resources,3,Male,3,4,Sales Representative,2,Married,1498,10162,5,No,13,3,1,3,30,4,1,25,7,3,5,26-35,< 3K,2.0,1
1456,49,No,Travel_Rarely,Human Resources,23,1,Life Sciences,2,Female,4,4,Human Resources,1,Married,3809,16849,5,Yes,16,3,2,0,39,4,1,38,17,6,6,46-60,3K-6K,1.33,0
1457,32,Yes,Travel_Rarely,Research & Development,15,3,Medical,1,Male,3,1,Manufacturing Director,1,Married,5961,5487,9,No,13,3,4,3,19,6,2,11,8,3,16,26-35,3K-6K,1.33,1
1458,54,No,Travel_Rarely,Research & Development,26,2,Medical,3,Male,3,5,Research Scientist,3,Divorced,10017,12038,4,No,21,4,4,3,14,3,1,34,18,6,5,46-60,> 10K,2.33,0
1459,37,No,Travel_Rarely,Sales,3,4,Technical Degree,2,Male,4,4,Sales Executive,3,Married,4779,9537,4,Yes,19,3,4,1,39,3,1,13,7,15,14,36-45,3K-6K,2.0,0
1460,20,No,Travel_Rarely,Research & Development,23,2,Life Sciences,3,Female,1,4,Laboratory Technician,2,Single,11050,4390,8,Yes,13,3,2,2,34,6,1,21,7,13,8,18-25,> 10K,2.0,0
1461,54,Yes,Travel_Rarely,Research & Development,20,1,Medical,2,Male,1,1,Research Director,2,Divorced,3118,6030,7,Yes,12,3,2,3,34,6,4,22,2,0,1,46-60,3K-6K,2.67,1
1462,57,No,Travel_Rarely,Research & Development,29,5,Technical Degree,2,Male,4,3,Manager,1,Married,7391,9492,3,No,18,3,3,0,32,5,3,6,2,0,4,46-60,6K-10K,2.0,0
1463,25,Yes,Travel_Rarely,Sales,13,5,Marketing,2,Male,2,3,Manager,1,Married,1145,5438,6,No,16,4,2,1,39,2,2,39,21,1,4,18-25,< 3K,1.67,1
1464,57,No,Travel_Rarely,Research & Development,8,5,Medical,2,Female,3,2,Healthcare Representative,4,Married,14929,4383,7,No,18,3,4,1,40,0,1,24,16,4,11,46-60,> 10K,2.33,0
1465,40,No,Non-Travel,Human Resources,25,2,Medical,3,Male,1,3,Human Resources,1,Single,15917,5367,8,No,25,3,2,3,17,3,4,12,3,14,9,36-45,> 10K,2.67,0
1466,57,No,Travel_Rarely,Sales,7,5,Other,3,Female,4,4,Sales Executive,2,Divorced,5565,8167,4,Yes,23,3,4,0,16,1,3,20,16,10,3,46-60,3K-6K,2.67,0
1467,28,No,Travel_Rarely,Human Resources,24,3,Human Resources,4,Male,2,5,Manager,3,Married,17576,15172,2,No,17,3,3,0,7,6,3,40,13,13,11,26-35,> 10K,3.33,0
1468,25,Yes,Non-Travel,Research & Development,8,4,Marketing,3,Male,3,2,Laboratory Technician,4,Married,7637,3465,3,No,13,3,3,0,19,4,3,9,2,9,14,18-25,6K-10K,3.33,1
1469,46,No,Non-Travel,Research & Development,18,5,Life Sciences,3,Male,4,5,Healthcare Representative,1,Single,9243,20535,9,Yes,18,3,4,0,10,0,4,8,8,5,9,46-60,6K-10K,2.67,0
1470,47,No,Travel_Rarely,Research & Development,9,3,Technical Degree,4,Female,4,5,Manager,1,Divorced,3410,5483,5,No,20,3,2,0,29,5,1,14,13,1,17,46-60,3K-6K,2.0,0
