EmployeeID,Age,Attrition,BusinessTravel,Department,DistanceFromHome,Education,EducationField,EmployeeCount,EnvironmentSatisfaction,Gender,JobInvolvement,JobLevel,JobRole,JobSatisfaction,MaritalStatus,MonthlyIncome,MonthlyRate,NumCompaniesWorked,Over18,OverTime,PercentSalaryHike,PerformanceRating,RelationshipSatisfaction,StandardHours,StockOptionLevel,TotalWorkingYears,TrainingTimesLastYear,WorkLifeBalance,YearsAtCompany,YearsInCurrentRole,YearsSinceLastPromotion,YearsWithCurrManager
1,-1,No,Travel_Rarely,Research & Development,5,4,Marketing,1,2,Male,4,3,Research Director,2,Married,10275.0,9386,5,Y,No,20,3,2,80,3,21,0,3,28,19,10,0
2,44,No,Non-Travel,Human Resources,10,5,Medical,1,4,Female,4,5,Human Resources,1,Single,18033.0,6893,3,Y,No,21,3,1,80,0,22,0,2,20,1,6,12
3,59,No,Travel_Rarely,Research & Development,12,4,Other,1,1,Male,1,4,Research Scientist,4,Married,5134.0,23480,4,Y,No,15,4,3,80,0,10,4,1,25,24,13,7
4,23,No,Travel_Frequently,Research & Development,17,2,Medical,1,3,Female,2,1,Healthcare Representative,1,Single,12803.0,6856,9,Y,No,19,3,2,80,0,15,4,1,13,12,9,8
5,32,No,Non-Travel,Sales,21,5,Technical Degree,1,2,Male,3,3,Sales Representative,4,Married,16408.0,5655,4,Y,No,23,4,3,80,2,15,1,4,8,1,14,1
6,47,No,Travel_Rarely,Sales,6,3,Technical Degree,1,4,Male,4,1,Sales Executive,3,Single,18420.0,26868,6,Y,Yes,21,3,3,80,0,13,4,3,11,2,11,16
7,59,Yes,Travel_Frequently,Sales,3,1,Life Sciences,1,1,Female,2,5,Sales Representative,4,Married,17351.0,18260,8,Y,No,21,3,3,80,1,5,4,3,5,1,3,5
8,54,No,Non-Travel,Research & Development,28,5,Technical Degree,1,1,Male,3,1,Manager,3,Single,5131.0,22677,6,Y,No,24,3,2,80,3,16,0,4,19,1,0,2
9,54,Yes,Travel_Rarely,Research & Development,15,4,Other,1,4,Male,2,3,Manufacturing Director,1,Divorced,19532.0,18463,8,Y,No,13,3,2,80,3,30,1,1,23,2,7,16
10,59,No,Travel_Rarely,Research & Development,7,5,Other,1,2,Male,1,2,Manager,3,Married,13057.0,14424,3,Y,No,12,3,3,80,3,9,5,2,26,5,9,5
11,54,No,Travel_Rarely,Sales,6,1,Medical,1,4,Male,3,3,Manager,2,Single,12349.0,6308,9,Y,No,16,4,1,80,2,19,4,3,37,2,13,7
12,52,No,Travel_Rarely,Human Resources,4,1,Marketing,1,4,Female,2,1,Manager,3,Married,12486.0,20246,9,Y,No,23,4,1,80,1,8,1,4,7,6,8,13
13,40,No,Travel_Frequently,Research & Development,19,4,Life Sciences,1,2,Male,4,5,Laboratory Technician,4,Divorced,6457.0,2618,3,Y,No,17,3,1,80,0,14,2,2,0,0,9,9
14,23,No,Travel_Rarely,Sales,5,4,Technical Degree,1,1,Female,4,4,Sales Representative,4,Married,7079.0,19343,5,Y,No,15,3,4,80,1,38,0,4,23,9,14,9
15,21,No,Travel_Rarely,Sales,3,2,Marketing,1,3,Male,4,4,Sales Executive,4,Married,13453.0,13470,7,Y,No,11,3,3,80,3,1,5,4,6,2,8,14
16,35,No,Travel_Rarely,Sales,26,1,Medical,1,2,Female,3,5,Sales Executive,3,Single,19814.0,22119,8,Y,Yes,13,3,4,80,0,3,0,4,18,5,8,7
17,26,No,Travel_Rarely,Research & Development,25,4,Human Resources,1,3,Female,1,1,Healthcare Representative,4,Married,19263.0,17492,0,Y,No,13,3,1,80,3,23,0,1,21,15,11,10
18,46,No,Non-Travel,Research & Development,9,1,Life Sciences,1,1,Female,1,5,Research Director,4,Married,13158.0,10114,0,Y,No,22,3,2,80,3,17,3,1,34,18,11,15
19,30,Yes,Travel_Rarely,Research & Development,6,2,Other,1,4,Female,3,1,Healthcare Representative,2,Married,16735.0,14188,7,Y,No,24,3,1,80,3,10,1,4,29,2,10,2
20,34,No,Travel_Rarely,Sales,13,3,Marketing,1,3,Male,3,3,Sales Executive,3,Divorced,16830.0,12669,6,Y,Yes,14,3,4,80,1,36,2,3,28,17,10,14
21,49,No,Travel_Rarely,Research & Development,27,1,Medical,1,1,Male,1,2,Manager,2,Single,16125.0,13443,8,Y,No,24,3,4,80,1,25,4,2,21,6,11,12
22,39,No,Travel_Frequently,Sales,22,2,Medical,1,1,Female,4,1,Sales Representative,4,Single,12905.0,20552,2,Y,No,20,3,1,80,3,7,2,3,10,8,3,10
23,21,No,Travel_Rarely,Sales,28,2,Life Sciences,1,4,Male,1,4,Manager,4,Divorced,13298.0,21629,9,Y,No,16,3,3,80,3,21,1,1,19,19,14,13
24,22,No,Travel_Frequently,Research & Development,20,2,Life Sciences,1,4,Male,1,4,Research Scientist,4,Married,3011.0,9235,4,Y,No,15,3,2,80,0,4,0,2,28,11,15,6
25,54,No,Travel_Rarely,Research & Development,4,5,Technical Degree,1,1,Male,2,2,Research Director,3,Single,4373.0,11914,2,Y,No,11,3,2,80,3,1,3,4,40,4,8,14
26,58,Yes,Travel_Rarely,Research & Development,2,4,Technical Degree,1,1,Male,4,1,Research Scientist,1,Married,11335.0,19545,4,Y,No,25,4,1,80,3,4,1,3,33,2,10,5
27,30,Yes,Travel_Rarely,Sales,26,1,Other,1,3,Male,3,2,Sales Representative,4,Divorced,11692.0,12081,9,Y,No,16,3,3,80,3,34,5,3,0,0,3,6
28,51,No,Travel_Frequently,Research & Development,4,5,Other,1,1,Male,1,3,Research Director,4,Single,15527.0,20424,0,Y,No,24,3,3,80,3,31,5,4,30,10,1,13
29,39,Yes,Travel_Frequently,Research & Development,8,1,Life Sciences,1,1,Male,4,2,Healthcare Representative,4,Single,13773.0,17667,3,Y,Yes,24,3,1,80,1,18,1,3,29,24,9,3
30,40,No,Travel_Frequently,Sales,13,5,Life Sciences,1,3,Female,3,3,Sales Executive,4,Single,2289.0,13593,5,Y,Yes,19,3,2,80,3,38,4,1,17,3,2,8
31,20,No,Travel_Frequently,Research & Development,10,4,Marketing,1,2,Male,2,4,Research Scientist,3,Divorced,2447.0,10160,1,Y,No,21,3,2,80,2,3,2,4,16,4,1,6
32,59,No,Non-Travel,  research & development  ,18,2,Technical Degree,1,3,Female,2,3,Sales Executive,1,Divorced,15139.0,24033,6,Y,No,11,3,2,80,3,22,2,3,37,0,13,14
33,51,No,Travel_Rarely,Sales,9,1,Medical,1,3,Male,4,1,Sales Executive,1,Married,14757.0,11291,7,Y,No,18,3,3,80,1,18,4,4,13,10,0,2
34,49,No,Travel_Rarely,Human Resources,1,2,Technical Degree,1,4,Female,1,1,Manager,1,Married,6462.0,14210,0,Y,Yes,18,4,1,80,2,25,3,2,22,17,10,4
35,38,No,Travel_Rarely,Human Resources,13,4,Technical Degree,1,3,Male,3,1,Human Resources,4,Married,8657.0,25702,3,Y,No,13,3,3,80,2,25,0,4,24,11,5,16
36,38,No,Travel_Frequently,Research & Development,18,1,Life Sciences,1,1,Male,4,1,Healthcare Representative,4,Single,5920.0,25867,3,Y,No,25,4,2,80,3,6,6,3,14,12,3,0
37,28,No,Non-Travel,Research & Development,15,3,Life Sciences,1,1,Male,2,5,Manufacturing Director,1,Divorced,11345.0,6132,4,Y,Yes,23,4,3,80,3,31,6,1,21,8,6,0
38,56,No,Travel_Rarely,Sales,2,3,Technical Degree,1,1,Male,3,3,Sales Representative,1,Single,9417.0,2844,3,Y,No,19,3,2,80,1,32,0,4,2,1,6,15
39,21,No,Travel_Rarely,Research & Development,11,3,Human Resources,1,2,Female,3,1,Laboratory Technician,4,Married,18160.0,24161,8,Y,No,21,3,1,80,2,25,5,4,18,4,13,13
40,18,No,Travel_Rarely,Research & Development,29,4,Human Resources,1,1,Female,1,2,Healthcare Representative,4,Married,,3643,6,Y,No,23,3,2,80,2,23,3,3,33,15,9,10
41,45,No,Travel_Rarely,Sales,14,3,Other,1,2,Male,2,2,Manager,2,Single,1687.0,3263,1,Y,No,23,3,4,80,1,22,4,1,34,23,0,13
42,41,No,Non-Travel,Research & Development,22,1,Technical Degree,1,1,Male,2,5,Manager,2,Married,17913.0,4934,0,Y,No,21,4,4,80,3,37,6,1,0,0,11,7
43,52,No,Non-Travel,Sales,15,3,Human Resources,1,3,Male,2,3,Sales Representative,2,Married,14223.0,24523,8,Y,Yes,18,3,1,80,0,25,1,2,20,2,12,1
44,30,No,Travel_Rarely,Human Resources,14,1,Other,1,4,Male,3,3,Manager,1,Married,9080.0,9174,0,Y,No,13,3,3,80,0,30,2,2,28,21,8,9
45,51,No,Travel_Rarely,Sales,16,4,Other,1,1,Male,2,3,Sales Representative,3,Single,19537.0,2215,5,Y,Yes,20,3,3,80,2,5,1,3,5,3,7,4
46,28,No,Non-Travel,Research & Development,23,2,Technical Degree,1,2,Female,4,5,Manager,4,Single,10486.0,6776,1,Y,No,15,4,3,80,2,30,2,1,36,10,9,14
47,53,No,Travel_Frequently,Research & Development,29,5,Other,1,2,Male,2,3,Research Scientist,2,Married,7094.0,20724,3,Y,Yes,13,3,2,80,3,39,1,1,0,0,0,0
48,34,Yes,Travel_Rarely,Research & Development,15,3,Life Sciences,1,4,Female,3,3,Healthcare Representative,3,Divorced,8692.0,26090,5,Y,No,15,4,4,80,0,11,4,2,0,0,14,1
49,52,No,Travel_Rarely,Research & Development,19,5,Life Sciences,1,1,Female,2,1,Research Director,4,Single,12088.0,16100,4,Y,No,19,3,1,80,2,16,4,2,26,22,12,16
50,35,No,Travel_Rarely,Sales,27,2,Life Sciences,1,3,Female,2,3,Sales Representative,3,Divorced,4103.0,11699,5,Y,Yes,25,3,3,80,3,25,3,3,20,13,7,14
51,57,No,Travel_Rarely,Human Resources,9,4,Medical,1,1,Male,3,1,Manager,1,Married,3440.0,20474,2,Y,No,22,3,3,80,0,2,1,1,15,12,4,17
52,39,No,Travel_Rarely,Research & Development,5,4,Life Sciences,1,1,Female,2,1,Laboratory Technician,1,Divorced,8124.0,3116,4,Y,Yes,14,3,1,80,1,14,1,4,39,34,0,7
53,41,Yes,Travel_Rarely,Human Resources,5,2,Life Sciences,1,4,Female,1,3,Manager,1,Single,18228.0,9750,1,Y,No,16,3,2,80,2,37,3,2,25,15,14,13
54,36,No,Travel_Rarely,Research & Development,11,5,Technical Degree,1,1,Male,3,2,Manufacturing Director,2,Single,15031.0,15580,6,Y,No,13,3,3,80,1,23,3,3,15,5,3,7
55,54,Yes,Non-Travel,Research & Development,28,3,Human Resources,1,3,Male,2,4,Research Director,4,Single,15536.0,15932,2,Y,Yes,13,3,2,80,0,29,4,1,27,14,6,7
56,56,No,Travel_Frequently,Human Resources,20,1,Human Resources,1,2,Female,1,2,Human Resources,1,Married,1446.0,12932,0,Y,Yes,15,3,2,80,3,35,4,1,0,0,13,12
57,38,No,Travel_Rarely,Sales,25,4,Life Sciences,1,4,Female,4,3,Sales Representative,2,Divorced,4915.0,23718,7,Y,No,18,3,2,80,3,26,5,2,35,30,11,4
58,25,No,Travel_Rarely,Sales,24,2,Life Sciences,1,3,Male,3,3,Sales Executive,2,Single,16787.0,15246,7,Y,Yes,24,3,3,80,0,21,1,3,9,9,4,9
59,45,No,Travel_Frequently,Sales,28,5,Life Sciences,1,2,Male,2,2,Sales Executive,2,Married,18618.0,20545,2,Y,No,18,3,3,80,1,1,4,4,16,8,10,6
60,22,No,Travel_Rarely,Research & Development,4,3,Other,1,4,Male,3,3,Laboratory Technician,2,Single,7587.0,21640,6,Y,No,13,3,1,80,3,6,6,2,22,10,2,8
61,34,No,Travel_Rarely,Research & Development,20,5,Technical Degree,1,4,Male,1,1,Research Director,1,Married,1226.0,11340,8,Y,No,18,3,1,80,2,15,4,3,6,1,11,13
62,54,No,Travel_Rarely,Sales,18,3,Technical Degree,1,2,Male,3,5,Manager,2,Single,12151.0,21560,7,Y,No,23,4,2,80,1,23,1,1,6,0,10,5
63,53,No,Non-Travel,Research & Development,25,1,Technical Degree,1,2,Male,4,3,Manufacturing Director,1,Single,6558.0,8380,2,Y,No,21,3,3,80,1,29,3,4,14,2,3,9
64,36,No,Travel_Frequently,Research & Development,3,1,Human Resources,1,3,Female,2,3,Manufacturing Director,1,Married,12971.0,16988,1,Y,No,23,3,2,80,2,0,1,3,33,1,1,0
65,44,No,Travel_Rarely,Sales,4,2,Medical,1,1,Female,4,2,Manager,2,Married,1186.0,17833,9,Y,Yes,18,4,1,80,0,26,6,4,3,3,7,10
66,51,Yes,Travel_Rarely,Research & Development,14,2,Human Resources,1,1,Female,1,1,Healthcare Representative,1,Single,15680.0,21729,6,Y,Yes,13,4,2,80,3,8,0,3,13,6,11,7
67,28,No,Travel_Frequently,Sales,7,3,Technical Degree,1,1,Male,3,2,Manager,4,Single,15559.0,25380,6,Y,Yes,20,3,4,80,1,6,1,3,13,1,1,5
68,29,No,Travel_Rarely,Research & Development,26,3,Marketing,1,1,Female,2,2,Manager,4,Single,12069.0,11332,8,Y,Yes,25,3,2,80,3,4,0,3,15,5,13,16
69,38,Yes,Travel_Rarely,Sales,8,3,Medical,1,1,Male,2,3,Sales Representative,3,Divorced,3535.0,21317,4,Y,Yes,23,3,3,80,3,29,1,3,6,6,12,3
70,28,No,Travel_Rarely,Human Resources,24,3,Life Sciences,1,3,Male,1,1,Manager,4,Married,2932.0,26125,3,Y,No,25,3,2,80,1,26,6,4,31,18,10,5
71,56,No,Travel_Rarely,Research & Development,16,1,Other,1,4,Female,1,3,Manufacturing Director,1,Married,3032.0,7655,7,Y,No,20,3,2,80,0,9,0,2,18,7,5,14
72,45,No,Non-Travel,Sales,20,2,Human Resources,1,3,Male,3,3,Manager,1,Married,2252.0,4448,3,Y,No,12,3,3,80,1,24,0,4,1,1,13,9
73,22,Yes,Non-Travel,Sales,15,2,Other,1,3,Male,2,3,Manager,4,Single,6509.0,16185,3,Y,Yes,20,3,4,80,0,17,6,3,9,2,6,16
74,34,No,Travel_Rarely,Research & Development,7,4,Medical,1,3,Male,1,3,Research Director,2,Married,6074.0,19211,1,Y,No,12,4,3,80,2,6,1,4,16,13,6,9
75,37,No,Travel_Rarely,Research & Development,26,2,Marketing,1,4,Male,2,5,Research Director,2,Single,14900.0,24280,0,Y,No,19,3,1,80,0,30,5,4,36,24,12,4
76,58,No,Travel_Rarely,Research & Development,17,2,Medical,1,3,male,3,4,Healthcare Representative,1,Married,15523.0,3203,3,Y,No,17,3,4,80,0,31,4,4,11,0,0,6
77,29,No,Travel_Rarely,Research & Development,22,5,Human Resources,1,3,Female,4,1,Research Director,2,Married,2881.0,8619,6,Y,No,16,4,4,80,1,10,2,3,5,4,7,9
78,23,No,Travel_Rarely,Sales,22,5,Technical Degree,1,4,Female,1,5,Manager,3,Married,1269.0,8798,8,Y,No,17,3,3,80,3,9,4,4,21,2,8,10
79,34,No,Travel_Rarely,Research & Development,22,4,Life Sciences,1,3,Female,3,4,Research Scientist,3,Single,2630.0,19228,8,Y,No,18,3,2,80,3,21,0,1,31,21,13,2
80,36,No,Travel_Frequently,Sales,12,3,Technical Degree,1,1,Female,4,4,Manager,4,Single,18958.0,4971,9,Y,No,22,3,1,80,0,30,1,3,40,25,13,10
81,43,No,Travel_Rarely,Research & Development,18,4,Technical Degree,1,2,Female,3,4,Healthcare Representative,4,Divorced,14383.0,3268,0,Y,Yes,11,3,1,80,0,40,1,4,19,17,6,5
82,49,Yes,Travel_Rarely,Research & Development,24,4,Human Resources,1,3,Male,1,5,Manufacturing Director,2,Married,17152.0,17952,4,Y,No,18,3,4,80,1,13,1,1,0,0,12,5
83,23,No,Travel_Rarely,Research & Development,14,1,Technical Degree,1,2,Female,3,1,Research Director,1,Single,12084.0,6744,6,Y,No,13,3,1,80,0,2,1,4,5,0,7,14
84,53,No,Travel_Rarely,Sales,15,2,Technical Degree,1,3,Male,2,2,Sales Executive,4,Single,2695.0,9735,6,Y,Yes,13,3,4,80,1,23,5,2,18,5,3,2
85,55,No,Travel_Frequently,Research & Development,15,1,Human Resources,1,3,Female,1,4,Manager,3,Divorced,15821.0,16548,9,Y,No,16,4,4,80,2,13,2,4,17,0,11,10
86,28,No,Travel_Rarely,Research & Development,5,2,Human Resources,1,1,Male,2,2,Healthcare Representative,4,Married,4262.0,11821,5,Y,No,14,3,1,80,0,15,3,4,5,4,7,7
87,50,Yes,Travel_Rarely,Research & Development,16,4,Marketing,1,4,Female,3,2,Laboratory Technician,4,Divorced,2445.0,5530,9,Y,No,14,3,4,80,2,27,0,2,32,26,2,7
88,41,No,Travel_Frequently,Research & Development,5,2,Technical Degree,1,2,Female,1,3,Manager,3,Single,17436.0,7085,3,Y,Yes,14,3,2,80,0,34,2,3,22,9,12,15
89,40,Yes,Travel_Rarely,Research & Development,2,3,Medical,1,4,Female,2,2,Research Director,1,Married,10949.0,10995,2,Y,No,20,3,4,80,0,39,4,2,22,5,0,2
90,32,Yes,Travel_Rarely,Research & Development,20,3,Life Sciences,1,1,Female,2,3,Manufacturing Director,4,Single,19050.0,26703,8,Y,No,19,3,2,80,2,1,3,3,25,22,12,7
91,44,No,Non-Travel,Sales,28,4,Other,1,1,Male,2,1,Sales Executive,4,Married,7901.0,4264,9,Y,No,18,3,2,80,2,33,3,2,12,11,12,7
92,28,Yes,Travel_Frequently,Research & Development,25,5,Life Sciences,1,2,Male,4,1,Manufacturing Director,4,Single,1719.0,2019,3,Y,Yes,13,3,2,80,1,17,1,4,6,3,15,12
93,34,No,Travel_Rarely,Research & Development,9,3,Human Resources,1,4,Male,2,3,Manager,2,Single,9597.0,20165,7,Y,No,11,3,1,80,1,6,2,4,14,11,7,0
94,31,No,Travel_Rarely,Research & Development,22,4,Other,1,1,Male,2,1,Healthcare Representative,4,Single,7855.0,14962,0,Y,No,11,3,2,80,2,37,4,3,26,12,14,9
95,44,No,Travel_Rarely,Research & Development,27,1,Human Resources,1,3,Male,3,4,Research Director,3,Married,19678.0,25241,6,Y,No,11,3,1,80,0,6,1,3,25,16,10,4
96,35,Yes,Travel_Rarely,Research & Development,9,5,Marketing,1,3,Male,3,1,Manufacturing Director,1,Married,9263.0,23218,5,Y,Yes,14,3,3,80,1,3,1,1,32,2,11,4
97,45,Yes,Travel_Rarely,Research & Development,4,3,Technical Degree,1,3,Male,3,3,Healthcare Representative,1,Married,15520.0,9296,0,Y,No,24,3,2,80,0,15,6,1,14,11,5,16
98,21,No,Travel_Rarely,Research & Development,15,4,Human Resources,1,4,Female,3,4,Laboratory Technician,3,Divorced,12874.0,18333,3,Y,No,16,3,4,80,3,5,6,4,35,11,8,13
99,24,No,Travel_Rarely,Sales,11,4,Human Resources,1,3,Female,4,2,Sales Representative,2,Married,15079.0,10748,4,Y,Yes,14,3,3,80,1,19,6,4,26,1,2,5
100,52,Yes,Travel_Rarely,Sales,1,1,Life Sciences,1,3,Male,3,2,Sales Representative,3,Married,18082.0,20628,7,Y,No,21,3,3,80,1,30,5,1,4,4,7,13
101,26,Yes,Non-Travel,Sales,18,1,Technical Degree,1,1,Male,3,2,Sales Representative,1,Divorced,8243.0,21367,3,Y,No,21,3,2,80,1,18,0,1,1,0,8,11
102,25,No,Non-Travel,Research & Development,29,5,Marketing,1,1,Male,3,3,Research Scientist,3,Married,10018.0,13755,2,Y,No,13,3,1,80,3,21,3,3,32,20,8,0
103,34,No,Travel_Rarely,Research & Development,1,3,Human Resources,1,3,Male,2,2,Research Director,2,Single,17732.0,4725,1,Y,No,18,3,3,80,2,20,4,2,15,10,11,4
104,34,No,Travel_Rarely,Research & Development,8,4,Human Resources,1,3,Male,4,1,Manufacturing Director,1,Divorced,13100.0,22983,3,Y,Yes,24,4,2,80,0,17,3,3,22,4,13,17
105,50,No,Travel_Rarely,Human Resources,25,5,Human Resources,1,1,Male,3,2,Manager,2,Single,17691.0,23750,9,Y,No,18,3,3,80,3,31,2,1,37,34,13,13
106,49,No,Travel_Rarely,Sales,16,5,Life Sciences,1,2,Male,2,5,Sales Executive,3,Married,5820.0,15025,3,Y,No,16,3,3,80,2,33,0,4,15,10,6,6
107,25,No,Travel_Rarely,Research & Development,26,1,Human Resources,1,4,Male,1,5,Manager,4,Single,12001.0,6887,9,Y,No,19,3,2,80,1,26,1,1,13,0,11,14
108,36,No,Travel_Rarely,Research & Development,28,4,Human Resources,1,4,Male,4,2,Healthcare Representative,3,Married,14907.0,15658,4,Y,No,22,3,4,80,2,37,0,4,28,1,10,8
109,55,No,Non-Travel,Sales,22,2,Life Sciences,1,1,Male,3,2,Manager,2,Married,12669.0,18580,6,Y,No,20,3,4,80,2,29,1,4,25,23,9,14
110,20,No,Travel_Rarely,Sales,18,1,Human Resources,1,4,Female,2,5,Manager,3,Single,16916.0,7226,8,Y,No,11,3,4,80,2,32,6,4,34,30,2,15
111,22,Yes,Travel_Rarely,Sales,22,4,Technical Degree,1,1,Female,1,2,Sales Representative,4,Married,11878.0,4828,1,Y,No,23,4,3,80,0,26,0,4,14,0,2,8
112,30,No,Travel_Rarely,Sales,9,5,Technical Degree,1,1,Male,1,4,Manager,2,Married,3985.0,15031,4,Y,No,18,3,1,80,2,22,1,2,2,2,1,6
113,48,No,Travel_Rarely,Human Resources,12,5,Life Sciences,1,1,Male,2,5,Human Resources,3,Single,9112.0,5988,9,Y,No,16,3,1,80,2,18,3,1,22,13,0,6
114,33,No,Travel_Frequently,Research & Development,19,3,Technical Degree,1,1,Male,2,3,Research Scientist,2,Married,9467.0,24116,8,Y,No,11,3,3,80,2,30,6,3,28,4,12,16
115,49,No,Travel_Rarely,Research & Development,25,2,Other,1,2,Male,4,5,Laboratory Technician,2,Single,19931.0,23663,2,Y,Yes,14,3,3,80,2,3,6,4,33,27,1,10
116,39,Yes,Travel_Frequently,Research & Development,18,1,Other,1,3,Male,2,1,Research Director,1,Divorced,1336.0,20853,0,Y,Yes,15,3,2,80,3,18,6,4,32,30,4,5
117,46,No,Travel_Rarely,Research & Development,27,3,Other,1,3,Male,3,4,Laboratory Technician,1,Married,11165.0,20014,1,Y,Yes,17,3,1,80,3,37,3,3,40,10,15,13
118,39,No,Travel_Rarely,Sales,5,3,Marketing,1,2,Male,1,3,Sales Representative,2,Divorced,13768.0,16239,5,Y,No,18,3,3,80,2,39,3,3,40,22,0,14
119,60,No,Travel_Rarely,Research & Development,27,2,Human Resources,1,4,Male,3,2,Manager,3,Single,4968.0,5278,4,Y,Yes,19,3,4,80,2,21,3,4,22,1,9,7
120,20,Yes,Travel_Rarely,Research & Development,2,1,Marketing,1,4,Female,3,1,Research Scientist,3,Single,1910.0,20422,0,Y,Yes,22,3,1,80,2,8,6,3,6,0,3,3
121,27,No,Travel_Rarely,Research & Development,7,1,Technical Degree,1,3,Male,3,1,Manufacturing Director,3,Single,19380.0,23816,0,Y,No,22,3,3,80,1,30,0,3,2,2,10,0
122,59,No,Travel_Rarely,Research & Development,27,5,Life Sciences,1,4,Male,1,4,Research Director,4,Single,16632.0,23405,3,Y,Yes,16,3,2,80,2,9,1,2,31,2,9,5
123,38,No,Travel_Frequently,Research & Development,10,1,Other,1,3,Male,1,3,Laboratory Technician,2,Married,17279.0,22714,3,Y,No,20,3,2,80,2,9,3,3,30,1,9,0
124,33,No,Travel_Rarely,Sales,15,3,Life Sciences,1,3,Male,1,1,Manager,2,Divorced,4129.0,8470,5,Y,No,19,3,1,80,3,29,0,1,17,6,0,4
125,29,No,Travel_Rarely,Sales,25,5,Marketing,1,2,Female,2,3,Manager,4,Married,6447.0,25461,5,Y,Yes,14,3,4,80,3,9,1,1,6,4,11,4
126,19,No,Non-Travel,Research & Development,7,1,Technical Degree,1,4,Female,3,3,Research Director,2,Divorced,7129.0,14766,9,Y,No,18,3,1,80,3,35,6,1,40,20,9,4
127,58,No,Travel_Frequently,Research & Development,28,2,Human Resources,1,2,Male,4,1,Manager,2,Single,6850.0,6761,5,Y,Yes,13,3,3,80,0,17,0,4,0,0,7,16
128,41,No,Travel_Rarely,Research & Development,5,3,Technical Degree,1,3,Female,2,3,Manager,4,Divorced,8446.0,23603,0,Y,No,14,3,4,80,1,18,6,1,13,9,11,11
129,52,No,Travel_Frequently,Sales,15,4,Other,1,3,Female,2,4,Sales Executive,1,Single,12949.0,25385,9,Y,No,20,4,3,80,2,22,5,2,31,4,4,6
130,47,Yes,Travel_Rarely,Research & Development,20,2,Technical Degree,1,3,male,4,1,Manager,2,Divorced,9519.0,3387,8,Y,Yes,14,3,4,80,3,3,3,1,5,3,9,14
131,47,No,Travel_Rarely,Research & Development,28,2,Life Sciences,1,1,Male,3,4,Manufacturing Director,4,Single,1314.0,19025,6,Y,Yes,16,3,4,80,0,11,2,4,38,20,15,12
132,52,No,Travel_Rarely,Sales,20,1,Medical,1,1,Female,4,4,Sales Executive,3,Divorced,12737.0,17146,6,Y,No,25,4,3,80,2,23,0,2,9,3,3,11
133,36,Yes,Travel_Rarely,Sales,15,5,Other,1,1,Male,1,3,Sales Representative,1,Single,2134.0,23996,6,Y,Yes,19,3,1,80,2,12,3,1,6,6,2,12
134,25,No,Travel_Rarely,Research & Development,10,5,Human Resources,1,2,Male,3,3,Research Scientist,3,Single,11938.0,9210,1,Y,Yes,16,3,2,80,3,3,4,2,25,5,8,5
135,43,No,Travel_Rarely,Human Resources,24,3,Other,1,3,Male,2,1,Human Resources,2,Married,16588.0,2574,1,Y,No,11,3,4,80,2,26,1,2,33,19,5,0
136,57,No,Travel_Rarely,Research & Development,26,1,Other,1,4,Female,1,2,Laboratory Technician,1,Married,9347.0,11913,5,Y,No,15,3,4,80,2,37,5,4,29,17,11,5
137,24,No,Travel_Rarely,Research & Development,29,5,Human Resources,1,2,Female,1,1,Laboratory Technician,4,Married,6592.0,11210,6,Y,No,19,3,2,80,2,38,3,4,35,24,0,12
138,-1,No,Non-Travel,Research & Development,26,4,Other,1,2,Female,2,4,Research Scientist,2,Divorced,19108.0,9796,2,Y,No,15,3,1,80,3,7,4,2,20,1,13,12
139,24,No,Travel_Rarely,Research & Development,14,1,Life Sciences,1,2,Female,4,3,Research Director,4,Married,18270.0,13612,3,Y,No,16,3,2,80,0,25,0,1,16,5,7,12
140,20,No,Non-Travel,  research & development  ,26,1,Technical Degree,1,4,Female,1,4,Manager,1,Married,11997.0,26975,2,Y,Yes,13,4,1,80,2,33,0,4,32,2,9,3
141,18,No,Non-Travel,Human Resources,26,5,Life Sciences,1,3,Female,1,5,Manager,3,Single,1721.0,23074,6,Y,No,18,3,4,80,0,8,4,2,9,0,1,4
142,53,No,Travel_Rarely,Sales,10,2,Technical Degree,1,1,Female,3,5,Sales Executive,2,Married,10104.0,3456,6,Y,No,20,3,4,80,2,9,5,3,11,0,12,12
143,42,Yes,Non-Travel,Research & Development,17,1,Medical,1,3,Female,3,4,Laboratory Technician,2,Married,1870.0,3595,3,Y,No,21,3,3,80,3,0,4,3,15,2,8,8
144,54,Yes,Travel_Rarely,Research & Development,21,2,Other,1,3,Male,2,2,Healthcare Representative,4,Divorced,7751.0,26692,6,Y,No,23,3,1,80,0,7,1,4,40,4,10,16
145,18,No,Travel_Rarely,Sales,14,3,Medical,1,2,Female,2,2,Sales Executive,1,Married,17881.0,9986,4,Y,Yes,14,4,2,80,3,9,0,1,31,12,6,2
146,32,No,Travel_Rarely,Sales,2,3,Marketing,1,2,Female,2,1,Sales Representative,4,Married,2756.0,26958,0,Y,Yes,14,3,1,80,1,24,4,3,14,2,2,17
147,54,No,Non-Travel,Research & Development,16,5,Technical Degree,1,2,Female,4,1,Healthcare Representative,1,Single,2117.0,15146,9,Y,No,21,3,1,80,2,30,2,3,26,11,3,14
148,30,No,Travel_Rarely,Research & Development,13,3,Life Sciences,1,1,Female,1,1,Manufacturing Director,2,Single,12601.0,20513,3,Y,No,22,4,1,80,1,38,2,3,27,15,2,0
149,57,No,Travel_Rarely,Sales,27,5,Life Sciences,1,1,Female,2,3,Manager,1,Married,3828.0,12042,6,Y,No,15,3,1,80,1,2,4,1,16,2,5,8
150,25,No,Travel_Rarely,Sales,9,5,Other,1,1,Female,3,2,Sales Representative,2,Single,15996.0,2831,1,Y,Yes,24,3,2,80,1,38,1,1,1,1,8,5
151,22,No,Travel_Frequently,Human Resources,7,2,Life Sciences,1,3,Male,1,4,Human Resources,1,Single,19031.0,23352,1,Y,No,20,3,3,80,2,37,0,4,35,29,9,17
152,26,No,Non-Travel,Sales,16,2,Marketing,1,2,Male,2,5,Sales Representative,3,Single,14878.0,12973,0,Y,No,25,3,4,80,3,34,2,4,6,4,8,0
153,18,No,Travel_Rarely,Sales,10,3,Human Resources,1,4,Male,1,2,Manager,1,Divorced,7992.0,21865,1,Y,No,19,3,2,80,1,7,4,3,12,1,0,6
154,53,No,Travel_Rarely,Research & Development,24,2,Life Sciences,1,3,Male,1,2,Manufacturing Director,3,Single,14778.0,20501,9,Y,No,23,3,2,80,0,0,6,1,14,5,9,9
155,52,No,Travel_Rarely,Human Resources,22,1,Other,1,1,Male,1,2,Manager,1,Divorced,7771.0,22866,7,Y,No,18,3,4,80,2,4,4,2,24,6,5,5
156,19,No,Travel_Rarely,Sales,9,4,Medical,1,4,Male,2,1,Sales Executive,1,Single,17526.0,20390,7,Y,Yes,17,3,3,80,3,26,3,3,22,12,15,6
157,57,No,Travel_Rarely,Research & Development,22,1,Life Sciences,1,4,Male,1,3,Laboratory Technician,4,Single,4435.0,12763,7,Y,No,15,4,2,80,3,25,4,4,21,14,0,5
158,40,No,Travel_Rarely,Research & Development,23,1,Life Sciences,1,2,Female,1,4,Research Director,4,Married,7622.0,10488,0,Y,No,19,3,4,80,1,25,1,1,25,21,10,7
159,26,No,Travel_Rarely,Sales,7,5,Life Sciences,1,4,Male,1,1,Manager,2,Married,13852.0,8760,0,Y,Yes,19,3,3,80,2,10,2,4,32,2,3,1
160,51,No,Travel_Rarely,Research & Development,16,4,Other,1,1,Female,3,3,Research Scientist,4,Married,15806.0,10910,9,Y,Yes,20,3,3,80,1,33,3,4,10,4,6,8
161,31,Yes,Travel_Rarely,Research & Development,9,5,Human Resources,1,2,Female,2,2,Healthcare Representative,1,Married,11623.0,7694,3,Y,No,20,3,1,80,0,40,2,1,9,3,3,8
162,21,No,Travel_Rarely,Research & Development,27,2,Life Sciences,1,4,Male,4,3,Manufacturing Director,4,Single,2848.0,24446,5,Y,No,12,3,2,80,3,1,2,3,24,4,8,6
163,47,No,Travel_Rarely,Research & Development,24,2,Human Resources,1,2,Male,3,1,Laboratory Technician,1,Married,3696.0,21463,7,Y,No,14,4,3,80,3,20,1,1,36,23,13,8
164,48,Yes,Travel_Rarely,Research & Development,29,4,Human Resources,1,4,Female,1,2,Research Scientist,3,Married,2717.0,23662,1,Y,Yes,18,3,2,80,2,25,4,3,37,32,9,16
165,55,No,Travel_Rarely,Sales,17,3,Marketing,1,3,Female,1,1,Manager,1,Married,10259.0,2010,2,Y,No,23,4,4,80,3,11,1,4,40,7,4,2
166,28,No,Travel_Rarely,Research & Development,20,2,Medical,1,3,Male,4,4,Research Director,2,Divorced,3786.0,6880,5,Y,No,24,3,2,80,2,8,4,1,23,23,13,15
167,52,No,Travel_Rarely,Research & Development,7,1,Life Sciences,1,1,Male,4,2,Research Scientist,3,Married,15154.0,18794,9,Y,No,11,3,3,80,1,40,3,2,39,19,8,15
168,25,No,Travel_Rarely,Sales,11,4,Life Sciences,1,3,Male,3,3,Sales Representative,2,Married,14409.0,12846,3,Y,No,23,3,4,80,0,22,1,3,32,15,0,1
169,20,No,Non-Travel,Sales,8,4,Life Sciences,1,3,Male,1,1,Sales Executive,2,Divorced,4791.0,16490,1,Y,No,25,3,4,80,2,4,1,2,16,11,12,10
170,31,No,Travel_Rarely,Research & Development,7,2,Human Resources,1,3,Male,4,5,Healthcare Representative,2,Divorced,4871.0,15517,6,Y,No,15,3,1,80,1,8,6,3,23,12,11,15
171,30,No,Travel_Rarely,Research & Development,28,2,Technical Degree,1,4,Male,3,3,Manufacturing Director,4,Married,2806.0,18982,3,Y,No,18,3,4,80,0,9,5,1,36,24,13,14
172,49,Yes,Travel_Rarely,Sales,19,5,Medical,1,4,Female,4,3,Manager,2,Single,18888.0,19207,7,Y,No,12,3,3,80,3,9,0,2,1,1,3,0
173,51,No,Travel_Rarely,Research & Development,20,5,Other,1,2,Female,1,2,Healthcare Representative,3,Divorced,,26260,7,Y,No,12,3,1,80,0,13,1,1,31,31,6,16
174,36,No,Travel_Rarely,Sales,12,1,Life Sciences,1,4,Female,1,3,Sales Representative,1,Single,19074.0,12589,6,Y,No,23,3,3,80,0,35,5,3,23,23,12,2
175,55,No,Travel_Rarely,Research & Development,7,4,Technical Degree,1,3,Female,1,1,Research Scientist,2,Single,16549.0,7217,9,Y,No,18,3,3,80,0,9,0,3,8,8,1,6
176,33,No,Travel_Rarely,Sales,8,3,Technical Degree,1,4,Female,1,5,Sales Representative,3,Married,4303.0,9086,8,Y,No,20,3,1,80,3,36,6,3,3,3,14,10
177,19,No,Travel_Rarely,Research & Development,7,3,Technical Degree,1,1,Female,2,4,Research Director,2,Married,17061.0,14306,3,Y,No,22,3,1,80,2,40,4,3,16,12,8,17
178,57,No,Travel_Rarely,Research & Development,6,4,Medical,1,2,Male,2,5,Research Director,1,Divorced,16198.0,2312,6,Y,No,19,3,2,80,2,37,4,4,16,14,2,13
179,34,No,Non-Travel,Human Resources,25,1,Technical Degree,1,2,male,2,1,Human Resources,3,Married,18888.0,13166,9,Y,No,17,3,3,80,0,21,4,3,29,3,3,15
180,51,No,Travel_Frequently,Sales,9,5,Other,1,4,Female,3,2,Sales Representative,3,Divorced,11655.0,8671,9,Y,No,18,3,2,80,1,22,5,2,39,4,11,5
181,59,No,Travel_Rarely,Research & Development,27,5,Life Sciences,1,3,Female,3,1,Research Scientist,1,Single,9924.0,25084,0,Y,No,15,3,4,80,1,15,5,3,10,5,13,1
182,33,No,Travel_Rarely,Sales,13,5,Other,1,2,Male,4,3,Sales Representative,3,Single,10940.0,13930,3,Y,No,11,3,4,80,0,10,0,1,20,15,14,10
183,55,No,Travel_Rarely,Human Resources,7,3,Life Sciences,1,1,Male,4,2,Manager,1,Married,4924.0,4492,1,Y,Yes,14,3,2,80,0,34,4,4,20,8,14,10
184,19,No,Non-Travel,Research & Development,8,3,Marketing,1,1,Female,3,4,Healthcare Representative,3,Divorced,10783.0,12137,8,Y,No,25,3,1,80,1,19,2,2,17,9,3,9
185,19,No,Travel_Rarely,Sales,22,1,Human Resources,1,2,Male,4,4,Manager,3,Married,5485.0,18614,4,Y,Yes,12,3,4,80,0,36,1,4,28,23,7,3
186,43,No,Travel_Rarely,Research & Development,17,3,Technical Degree,1,3,Male,3,1,Research Director,1,Single,13629.0,22124,2,Y,Yes,13,3,1,80,0,40,5,4,23,17,1,16
187,30,No,Travel_Rarely,Research & Development,17,2,Other,1,3,Female,2,3,Laboratory Technician,1,Single,14233.0,12864,3,Y,No,22,4,2,80,2,4,5,4,9,0,4,9
188,48,No,Non-Travel,Research & Development,16,3,Human Resources,1,4,Male,3,4,Healthcare Representative,3,Single,13901.0,17346,5,Y,Yes,13,3,1,80,2,35,5,1,16,6,1,8
189,51,No,Travel_Rarely,Research & Development,22,5,Human Resources,1,4,Female,3,5,Laboratory Technician,3,Married,1191.0,17224,9,Y,No,19,3,3,80,0,12,0,4,17,3,11,12
190,56,No,Non-Travel,Sales,2,1,Human Resources,1,2,Female,4,2,Sales Representative,1,Single,5917.0,16694,0,Y,Yes,23,3,4,80,0,16,4,4,19,4,5,10
191,20,No,Travel_Rarely,Sales,8,4,Human Resources,1,4,Male,4,5,Sales Executive,4,Divorced,6831.0,13646,6,Y,Yes,25,3,1,80,3,25,2,3,36,15,8,9
192,25,No,Travel_Rarely,Research & Development,17,4,Human Resources,1,4,Male,3,4,Research Scientist,1,Married,11160.0,13775,7,Y,No,20,3,1,80,2,19,1,1,17,2,11,4
193,40,No,Non-Travel,Human Resources,13,1,Life Sciences,1,4,Male,1,4,Human Resources,3,Married,14682.0,2043,6,Y,No,25,4,3,80,0,38,1,2,16,13,8,2
194,31,No,Travel_Rarely,Research & Development,18,2,Medical,1,1,Male,4,1,Healthcare Representative,3,Single,13391.0,9532,6,Y,No,14,4,1,80,3,32,4,2,8,0,13,3
195,44,No,Travel_Rarely,Research & Development,24,4,Technical Degree,1,4,Female,3,1,Manufacturing Director,3,Single,2874.0,26476,8,Y,No,12,3,2,80,3,29,2,2,13,0,0,2
196,46,Yes,Travel_Rarely,Research & Development,28,5,Technical Degree,1,2,Male,4,2,Manager,1,Married,10062.0,25662,3,Y,Yes,13,3,2,80,3,15,0,1,28,24,3,9
197,56,No,Travel_Rarely,Research & Development,22,4,Life Sciences,1,3,Male,1,1,Healthcare Representative,3,Divorced,5763.0,21841,6,Y,No,13,3,2,80,3,6,5,2,30,20,3,12
198,56,No,Travel_Rarely,Research & Development,28,4,Other,1,4,Male,4,3,Manufacturing Director,4,Married,,7384,8,Y,No,24,3,4,80,2,29,5,1,3,0,0,4
199,18,No,Travel_Rarely,Research & Development,10,5,Life Sciences,1,3,Male,3,2,Laboratory Technician,2,Divorced,,7615,4,Y,No,17,3,1,80,3,1,6,3,17,10,9,12
200,34,No,Travel_Rarely,Research & Development,2,3,Human Resources,1,4,Male,3,3,Manager,4,Divorced,12410.0,23890,1,Y,No,18,3,4,80,2,11,4,3,19,16,1,0
201,58,Yes,Travel_Rarely,Research & Development,2,2,Medical,1,2,Female,1,1,Laboratory Technician,1,Single,15519.0,4995,4,Y,No,23,3,4,80,3,39,1,1,8,3,5,10
202,47,No,Travel_Rarely,Sales,27,5,Technical Degree,1,1,Male,3,2,Manager,3,Single,2051.0,22022,3,Y,No,21,3,1,80,3,0,5,2,12,2,9,2
203,30,No,Non-Travel,Sales,14,5,Other,1,2,Male,1,4,Sales Executive,1,Married,13225.0,15108,7,Y,No,23,3,1,80,1,2,6,1,14,4,14,16
204,38,No,Travel_Rarely,Research & Development,16,1,Marketing,1,1,Male,3,5,Manager,2,Married,10765.0,25901,4,Y,No,16,3,2,80,2,7,1,1,26,6,2,12
205,36,No,Travel_Rarely,Research & Development,7,2,Life Sciences,1,4,Female,3,4,Manufacturing Director,1,Single,12382.0,16407,8,Y,No,14,3,4,80,1,25,1,4,14,7,8,15
206,36,No,Travel_Rarely,Sales,21,3,Marketing,1,4,Male,4,3,Sales Executive,3,Married,13580.0,13559,8,Y,Yes,16,3,4,80,1,39,4,1,27,12,2,17
207,42,No,Travel_Rarely,Sales,21,5,Technical Degree,1,1,Female,4,4,Sales Executive,2,Married,12989.0,21668,2,Y,No,23,3,1,80,3,10,3,4,36,17,2,5
208,39,No,Travel_Rarely,Research & Development,24,3,Life Sciences,1,2,Male,1,4,Manufacturing Director,2,Divorced,12939.0,12534,9,Y,No,21,3,4,80,2,20,6,3,18,13,14,6
209,48,No,Travel_Rarely,Sales,12,5,Technical Degree,1,2,Female,4,5,Manager,3,Single,19489.0,26746,5,Y,No,11,4,3,80,0,4,3,4,25,0,8,14
210,34,No,Travel_Frequently,Sales,28,5,Life Sciences,1,1,Male,2,5,Sales Executive,3,Single,1307.0,6341,5,Y,No,23,4,1,80,3,39,3,1,25,6,2,4
211,40,Yes,Travel_Rarely,Research & Development,23,1,Other,1,4,Female,1,4,Research Scientist,3,Married,4359.0,11831,3,Y,Yes,20,3,2,80,2,25,6,3,24,7,5,15
212,49,No,Travel_Rarely,Research & Development,28,4,Technical Degree,1,1,Female,2,5,Healthcare Representative,1,Married,4176.0,2616,9,Y,No,18,3,3,80,1,20,2,4,25,17,5,5
213,27,No,Travel_Rarely,Research & Development,14,2,Marketing,1,4,Female,1,4,Manager,4,Married,2251.0,2239,2,Y,No,11,3,3,80,2,8,4,1,25,8,0,2
214,27,No,Travel_Rarely,Sales,25,1,Medical,1,1,Male,2,2,Sales Executive,1,Divorced,6366.0,8052,0,Y,Yes,25,3,2,80,3,16,6,3,27,0,12,11
215,53,No,Travel_Frequently,Research & Development,4,3,Other,1,4,Female,4,4,Manufacturing Director,1,Divorced,18901.0,8454,6,Y,No,15,3,3,80,2,36,1,4,17,16,12,3
216,25,No,Non-Travel,Sales,26,5,Other,1,1,Female,4,1,Sales Executive,4,Married,7226.0,12048,4,Y,No,12,3,3,80,1,1,6,1,31,18,15,2
217,37,No,Travel_Frequently,Research & Development,4,5,Life Sciences,1,3,Male,3,5,Research Scientist,3,Single,15330.0,11114,9,Y,No,25,3,3,80,2,39,5,1,2,2,6,15
218,49,No,Travel_Rarely,Research & Development,18,2,Marketing,1,4,Male,2,5,Manufacturing Director,3,Married,5891.0,23271,6,Y,No,16,3,4,80,2,27,6,2,1,1,8,15
219,31,No,Travel_Rarely,Research & Development,3,1,Technical Degree,1,2,Female,3,3,Laboratory Technician,4,Married,5992.0,20288,0,Y,No,19,3,3,80,1,26,2,2,32,19,8,14
220,45,Yes,Travel_Rarely,Research & Development,1,1,Marketing,1,1,Male,1,3,Manufacturing Director,4,Divorced,2961.0,24549,7,Y,Yes,15,3,3,80,3,39,3,4,18,3,8,8
221,41,No,Travel_Rarely,Research & Development,17,3,Other,1,2,Female,2,1,Research Director,1,Divorced,13497.0,19196,2,Y,No,14,4,1,80,0,0,0,4,16,9,1,1
222,32,No,Travel_Rarely,Research & Development,7,1,Life Sciences,1,1,Male,3,5,Manufacturing Director,2,Married,11848.0,6999,6,Y,No,24,3,2,80,1,10,2,4,32,9,0,5
223,39,Yes,Travel_Rarely,Sales,16,1,Marketing,1,2,Male,1,5,Manager,4,Married,14255.0,26026,2,Y,Yes,12,3,4,80,1,38,2,1,11,7,5,13
224,47,No,Travel_Rarely,Research & Development,5,4,Technical Degree,1,2,Female,2,3,Research Director,1,Single,5567.0,3730,2,Y,No,22,3,4,80,3,17,4,4,2,0,5,8
225,21,No,Non-Travel,Sales,19,2,Human Resources,1,1,Male,3,3,Sales Representative,2,Single,17079.0,5424,9,Y,No,13,4,2,80,3,26,5,1,25,10,3,9
226,30,No,Travel_Rarely,Sales,7,1,Other,1,1,Female,2,4,Sales Representative,3,Single,7513.0,8062,8,Y,No,16,3,4,80,2,9,2,4,34,26,12,17
227,40,No,Travel_Frequently,  research & development  ,14,3,Medical,1,2,Female,2,5,Human Resources,3,Single,16235.0,4207,1,Y,No,18,3,4,80,1,35,6,1,7,7,7,14
228,25,No,Travel_Rarely,Research & Development,2,5,Medical,1,2,Female,3,5,Manager,1,Married,12755.0,15031,3,Y,No,24,3,4,80,2,20,5,1,35,25,4,3
229,35,No,Travel_Rarely,Research & Development,3,1,Other,1,2,Female,4,4,Manufacturing Director,1,Married,12151.0,15867,5,Y,No,18,3,1,80,2,27,4,2,6,4,6,4
230,29,No,Travel_Rarely,Research & Development,17,1,Human Resources,1,4,Female,4,5,Research Director,4,Married,17567.0,5368,2,Y,No,15,3,1,80,3,0,6,3,35,29,8,5
231,48,No,Travel_Rarely,Research & Development,16,5,Life Sciences,1,4,Male,3,1,Laboratory Technician,3,Married,4358.0,23855,9,Y,Yes,15,3,4,80,3,13,0,1,15,14,12,14
232,31,No,Travel_Rarely,Research & Development,8,4,Marketing,1,3,Female,1,3,Healthcare Representative,1,Married,10590.0,4227,9,Y,No,20,3,2,80,2,19,1,4,23,16,0,1
233,51,No,Travel_Rarely,Research & Development,18,2,Marketing,1,4,Male,3,3,Manager,3,Married,11988.0,26023,6,Y,No,24,3,2,80,1,8,1,2,0,0,8,15
234,35,No,Non-Travel,Research & Development,15,4,Human Resources,1,4,Male,3,3,Manager,3,Single,8678.0,17754,6,Y,No,23,3,1,80,1,26,3,4,24,15,12,4
235,51,No,Non-Travel,Sales,7,3,Human Resources,1,1,Male,2,2,Sales Representative,4,Divorced,6698.0,12452,4,Y,No,13,3,1,80,2,3,3,4,9,6,12,3
236,28,No,Travel_Rarely,Research & Development,27,1,Technical Degree,1,3,Female,4,1,Manufacturing Director,2,Single,2273.0,14817,2,Y,No,25,3,3,80,0,36,0,1,15,15,3,0
237,58,No,Travel_Rarely,Sales,9,4,Technical Degree,1,3,Male,4,1,Sales Representative,4,Divorced,12241.0,15706,1,Y,No,17,3,1,80,0,17,1,1,15,2,6,7
238,29,No,Travel_Rarely,Sales,6,2,Medical,1,4,Male,4,4,Sales Representative,1,Single,18480.0,16362,3,Y,Yes,25,3,4,80,3,30,3,3,7,1,15,9
239,32,No,Travel_Rarely,Research & Development,18,3,Life Sciences,1,1,Female,4,2,Research Scientist,4,Married,10497.0,15226,3,Y,No,23,3,1,80,1,38,5,1,28,15,10,14
240,48,No,Non-Travel,Sales,18,4,Life Sciences,1,1,Male,3,5,Manager,4,Single,10107.0,13109,7,Y,No,16,3,3,80,2,9,2,1,38,11,3,1
241,46,No,Travel_Rarely,Human Resources,25,1,Human Resources,1,3,Female,2,1,Manager,3,Single,12273.0,13712,7,Y,No,25,3,3,80,2,8,4,3,27,2,3,11
242,43,No,Travel_Rarely,Human Resources,26,2,Medical,1,1,Female,4,2,Human Resources,4,Married,9002.0,22764,4,Y,No,11,3,2,80,1,27,6,4,5,0,12,9
243,35,No,Travel_Rarely,Human Resources,24,1,Medical,1,2,Male,4,2,Manager,1,Married,5247.0,20204,5,Y,No,14,3,2,80,3,27,3,3,15,4,15,11
244,49,Yes,Travel_Rarely,Research & Development,14,1,Technical Degree,1,4,Male,2,1,Manufacturing Director,2,Single,10220.0,2188,7,Y,Yes,16,3,4,80,3,12,0,3,19,17,14,8
245,39,No,Travel_Rarely,Sales,14,3,Marketing,1,2,Female,3,4,Sales Representative,4,Married,11703.0,11414,0,Y,No,21,3,1,80,0,17,6,3,15,10,13,7
246,55,Yes,Travel_Rarely,Human Resources,14,2,Life Sciences,1,3,Male,3,2,Manager,4,Single,16472.0,7221,4,Y,Yes,16,3,3,80,1,11,1,2,6,3,14,1
247,34,Yes,Non-Travel,Research & Development,25,5,Medical,1,3,Male,3,3,Laboratory Technician,2,Married,17654.0,10670,3,Y,Yes,21,3,3,80,1,7,0,4,40,16,3,6
248,40,Yes,Travel_Rarely,Human Resources,4,1,Technical Degree,1,1,Male,4,2,Manager,1,Divorced,18570.0,8746,3,Y,No,24,3,2,80,2,22,4,2,13,8,5,3
249,41,No,Travel_Rarely,Human Resources,4,2,Technical Degree,1,1,Male,4,5,Human Resources,1,Divorced,13392.0,16331,1,Y,No,25,3,2,80,1,4,4,2,25,5,4,7
250,25,No,Non-Travel,Research & Development,15,1,Technical Degree,1,3,Male,4,1,Research Director,4,Married,12956.0,13254,9,Y,Yes,22,3,1,80,0,6,0,1,25,23,1,12
251,58,No,Travel_Rarely,Sales,15,4,Marketing,1,3,Male,3,5,Sales Executive,3,Single,16641.0,12217,0,Y,Yes,22,3,3,80,1,14,3,3,13,10,8,2
252,23,No,Travel_Rarely,Research & Development,18,4,Medical,1,2,Female,4,4,Research Scientist,4,Single,14998.0,17583,5,Y,No,13,3,2,80,2,2,3,3,6,3,10,4
253,22,No,Travel_Frequently,Research & Development,14,2,Human Resources,1,2,Male,1,3,Laboratory Technician,2,Divorced,7305.0,6612,6,Y,No,16,3,1,80,0,17,1,2,32,24,5,7
254,46,No,Travel_Rarely,Research & Development,26,3,Human Resources,1,1,Female,2,1,Manager,2,Single,19782.0,20272,4,Y,Yes,22,3,1,80,2,37,5,1,25,1,9,1
255,45,Yes,Travel_Rarely,Sales,1,5,Technical Degree,1,2,Male,1,2,Sales Representative,2,Divorced,13721.0,3550,7,Y,No,20,3,1,80,1,25,1,1,19,8,5,9
256,28,No,Travel_Rarely,Research & Development,10,4,Technical Degree,1,1,Male,1,3,Research Scientist,4,Married,7995.0,17800,8,Y,No,16,3,2,80,3,37,2,1,2,0,8,15
257,18,No,Travel_Rarely,Human Resources,29,3,Marketing,1,1,Female,4,2,Human Resources,4,Divorced,13427.0,25443,1,Y,No,22,3,2,80,1,32,5,4,3,0,0,3
258,60,No,Travel_Rarely,Research & Development,20,5,Technical Degree,1,4,Female,2,4,Manufacturing Director,1,Married,14782.0,16565,3,Y,No,19,3,2,80,1,20,6,2,25,5,6,13
259,36,Yes,Travel_Rarely,Research & Development,10,4,Other,1,1,Female,1,1,Research Scientist,3,Married,3230.0,7233,8,Y,Yes,19,3,4,80,2,16,2,4,10,2,2,2
260,26,Yes,Travel_Rarely,Sales,10,5,Medical,1,2,Female,3,4,Manager,4,Married,7511.0,24019,4,Y,No,12,3,4,80,3,1,1,1,1,1,3,9
261,44,No,Travel_Rarely,Research & Development,27,1,Technical Degree,1,3,Female,3,4,Manager,1,Divorced,17512.0,13447,2,Y,No,14,3,4,80,1,24,5,1,13,5,0,12
262,51,No,Travel_Rarely,Human Resources,24,2,Technical Degree,1,3,Male,3,4,Human Resources,4,Divorced,10461.0,16036,5,Y,No,19,3,2,80,0,40,5,1,29,6,2,4
263,21,No,Travel_Rarely,Sales,2,4,Medical,1,2,Female,3,4,Manager,1,Married,5765.0,12998,2,Y,No,25,3,2,80,0,18,2,3,11,0,13,16
264,53,No,Non-Travel,Research & Development,29,4,Life Sciences,1,3,Female,2,2,Manufacturing Director,1,Married,14272.0,2033,4,Y,No,24,4,4,80,2,37,0,2,25,22,13,16
265,35,No,Non-Travel,Research & Development,28,1,Other,1,1,Female,3,5,Healthcare Representative,3,Married,6552.0,26871,2,Y,Yes,23,3,3,80,2,24,3,3,32,0,13,10
266,32,No,Travel_Rarely,Research & Development,27,4,Other,1,3,Female,2,2,Manager,4,Married,1627.0,13971,5,Y,Yes,14,3,3,80,3,38,5,4,12,4,6,17
267,30,No,Travel_Rarely,Research & Development,8,4,Human Resources,1,2,Female,2,3,Research Director,1,Divorced,12989.0,3429,9,Y,Yes,18,3,3,80,2,3,6,3,13,5,13,16
268,36,No,Travel_Rarely,Research & Development,1,4,Technical Degree,1,3,Male,2,4,Manufacturing Director,2,Married,14780.0,23630,4,Y,No,20,3,3,80,3,2,6,2,23,12,5,10
269,23,No,Travel_Rarely,Research & Development,1,4,Medical,1,1,Female,2,3,Manufacturing Director,2,Married,7589.0,12381,8,Y,No,22,4,4,80,1,33,5,3,33,33,12,14
270,29,No,Travel_Frequently,Sales,4,4,Human Resources,1,1,Female,4,2,Sales Executive,2,Married,3044.0,3987,2,Y,No,13,3,1,80,0,9,2,1,25,14,0,7
271,54,No,Travel_Rarely,Research & Development,7,3,Marketing,1,2,Female,1,4,Research Scientist,3,Married,14171.0,24655,5,Y,Yes,13,4,1,80,0,26,5,4,20,14,14,11
272,34,No,Travel_Rarely,Research & Development,9,4,Life Sciences,1,2,Female,4,2,Manager,1,Divorced,19725.0,21266,7,Y,No,19,3,3,80,0,25,2,4,27,12,8,16
273,40,No,Travel_Frequently,Research & Development,16,1,Technical Degree,1,2,Male,1,4,Research Director,3,Married,6884.0,17260,6,Y,No,21,3,2,80,2,26,0,1,35,25,3,4
274,43,No,Travel_Rarely,Human Resources,5,4,Life Sciences,1,4,Female,4,2,Manager,4,Single,9185.0,12969,5,Y,No,20,3,3,80,2,0,6,1,39,13,6,3
275,46,No,Non-Travel,Research & Development,2,5,Technical Degree,1,4,Female,3,1,Manager,4,Married,1249.0,13889,1,Y,No,18,3,3,80,1,19,5,1,1,1,15,10
276,50,Yes,Travel_Rarely,Research & Development,28,5,Technical Degree,1,1,Female,2,5,Manager,1,Single,18358.0,18246,6,Y,Yes,11,3,1,80,2,24,4,2,8,5,3,7
277,44,No,Travel_Rarely,Research & Development,23,1,Technical Degree,1,4,Male,3,5,Laboratory Technician,2,Married,10175.0,17709,7,Y,No,20,4,2,80,3,9,1,3,22,6,6,15
278,42,No,Non-Travel,Research & Development,11,3,Life Sciences,1,4,Female,3,4,Research Scientist,1,Divorced,17260.0,3547,0,Y,No,24,3,1,80,0,0,6,4,14,13,4,15
279,27,No,Travel_Rarely,Research & Development,18,1,Other,1,3,Male,3,1,Research Director,1,Married,3672.0,18846,8,Y,Yes,12,3,2,80,1,15,0,3,12,9,0,2
280,40,No,Travel_Rarely,Research & Development,25,3,Marketing,1,4,Female,4,3,Manufacturing Director,1,Divorced,8279.0,13507,3,Y,No,13,3,4,80,3,10,4,1,22,9,14,11
281,38,No,Travel_Rarely,Research & Development,25,2,Other,1,3,Male,3,1,Manager,3,Single,9662.0,25091,7,Y,No,24,3,1,80,3,3,6,1,16,16,3,12
282,38,No,Travel_Rarely,Research & Development,19,5,Medical,1,2,Female,2,4,Manufacturing Director,4,Divorced,2987.0,23689,9,Y,No,21,3,4,80,2,34,0,3,1,1,14,0
283,60,No,Travel_Rarely,Research & Development,13,5,Medical,1,3,Male,2,1,Laboratory Technician,1,Married,17474.0,2513,6,Y,No,12,4,4,80,2,12,3,4,19,7,2,3
284,30,No,Travel_Rarely,Sales,24,5,Other,1,3,Male,1,3,Sales Executive,1,Single,13948.0,14288,9,Y,Yes,13,3,3,80,0,20,0,2,19,3,5,5
285,54,Yes,Travel_Rarely,Research & Development,11,3,Marketing,1,2,Female,4,4,Manager,1,Married,14026.0,15550,6,Y,No,18,3,2,80,1,14,0,3,2,1,5,4
286,50,No,Travel_Rarely,Sales,20,1,Marketing,1,2,Male,2,5,Sales Executive,3,Divorced,3773.0,7174,1,Y,No,21,4,1,80,3,9,3,1,11,7,15,4
287,41,No,Travel_Rarely,Research & Development,19,3,Technical Degree,1,1,Female,2,1,Laboratory Technician,3,Single,14159.0,5566,0,Y,Yes,21,4,3,80,2,37,5,1,39,26,0,9
288,28,No,Travel_Rarely,Research & Development,17,5,Technical Degree,1,1,Female,4,5,Research Director,3,Married,10878.0,22187,3,Y,No,22,3,1,80,2,10,1,2,1,0,13,17
289,34,No,Travel_Frequently,Sales,5,5,Medical,1,1,Female,3,5,Sales Representative,1,Divorced,11178.0,5938,1,Y,Yes,24,4,4,80,1,31,4,3,35,31,13,1
290,21,No,Travel_Frequently,Research & Development,13,5,Technical Degree,1,1,Male,2,2,Research Scientist,2,Single,11377.0,3471,7,Y,No,16,3,1,80,1,32,6,2,13,3,15,15
291,42,No,Non-Travel,Sales,27,5,Technical Degree,1,3,Female,3,3,Sales Executive,2,Married,8347.0,26387,9,Y,Yes,25,4,1,80,2,19,2,2,15,1,10,14
292,47,No,Non-Travel,Sales,20,2,Marketing,1,3,Male,2,1,Sales Representative,2,Married,2008.0,18721,6,Y,Yes,24,3,3,80,2,35,1,4,18,13,1,4
293,26,No,Travel_Rarely,Research & Development,1,5,Life Sciences,1,1,Female,1,5,Healthcare Representative,4,Married,4783.0,9051,7,Y,No,17,3,2,80,0,29,6,4,33,17,12,8
294,38,No,Travel_Rarely,Research & Development,10,3,Other,1,4,Female,3,5,Research Scientist,1,Married,5298.0,9444,5,Y,Yes,20,3,1,80,1,9,0,1,5,4,11,4
295,37,No,Travel_Frequently,Sales,8,5,Human Resources,1,1,Male,2,3,Sales Executive,2,Single,5668.0,5412,0,Y,No,25,3,4,80,3,14,2,3,12,9,1,4
296,36,No,Travel_Rarely,Research & Development,24,4,Human Resources,1,4,Male,4,5,Research Scientist,2,Married,3052.0,4392,8,Y,Yes,25,3,4,80,2,28,3,4,35,8,11,8
297,36,Yes,Travel_Rarely,Research & Development,29,2,Technical Degree,1,2,Male,4,5,Healthcare Representative,2,Single,2716.0,17729,5,Y,No,23,3,3,80,2,0,1,1,21,2,9,8
298,29,Yes,Non-Travel,Sales,8,5,Technical Degree,1,3,Female,4,5,Manager,1,Single,1310.0,2976,9,Y,Yes,20,3,4,80,2,20,5,3,17,7,13,1
299,54,No,Travel_Rarely,Research & Development,19,4,Other,1,3,Male,2,5,Manufacturing Director,2,Married,15391.0,23362,0,Y,Yes,16,3,1,80,2,14,4,1,11,3,3,6
300,59,No,Non-Travel,Sales,6,3,Human Resources,1,4,Female,3,2,Sales Representative,2,Married,2260.0,12437,0,Y,No,11,3,2,80,0,2,1,4,29,21,12,0
301,34,No,Non-Travel,Sales,12,2,Marketing,1,1,Female,1,2,Manager,1,Single,14157.0,6068,7,Y,No,21,3,1,80,1,32,1,1,39,21,8,1
302,54,No,Travel_Rarely,Research & Development,28,5,Human Resources,1,3,Female,1,4,Laboratory Technician,4,Divorced,12460.0,11895,5,Y,No,13,3,3,80,2,37,5,3,6,2,10,11
303,56,No,Travel_Rarely,Research & Development,7,3,Human Resources,1,4,Female,2,1,Manufacturing Director,3,Divorced,17968.0,19255,7,Y,No,23,4,4,80,1,18,2,3,31,29,1,5
304,45,No,Non-Travel,Research & Development,16,4,Human Resources,1,2,Male,2,3,Laboratory Technician,2,Divorced,15011.0,5409,7,Y,Yes,11,3,1,80,3,3,3,1,18,2,10,15
305,58,No,Travel_Rarely,Research & Development,9,2,Technical Degree,1,2,Female,2,4,Manager,3,Married,3866.0,20973,7,Y,No,22,3,1,80,3,11,5,3,5,2,7,3
306,52,No,Non-Travel,Human Resources,21,5,Technical Degree,1,3,Female,3,2,Human Resources,4,Divorced,15365.0,14744,9,Y,Yes,25,3,4,80,3,24,6,1,19,10,10,17
307,35,No,Travel_Rarely,Research & Development,25,3,Other,1,1,Female,4,2,Manager,4,Divorced,6898.0,3549,6,Y,Yes,20,3,2,80,3,33,3,3,26,16,11,4
308,31,No,Travel_Rarely,Research & Development,22,2,Human Resources,1,4,Male,3,2,Healthcare Representative,2,Married,19395.0,17085,6,Y,No,22,4,2,80,1,16,5,1,36,35,0,17
309,52,Yes,Travel_Rarely,Research & Development,10,4,Technical Degree,1,3,Male,3,4,Manager,1,Single,7251.0,13699,9,Y,No,19,4,2,80,3,5,1,1,6,5,11,5
310,58,No,Travel_Rarely,Sales,10,5,Other,1,2,Male,2,2,Sales Executive,4,Single,5939.0,22845,3,Y,No,23,3,4,80,3,11,3,1,4,2,7,13
311,24,Yes,Travel_Rarely,Research & Development,10,2,Human Resources,1,1,Male,1,4,Manufacturing Director,3,Married,5006.0,16736,8,Y,Yes,19,3,1,80,2,14,2,2,10,10,2,16
312,58,No,Non-Travel,Sales,20,4,Marketing,1,4,Male,3,2,Sales Representative,3,Divorced,2625.0,4621,1,Y,No,15,3,3,80,2,16,2,3,14,4,13,17
313,30,No,Travel_Rarely,Sales,29,4,Technical Degree,1,3,Male,1,5,Manager,3,Married,11956.0,4529,8,Y,No,14,3,1,80,2,0,4,4,2,0,14,9
314,35,No,Travel_Rarely,Human Resources,16,3,Life Sciences,1,4,Female,2,5,Human Resources,3,Married,18274.0,12349,9,Y,No,22,3,4,80,0,13,3,1,4,4,4,17
315,54,No,Travel_Rarely,Research & Development,1,4,Other,1,1,Male,3,1,Laboratory Technician,4,Single,7078.0,25546,2,Y,Yes,19,3,4,80,2,1,4,2,22,17,0,3
316,30,Yes,Travel_Rarely,Research & Development,17,4,Technical Degree,1,1,Female,4,2,Manager,2,Single,9923.0,16741,1,Y,Yes,19,3,1,80,3,3,6,4,36,25,0,14
317,53,No,Travel_Rarely,Research & Development,26,1,Marketing,1,2,Male,4,1,Laboratory Technician,2,Married,4961.0,10351,3,Y,No,25,3,4,80,1,1,5,1,8,1,5,5
318,48,No,Travel_Rarely,Sales,21,4,Marketing,1,1,Female,3,4,Sales Executive,3,Divorced,19888.0,12294,4,Y,No,13,3,1,80,3,25,0,4,14,3,2,5
319,19,No,Travel_Rarely,Sales,29,5,Technical Degree,1,3,Female,4,1,Manager,2,Married,9806.0,13000,1,Y,No,15,3,1,80,1,39,6,2,2,2,7,2
320,33,No,Non-Travel,Sales,14,2,Medical,1,4,Female,3,2,Sales Representative,3,Divorced,19103.0,12191,0,Y,No,13,4,2,80,3,32,2,4,28,19,3,8
321,26,No,Travel_Rarely,Research & Development,19,5,Other,1,1,Female,4,4,Laboratory Technician,3,Single,14558.0,8399,9,Y,Yes,20,3,4,80,0,38,1,1,5,3,5,10
322,26,No,Travel_Rarely,Research & Development,21,5,Human Resources,1,1,Male,2,4,Manager,1,Married,7686.0,4581,4,Y,No,12,3,4,80,2,5,2,4,16,5,12,4
323,55,No,Non-Travel,Research & Development,21,3,Human Resources,1,3,Female,4,5,Manager,4,Married,2587.0,24949,8,Y,No,11,3,2,80,3,29,0,4,25,22,9,13
324,28,No,Travel_Rarely,Sales,17,1,Marketing,1,4,Male,4,4,Sales Representative,4,Divorced,10803.0,15926,4,Y,Yes,22,3,2,80,2,21,1,1,20,18,11,1
325,39,Yes,Travel_Rarely,Human Resources,14,1,Technical Degree,1,4,Male,2,4,Human Resources,3,Single,18280.0,25489,9,Y,Yes,20,3,2,80,0,26,3,2,7,2,8,7
326,50,Yes,Travel_Frequently,Research & Development,8,5,Medical,1,2,Male,2,1,Manufacturing Director,4,Single,11350.0,25340,8,Y,No,12,3,3,80,0,18,3,2,20,1,13,12
327,53,No,Travel_Rarely,Research & Development,21,2,Other,1,2,Male,4,4,Manager,2,Single,19816.0,21318,9,Y,No,18,3,4,80,2,9,6,4,10,10,7,4
328,40,No,Non-Travel,Research & Development,21,1,Life Sciences,1,4,Male,1,3,Research Scientist,3,Divorced,12454.0,20695,5,Y,No,21,3,1,80,2,5,2,3,37,7,3,14
329,51,No,Travel_Rarely,Research & Development,9,1,Human Resources,1,3,Female,1,5,Research Director,1,Single,16849.0,21179,2,Y,Yes,18,4,1,80,1,25,1,4,7,4,9,3
330,26,No,Travel_Rarely,Sales,8,5,Other,1,3,Male,3,5,Manager,2,Single,7837.0,17168,3,Y,No,13,4,1,80,2,2,5,3,23,10,7,3
331,41,Yes,Travel_Rarely,Research & Development,13,1,Other,1,2,Female,4,4,Laboratory Technician,1,Married,,6328,3,Y,Yes,17,3,4,80,2,2,1,4,34,17,14,17
332,25,No,Travel_Rarely,Research & Development,17,3,Medical,1,1,Female,3,1,Healthcare Representative,1,Married,6454.0,8823,0,Y,No,17,4,3,80,1,5,4,2,13,6,6,8
333,24,No,Travel_Frequently,Sales,19,5,Other,1,3,Male,2,5,Sales Representative,4,Divorced,10424.0,22712,2,Y,No,12,3,4,80,3,9,0,4,13,13,4,14
334,53,No,Travel_Rarely,Sales,28,1,Human Resources,1,1,Male,4,5,Manager,4,Divorced,5117.0,21972,2,Y,Yes,19,3,4,80,1,37,6,4,9,1,6,11
335,35,No,Non-Travel,Sales,7,1,Technical Degree,1,3,Female,2,3,Sales Representative,3,Married,9869.0,21500,0,Y,Yes,13,3,4,80,3,12,3,3,11,5,6,3
336,20,No,Travel_Rarely,Sales,17,1,Human Resources,1,4,Male,4,4,Sales Representative,4,Divorced,11850.0,23037,8,Y,No,12,3,4,80,3,37,2,2,37,9,13,2
337,45,No,Travel_Rarely,Research & Development,1,5,Life Sciences,1,2,Male,4,5,Manufacturing Director,1,Married,19412.0,5747,0,Y,No,22,3,4,80,3,11,1,3,33,8,12,4
338,23,No,Travel_Rarely,Research & Development,5,2,Technical Degree,1,1,Female,2,5,Laboratory Technician,1,Single,15343.0,25208,8,Y,No,13,4,3,80,1,26,3,4,40,34,9,16
339,38,No,Travel_Frequently,Research & Development,25,4,Marketing,1,1,Male,4,5,Laboratory Technician,2,Divorced,7845.0,3459,0,Y,No,12,3,2,80,1,7,2,1,9,2,1,4
340,45,No,Travel_Frequently,Sales,6,1,Medical,1,4,Male,4,5,Sales Executive,1,Married,5624.0,6430,1,Y,No,25,3,1,80,0,4,3,4,16,6,6,3
341,57,No,Non-Travel,Research & Development,26,4,Human Resources,1,3,Male,3,1,Laboratory Technician,3,Married,9848.0,20835,1,Y,Yes,18,4,4,80,3,35,2,4,16,13,2,6
342,18,Yes,Non-Travel,Research & Development,2,4,Technical Degree,1,1,Male,2,2,Research Scientist,3,Married,17549.0,9331,5,Y,No,15,4,4,80,1,37,3,3,2,2,7,6
343,53,No,Travel_Rarely,Sales,27,1,Other,1,3,Male,1,3,Sales Executive,4,Married,14136.0,22474,6,Y,No,13,3,4,80,0,29,5,1,30,6,7,6
344,38,Yes,Travel_Rarely,Research & Development,25,1,Technical Degree,1,4,Male,1,1,Manager,4,Single,1589.0,13180,0,Y,No,15,3,1,80,3,36,4,1,0,0,8,16
345,60,No,Travel_Rarely,Research & Development,16,4,Human Resources,1,2,Male,4,3,Research Scientist,4,Married,7509.0,10963,2,Y,No,21,3,3,80,1,28,0,3,11,8,10,14
346,52,No,Non-Travel,Research & Development,22,2,Marketing,1,1,Male,3,5,Manufacturing Director,3,Divorced,8693.0,23425,1,Y,Yes,21,3,1,80,1,21,3,2,38,20,3,6
347,30,No,Travel_Rarely,Research & Development,5,4,Human Resources,1,3,Female,4,3,Manager,1,Married,10454.0,19495,7,Y,No,18,3,3,80,1,13,0,1,3,1,9,14
348,27,No,Travel_Rarely,Sales,5,2,Marketing,1,1,Male,3,4,Sales Executive,4,Single,17455.0,13503,8,Y,No,17,3,2,80,2,9,3,1,12,10,2,3
349,27,No,Non-Travel,Research & Development,12,3,Other,1,3,Female,4,4,Manager,2,Divorced,12708.0,14598,1,Y,No,16,3,4,80,0,10,6,3,33,14,8,1
350,30,No,Travel_Rarely,Research & Development,3,2,Human Resources,1,3,Male,1,2,Manager,4,Single,13942.0,11786,1,Y,No,24,3,3,80,1,34,1,2,20,18,8,12
351,54,No,Travel_Rarely,Research & Development,16,5,Technical Degree,1,3,Male,2,2,Manager,3,Married,17652.0,12921,9,Y,Yes,23,3,1,80,2,22,4,2,21,15,1,11
352,55,No,Travel_Rarely,Research & Development,6,1,Life Sciences,1,4,Female,3,3,Research Director,4,Single,10968.0,11473,8,Y,No,11,3,3,80,0,7,6,4,3,1,15,9
353,41,No,Non-Travel,Research & Development,15,3,Life Sciences,1,2,Female,4,1,Manufacturing Director,1,Single,3462.0,21969,3,Y,No,20,3,3,80,0,20,5,4,17,11,5,14
354,19,No,Non-Travel,Sales,15,4,Other,1,1,Male,4,1,Manager,4,Married,10460.0,25985,4,Y,No,11,3,2,80,2,36,4,3,4,1,15,16
355,39,No,Travel_Rarely,Sales,29,2,Technical Degree,1,2,Male,3,5,Manager,3,Married,2015.0,16464,8,Y,No,11,3,4,80,0,27,0,2,18,12,2,5
356,34,Yes,Travel_Rarely,Research & Development,16,3,Life Sciences,1,3,Male,3,1,Research Scientist,3,Divorced,10275.0,13020,5,Y,No,24,3,4,80,2,30,1,3,1,0,4,4
357,53,No,Travel_Rarely,Sales,20,5,Other,1,3,Female,1,2,Sales Representative,2,Divorced,14269.0,4373,9,Y,No,20,3,1,80,3,27,2,4,11,3,15,12
358,31,No,Travel_Rarely,Research & Development,13,2,Marketing,1,2,Male,3,1,Research Scientist,3,Divorced,1406.0,16352,8,Y,Yes,24,3,1,80,1,26,6,3,16,13,1,13
359,27,No,Travel_Rarely,Human Resources,12,4,Technical Degree,1,2,Male,4,5,Human Resources,2,Married,8384.0,25226,8,Y,Yes,18,3,2,80,2,39,4,3,9,7,14,13
360,52,No,Travel_Rarely,Research & Development,10,4,Marketing,1,1,Female,1,4,Research Director,1,Married,12268.0,17344,6,Y,No,18,3,3,80,0,20,5,1,33,8,3,14
361,42,Yes,Non-Travel,Research & Development,14,2,Technical Degree,1,3,Female,1,1,Laboratory Technician,3,Divorced,18369.0,10533,9,Y,No,24,3,3,80,0,8,6,1,5,0,10,15
362,20,Yes,Travel_Rarely,Research & Development,2,5,Marketing,1,2,Female,2,1,Research Director,4,Married,12795.0,23482,8,Y,No,17,3,1,80,3,28,1,1,7,2,2,9
363,55,No,Travel_Rarely,Research & Development,29,1,Marketing,1,4,Male,2,2,Laboratory Technician,1,Divorced,5485.0,15125,4,Y,No,16,4,4,80,3,14,1,4,10,2,1,0
364,34,No,Travel_Rarely,Research & Development,3,1,Life Sciences,1,3,Female,2,3,Manufacturing Director,4,Married,9901.0,6723,4,Y,Yes,14,3,3,80,3,32,0,3,11,4,5,10
365,29,No,Non-Travel,Human Resources,9,4,Technical Degree,1,3,Female,3,4,Human Resources,4,Married,3618.0,21202,7,Y,No,11,3,2,80,3,36,5,1,8,4,10,6
366,41,Yes,Travel_Rarely,Research & Development,11,5,Human Resources,1,1,Female,1,3,Manufacturing Director,4,Married,10603.0,21309,9,Y,No,25,3,1,80,3,35,1,1,1,1,2,16
367,46,No,Non-Travel,Human Resources,11,4,Life Sciences,1,4,Female,3,5,Human Resources,1,Married,7928.0,11464,3,Y,No,25,3,3,80,1,27,1,1,7,1,3,3
368,60,No,Travel_Frequently,Human Resources,25,1,Marketing,1,1,Female,1,5,Manager,1,Married,6368.0,2709,8,Y,Yes,19,3,4,80,2,9,2,4,10,0,5,6
369,42,No,Travel_Rarely,Sales,22,4,Marketing,1,4,Male,4,3,Sales Executive,3,Married,5621.0,8992,6,Y,Yes,25,3,4,80,3,22,0,4,35,7,11,2
370,53,No,Travel_Rarely,Sales,10,2,Human Resources,1,1,Male,3,2,Manager,4,Married,15719.0,2738,6,Y,No,11,3,2,80,3,27,0,3,9,2,12,13
371,43,No,Travel_Rarely,Sales,26,2,Human Resources,1,4,Female,1,2,Sales Representative,2,Divorced,12126.0,15233,2,Y,Yes,14,3,2,80,1,33,5,3,20,16,11,17
372,55,Yes,Travel_Rarely,Sales,14,5,Marketing,1,4,Male,2,2,Sales Representative,3,Divorced,8566.0,16692,3,Y,Yes,13,3,1,80,2,4,1,3,19,16,14,17
373,18,Yes,Travel_Frequently,Sales,9,1,Human Resources,1,4,Male,2,4,Sales Executive,1,Single,13306.0,6590,6,Y,Yes,17,3,1,80,3,17,2,1,7,2,4,0
374,37,No,Travel_Rarely,Research & Development,20,5,Medical,1,2,Male,4,5,Manufacturing Director,2,Single,16086.0,15718,4,Y,No,15,4,4,80,2,5,3,2,35,30,3,5
375,45,No,Travel_Rarely,Sales,27,5,Life Sciences,1,3,Female,3,5,Manager,1,Married,18387.0,24471,2,Y,No,15,4,4,80,2,22,4,4,28,1,12,8
376,33,No,Travel_Rarely,Research & Development,21,1,Technical Degree,1,4,Male,1,5,Manager,2,Married,19850.0,5718,0,Y,No,14,3,3,80,1,27,6,1,11,5,13,1
377,34,No,Travel_Rarely,Research & Development,10,3,Human Resources,1,2,Female,2,4,Research Director,3,Single,,15105,6,Y,No,11,4,3,80,1,40,0,1,13,5,11,7
378,57,No,Non-Travel,Sales,22,3,Human Resources,1,2,Male,1,5,Manager,2,Married,19019.0,10201,5,Y,No,15,3,3,80,3,12,2,3,20,13,3,3
379,45,No,Non-Travel,Research & Development,29,4,Medical,1,1,Male,3,3,Manager,3,Divorced,10890.0,7081,9,Y,Yes,14,3,2,80,0,24,5,3,21,2,1,9
380,29,Yes,Travel_Rarely,Sales,9,3,Technical Degree,1,3,Male,2,1,Sales Representative,1,Divorced,9095.0,18054,6,Y,No,24,3,2,80,1,6,2,1,20,11,11,0
381,44,No,Travel_Rarely,Sales,29,2,Medical,1,3,Male,4,4,Manager,2,Married,13719.0,11929,1,Y,No,20,3,3,80,2,1,1,4,29,3,12,10
382,59,No,Travel_Rarely,Research & Development,5,5,Technical Degree,1,1,Female,4,1,Healthcare Representative,4,Married,11283.0,20962,3,Y,No,23,3,4,80,2,15,4,4,38,11,9,8
383,47,No,Travel_Rarely,Research & Development,8,4,Life Sciences,1,3,Female,3,3,Healthcare Representative,4,Married,19279.0,19942,1,Y,Yes,18,3,1,80,3,1,0,1,19,12,12,10
384,58,No,Travel_Rarely,Research & Development,11,5,Human Resources,1,1,Female,3,2,Research Director,1,Single,15231.0,22384,7,Y,Yes,12,3,2,80,3,35,3,2,23,1,15,3
385,51,No,Travel_Rarely,Research & Development,1,1,Life Sciences,1,2,Male,1,2,Healthcare Representative,2,Married,15698.0,6545,6,Y,No,18,3,2,80,3,1,1,2,22,1,3,4
386,54,Yes,Travel_Rarely,Research & Development,21,3,Technical Degree,1,2,Male,4,2,Laboratory Technician,4,Single,18457.0,7339,0,Y,No,11,3,3,80,2,37,0,4,6,6,11,16
387,23,Yes,Travel_Rarely,Sales,10,1,Human Resources,1,4,Male,3,4,Sales Representative,3,Married,6184.0,17353,1,Y,Yes,23,3,1,80,1,9,6,3,8,6,7,17
388,24,No,Non-Travel,Sales,1,4,Medical,1,1,Male,3,2,Sales Executive,2,Married,3402.0,21100,1,Y,No,14,3,2,80,0,13,5,2,0,0,4,4
389,49,No,Travel_Rarely,Research & Development,26,2,Marketing,1,2,Male,4,4,Laboratory Technician,2,Married,5895.0,6302,3,Y,No,13,3,1,80,1,26,0,2,25,16,15,17
390,49,No,Travel_Rarely,Research & Development,22,3,Medical,1,2,Female,1,4,Manager,4,Married,12404.0,3809,2,Y,No,15,3,2,80,0,14,2,3,37,31,13,16
391,42,No,Travel_Rarely,Human Resources,7,1,Marketing,1,1,Male,1,1,Human Resources,3,Married,16161.0,7830,0,Y,No,23,3,1,80,1,20,6,2,37,6,13,2
392,50,Yes,Travel_Rarely,Research & Development,28,3,Medical,1,2,Male,4,2,Laboratory Technician,3,Single,10343.0,20381,1,Y,Yes,15,3,1,80,3,11,4,1,21,13,14,10
393,24,No,Non-Travel,Research & Development,14,5,Technical Degree,1,3,Female,4,5,Research Director,3,Single,11637.0,18156,8,Y,Yes,15,3,2,80,2,32,3,2,9,0,13,16
394,29,Yes,Non-Travel,Research & Development,5,2,Life Sciences,1,2,Male,4,2,Research Scientist,2,Married,2956.0,17869,0,Y,Yes,22,3,1,80,0,39,4,3,5,5,10,7
395,33,Yes,Non-Travel,Research & Development,17,3,Marketing,1,1,Female,4,2,Healthcare Representative,1,Single,8023.0,21315,8,Y,No,14,4,4,80,1,21,2,1,16,5,9,7
396,33,No,Non-Travel,  research & development  ,22,2,Technical Degree,1,3,Female,4,2,Human Resources,2,Single,15062.0,4130,6,Y,Yes,18,3,2,80,2,37,3,2,37,23,9,1
397,60,No,Non-Travel,Research & Development,26,5,Life Sciences,1,3,Male,3,5,Healthcare Representative,2,Married,15333.0,6412,1,Y,No,13,3,2,80,0,17,3,4,23,5,7,6
398,53,No,Travel_Rarely,Research & Development,21,5,Life Sciences,1,2,Male,2,5,Research Director,4,Married,4907.0,12884,1,Y,Yes,22,3,4,80,0,1,1,1,9,1,5,5
399,30,No,Travel_Frequently,Research & Development,6,1,Human Resources,1,4,Female,4,4,Research Scientist,1,Married,1807.0,24897,4,Y,No,14,3,1,80,2,28,3,1,7,7,15,17
400,24,No,Travel_Frequently,Research & Development,16,4,Human Resources,1,3,Male,2,5,Manufacturing Director,3,Married,15031.0,4796,4,Y,No,11,3,4,80,3,6,0,4,20,4,11,6
401,53,Yes,Travel_Frequently,Sales,11,1,Human Resources,1,1,Male,1,4,Sales Representative,4,Divorced,5827.0,26132,3,Y,Yes,17,3,2,80,2,30,4,4,5,5,9,17
402,26,No,Travel_Rarely,Human Resources,10,2,Marketing,1,4,Female,3,1,Manager,2,Divorced,14699.0,16007,9,Y,Yes,11,3,4,80,3,40,5,2,20,1,4,11
403,49,No,Travel_Rarely,Research & Development,15,1,Marketing,1,4,Male,2,4,Healthcare Representative,1,Single,5524.0,16965,9,Y,No,25,3,1,80,1,17,5,2,38,14,3,6
404,28,No,Non-Travel,Research & Development,7,3,Life Sciences,1,3,Male,1,2,Manufacturing Director,3,Divorced,16193.0,24707,2,Y,Yes,12,3,4,80,1,8,4,3,23,10,9,6
405,25,No,Non-Travel,Research & Development,23,1,Marketing,1,2,Female,1,3,Research Scientist,3,Married,17223.0,8745,3,Y,Yes,21,3,2,80,2,7,1,3,32,21,8,0
406,50,No,Travel_Rarely,Research & Development,2,4,Life Sciences,1,4,Female,1,3,Manufacturing Director,2,Divorced,19668.0,14887,9,Y,Yes,17,3,1,80,3,32,3,1,17,0,9,9
407,40,No,Travel_Rarely,Research & Development,12,4,Technical Degree,1,2,Male,4,2,Manufacturing Director,3,Married,6313.0,7202,3,Y,No,11,4,2,80,1,4,2,4,27,17,13,9
408,42,No,Travel_Rarely,Sales,19,2,Medical,1,3,Male,3,4,Manager,3,Married,14598.0,3555,1,Y,No,21,4,2,80,3,13,6,4,31,11,4,11
409,25,No,Travel_Rarely,Human Resources,12,5,Life Sciences,1,1,Male,1,2,Manager,1,Married,14058.0,13882,4,Y,No,13,3,3,80,3,12,6,3,11,11,9,2
410,39,No,Travel_Rarely,Sales,16,4,Life Sciences,1,4,Male,4,5,Sales Executive,4,Married,18141.0,13764,4,Y,No,23,3,2,80,3,10,0,1,26,24,15,2
411,21,No,Travel_Rarely,Research & Development,6,2,Technical Degree,1,1,Female,2,4,Research Director,1,Divorced,5887.0,26565,4,Y,No,16,4,2,80,2,19,1,1,9,7,14,12
412,57,Yes,Travel_Rarely,Human Resources,3,4,Human Resources,1,2,Female,3,2,Human Resources,4,Single,4854.0,6443,9,Y,No,16,3,1,80,3,22,6,3,31,27,10,12
413,20,No,Travel_Frequently,Human Resources,2,4,Other,1,2,Female,2,5,Manager,4,Single,13458.0,15583,0,Y,No,16,3,1,80,2,26,3,3,25,6,5,5
414,-1,No,Travel_Frequently,Research & Development,20,5,Human Resources,1,1,Male,2,5,Manufacturing Director,4,Married,15536.0,10522,5,Y,Yes,21,3,1,80,1,14,5,3,24,22,14,2
415,58,No,Travel_Rarely,Research & Development,5,3,Human Resources,1,3,Male,4,4,Research Director,3,Divorced,4558.0,23089,1,Y,No,23,4,4,80,1,29,2,2,10,4,6,14
416,46,No,Non-Travel,Research & Development,11,2,Life Sciences,1,3,Male,2,1,Manufacturing Director,1,Married,10772.0,12136,6,Y,No,12,4,4,80,0,15,3,1,22,1,10,8
417,51,No,Travel_Rarely,Sales,26,4,Life Sciences,1,4,Male,3,1,Sales Representative,3,Married,18345.0,23223,3,Y,No,12,3,1,80,0,39,1,1,33,10,11,5
418,51,Yes,Travel_Rarely,Research & Development,25,4,Marketing,1,4,Male,2,5,Laboratory Technician,2,Married,4575.0,22342,4,Y,Yes,16,3,4,80,1,17,2,1,39,21,15,5
419,45,Yes,Travel_Rarely,Research & Development,3,1,Marketing,1,3,Male,4,1,Research Director,1,Single,3418.0,23048,4,Y,Yes,20,3,3,80,3,22,6,3,22,9,10,7
420,30,No,Non-Travel,Research & Development,3,3,Medical,1,3,Male,1,5,Manufacturing Director,4,Married,5198.0,11876,4,Y,Yes,15,3,4,80,3,35,2,3,28,2,12,10
421,32,Yes,Travel_Rarely,Research & Development,22,5,Medical,1,1,Female,4,1,Manager,3,Married,2001.0,2746,1,Y,Yes,24,3,3,80,1,37,2,3,30,19,0,15
422,40,No,Travel_Rarely,Research & Development,5,2,Other,1,2,Female,1,5,Research Director,3,Divorced,8119.0,4184,4,Y,No,17,3,1,80,1,7,2,3,6,4,8,8
423,43,Yes,Travel_Frequently,Sales,22,4,Marketing,1,2,Male,2,5,Manager,1,Single,10673.0,26330,2,Y,No,17,3,1,80,0,38,6,4,39,27,11,10
424,21,No,Travel_Rarely,Research & Development,23,2,Life Sciences,1,4,Male,1,5,Healthcare Representative,1,Married,6316.0,16052,3,Y,No,15,3,4,80,3,28,3,3,32,17,7,15
425,43,No,Travel_Rarely,Sales,11,5,Technical Degree,1,3,Female,4,5,Sales Representative,4,Single,17244.0,11576,1,Y,Yes,18,4,1,80,1,11,2,2,20,13,11,5
426,57,No,Travel_Rarely,Research & Development,3,3,Marketing,1,1,Female,4,3,Manager,4,Single,17806.0,23705,3,Y,Yes,20,3,1,80,0,17,3,4,1,1,15,16
427,26,No,Non-Travel,Research & Development,13,1,Life Sciences,1,4,Male,3,1,Research Director,2,Married,12873.0,11210,8,Y,Yes,16,3,2,80,0,18,2,4,17,7,10,15
428,22,No,Travel_Rarely,Research & Development,21,3,Marketing,1,1,Female,3,5,Research Director,4,Married,5266.0,17079,7,Y,No,25,3,1,80,3,35,2,3,32,7,15,17
429,49,No,Travel_Rarely,Research & Development,8,1,Human Resources,1,3,Female,1,2,Manager,3,Single,8549.0,9148,2,Y,No,15,3,2,80,0,32,1,1,36,3,14,0
430,37,No,Travel_Rarely,Sales,20,2,Marketing,1,3,Male,1,4,Sales Executive,2,Single,11589.0,14855,0,Y,Yes,14,3,1,80,0,4,3,3,33,26,4,17
431,28,Yes,Travel_Rarely,Sales,10,3,Other,1,3,Male,3,2,Sales Representative,2,Married,2657.0,17473,0,Y,Yes,17,4,3,80,2,38,5,1,19,3,2,7
432,32,Yes,Travel_Rarely,Research & Development,2,3,Human Resources,1,2,Male,2,2,Laboratory Technician,2,Divorced,19925.0,20408,5,Y,No,14,3,3,80,1,27,3,3,34,4,4,9
433,49,Yes,Travel_Rarely,Research & Development,4,3,Life Sciences,1,3,Male,3,3,Manager,1,Married,,24557,2,Y,No,15,3,1,80,3,25,4,3,17,0,15,1
434,45,No,Travel_Rarely,Sales,18,5,Human Resources,1,4,Male,2,1,Manager,4,Married,4164.0,11734,3,Y,No,15,3,3,80,1,20,6,1,23,16,4,8
435,39,Yes,Non-Travel,Sales,19,2,Marketing,1,2,Female,1,3,Sales Executive,2,Single,19437.0,16219,0,Y,No,11,3,3,80,2,22,5,1,7,1,8,3
436,58,No,Travel_Rarely,Research & Development,4,1,Human Resources,1,1,Female,1,1,Manager,1,Divorced,9479.0,21095,7,Y,Yes,25,3,3,80,3,20,1,1,29,29,6,10
437,34,Yes,Travel_Rarely,Sales,20,3,Other,1,4,Male,4,5,Sales Representative,1,Married,6737.0,13238,0,Y,No,11,3,4,80,1,10,3,1,9,7,12,9
438,43,No,Travel_Rarely,Research & Development,26,2,Technical Degree,1,4,Male,4,3,Research Director,2,Divorced,18831.0,25402,4,Y,No,13,3,3,80,0,38,1,2,22,6,1,13
439,24,Yes,Travel_Frequently,Research & Development,9,5,Human Resources,1,1,Female,2,4,Laboratory Technician,2,Single,7009.0,16357,5,Y,No,25,3,2,80,3,15,5,1,10,9,4,6
440,59,No,Travel_Rarely,Sales,16,5,Other,1,2,Male,2,1,Manager,3,Married,17991.0,9197,1,Y,No,24,4,4,80,2,32,1,3,1,0,15,5
441,43,Yes,Non-Travel,Sales,26,2,Human Resources,1,4,Male,3,3,Sales Representative,2,Married,5552.0,3702,6,Y,Yes,21,3,2,80,0,26,1,3,25,4,8,15
442,42,No,Travel_Rarely,Human Resources,6,1,Medical,1,4,Female,2,4,Manager,3,Single,19148.0,7529,6,Y,No,13,4,2,80,2,0,0,2,35,33,13,12
443,27,No,Travel_Rarely,Research & Development,25,2,Technical Degree,1,4,Male,1,2,Research Director,2,Single,10417.0,9216,0,Y,Yes,12,3,2,80,0,15,3,1,32,6,10,11
444,36,No,Travel_Rarely,Research & Development,4,2,Life Sciences,1,2,Male,1,5,Research Scientist,2,Married,10221.0,14612,3,Y,No,22,3,4,80,1,4,1,3,12,7,12,14
445,28,No,Travel_Rarely,Research & Development,9,4,Other,1,2,Male,1,5,Research Director,4,Married,3671.0,9655,3,Y,No,12,3,1,80,1,17,0,2,39,27,1,7
446,30,No,Travel_Rarely,Human Resources,27,5,Human Resources,1,2,Male,4,2,Human Resources,2,Single,7519.0,7417,4,Y,No,16,3,3,80,1,40,0,3,24,6,7,3
447,25,No,Travel_Rarely,Human Resources,13,1,Technical Degree,1,4,Male,2,3,Manager,2,Married,4962.0,18133,0,Y,No,23,3,3,80,2,33,2,2,3,1,11,7
448,57,No,Travel_Rarely,Research & Development,9,4,Life Sciences,1,3,Male,2,2,Laboratory Technician,3,Single,13734.0,8324,0,Y,No,11,3,1,80,3,24,2,2,18,6,2,15
449,21,No,Travel_Rarely,Research & Development,6,2,Technical Degree,1,1,Female,4,4,Research Director,3,Single,14122.0,22257,6,Y,Yes,16,3,1,80,1,33,6,4,17,13,3,15
450,48,No,Travel_Rarely,Sales,21,5,Other,1,3,Male,4,1,Sales Executive,4,Married,4722.0,10313,8,Y,No,15,3,2,80,2,14,5,4,36,3,1,1
451,45,No,Travel_Rarely,Research & Development,19,4,Medical,1,2,Male,4,3,Research Director,2,Single,5906.0,16459,0,Y,No,16,3,4,80,0,3,3,1,29,9,8,16
452,28,No,Travel_Rarely,Research & Development,14,4,Other,1,4,Male,1,1,Laboratory Technician,2,Married,8263.0,18649,1,Y,Yes,15,3,2,80,1,3,2,4,18,17,5,4
453,60,No,Travel_Frequently,Research & Development,21,1,Other,1,4,Male,2,2,Research Director,3,Married,14699.0,26603,5,Y,No,17,3,3,80,0,24,5,2,22,11,14,4
454,18,Yes,Travel_Rarely,Human Resources,15,2,Life Sciences,1,3,Female,3,5,Human Resources,1,Married,12088.0,23762,5,Y,No,11,3,1,80,1,40,3,3,15,15,8,11
455,55,No,Non-Travel,Sales,3,1,Life Sciences,1,3,Male,3,1,Sales Executive,1,Married,1808.0,20508,1,Y,No,23,3,3,80,0,12,5,3,0,0,13,6
456,41,No,Travel_Rarely,Research & Development,5,4,Human Resources,1,1,Female,2,1,Healthcare Representative,1,Divorced,10170.0,18815,8,Y,No,13,3,1,80,2,24,6,1,11,8,14,4
457,48,No,Travel_Rarely,Sales,21,4,Marketing,1,4,Male,2,5,Sales Executive,3,Married,17260.0,6974,3,Y,No,16,3,4,80,1,2,6,4,23,6,10,3
458,-1,No,Travel_Rarely,Research & Development,18,1,Other,1,3,Male,4,1,Manufacturing Director,3,Married,18109.0,22161,6,Y,Yes,11,3,2,80,2,34,0,1,33,27,12,16
459,43,Yes,Travel_Rarely,Sales,14,4,Life Sciences,1,1,Female,4,1,Manager,1,Single,11693.0,25421,5,Y,Yes,23,3,3,80,2,8,0,2,7,4,12,5
460,22,No,Travel_Frequently,Sales,16,3,Other,1,2,Male,1,5,Manager,1,Married,8701.0,14723,2,Y,No,21,4,4,80,0,13,3,4,17,2,7,13
461,37,No,Travel_Rarely,Sales,14,5,Other,1,3,Female,4,5,Sales Executive,2,Married,18600.0,17473,7,Y,No,21,3,3,80,1,21,5,1,4,3,11,8
462,58,No,Travel_Rarely,Research & Development,9,2,Life Sciences,1,2,Male,2,2,Manufacturing Director,3,Married,19581.0,3085,6,Y,No,17,3,1,80,3,8,5,3,25,14,8,3
463,28,No,Travel_Rarely,Research & Development,15,5,Medical,1,1,Male,1,2,Research Director,3,Married,15191.0,24579,8,Y,Yes,14,3,3,80,3,23,2,3,29,9,15,10
464,50,No,Travel_Rarely,Research & Development,7,2,Medical,1,2,Female,3,1,Laboratory Technician,1,Single,18356.0,24643,2,Y,Yes,13,3,4,80,2,22,2,1,12,9,4,15
465,55,No,Travel_Frequently,Human Resources,14,4,Other,1,4,Female,2,3,Manager,1,Single,14704.0,20869,0,Y,Yes,20,3,4,80,0,36,3,1,18,18,15,15
466,44,Yes,Non-Travel,Research & Development,6,1,Medical,1,4,Female,3,2,Manufacturing Director,4,Single,3123.0,17771,1,Y,No,19,3,2,80,0,14,4,1,28,15,5,15
467,51,No,Travel_Rarely,Sales,21,1,Other,1,2,Female,2,2,Sales Representative,3,Married,12533.0,10292,0,Y,No,11,4,3,80,0,35,2,2,2,2,6,5
468,32,No,Non-Travel,Research & Development,15,4,Human Resources,1,4,Female,2,3,Manufacturing Director,4,Married,17608.0,23782,4,Y,No,18,4,1,80,1,13,1,2,25,7,4,14
469,49,No,Travel_Rarely,Sales,20,2,Life Sciences,1,1,Male,1,3,Sales Representative,2,Single,15448.0,12346,9,Y,Yes,11,3,3,80,1,19,2,3,39,2,0,2
470,38,No,Non-Travel,Human Resources,8,4,Other,1,4,Male,1,5,Manager,4,Married,15586.0,23462,1,Y,Yes,23,3,2,80,0,38,4,2,11,6,8,8
471,22,No,Travel_Rarely,Sales,2,2,Medical,1,2,Male,4,2,Manager,1,Single,2814.0,9202,2,Y,No,24,3,1,80,3,35,5,2,1,0,1,0
472,23,No,Travel_Rarely,Human Resources,8,4,Medical,1,2,Male,2,4,Human Resources,3,Single,14001.0,21432,7,Y,Yes,15,3,1,80,3,26,0,4,10,6,6,10
473,55,No,Travel_Rarely,Sales,1,4,Technical Degree,1,2,Male,2,4,Sales Executive,3,Married,18490.0,24886,9,Y,No,20,3,2,80,1,16,0,2,27,6,11,5
474,39,No,Travel_Rarely,Research & Development,26,4,Technical Degree,1,3,Female,1,1,Manufacturing Director,4,Married,17508.0,15174,4,Y,No,18,4,1,80,0,25,5,4,17,13,7,4
475,35,No,Travel_Frequently,Research & Development,17,1,Medical,1,2,Male,3,2,Research Director,4,Single,14380.0,19183,3,Y,No,16,3,4,80,3,40,0,2,12,1,14,17
476,31,No,Travel_Rarely,Human Resources,19,2,Human Resources,1,1,Female,4,4,Manager,2,Single,16406.0,22206,4,Y,No,17,3,4,80,3,3,2,3,36,18,7,11
477,27,No,Travel_Rarely,Sales,5,4,Marketing,1,4,Male,2,2,Sales Representative,2,Divorced,3931.0,7611,9,Y,No,21,4,1,80,1,2,6,1,21,8,0,6
478,30,No,Travel_Rarely,Research & Development,22,5,Other,1,4,Male,1,2,Research Director,1,Single,14567.0,16191,5,Y,Yes,18,3,3,80,1,18,0,3,11,2,14,1
479,48,No,Travel_Rarely,Human Resources,20,5,Technical Degree,1,3,Female,2,4,Manager,1,Married,15038.0,24393,6,Y,No,23,3,1,80,3,40,6,2,1,1,9,6
480,47,No,Non-Travel,Research & Development,16,1,Other,1,3,Male,1,2,Research Director,1,Married,13317.0,7263,8,Y,No,16,3,3,80,0,39,4,1,36,24,6,8
481,20,No,Travel_Rarely,Research & Development,7,3,Technical Degree,1,1,Male,4,3,Research Scientist,4,Married,3971.0,10626,0,Y,Yes,21,3,2,80,3,38,6,1,6,3,8,7
482,47,No,Travel_Frequently,Research & Development,7,1,Life Sciences,1,2,Male,3,1,Research Scientist,4,Married,3017.0,23954,3,Y,No,16,3,4,80,3,6,4,1,25,13,10,8
483,23,No,Travel_Rarely,Research & Development,18,3,Life Sciences,1,3,Female,2,5,Research Scientist,3,Divorced,3415.0,13996,8,Y,Yes,21,3,4,80,0,35,2,4,25,11,13,9
484,46,Yes,Travel_Rarely,Research & Development,18,1,Medical,1,4,Male,2,4,Research Scientist,1,Single,2609.0,12805,4,Y,Yes,16,3,2,80,1,18,5,3,23,18,13,11
485,25,No,Travel_Rarely,Research & Development,2,5,Life Sciences,1,3,Male,4,5,Research Scientist,4,Married,1717.0,11107,7,Y,Yes,15,4,2,80,0,11,1,4,11,6,10,1
486,60,No,Travel_Frequently,Human Resources,15,4,Life Sciences,1,3,Female,3,1,Human Resources,3,Single,13662.0,12467,0,Y,No,18,3,4,80,0,19,2,1,15,6,2,9
487,50,Yes,Travel_Rarely,Sales,14,2,Marketing,1,2,Male,2,3,Sales Representative,1,Married,7782.0,23024,3,Y,No,23,3,2,80,0,37,0,3,22,14,7,2
488,34,No,Travel_Rarely,Sales,18,4,Human Resources,1,3,Female,4,3,Sales Executive,2,Divorced,2048.0,23717,8,Y,No,12,3,1,80,0,11,2,3,39,15,7,0
489,28,No,Travel_Rarely,Human Resources,29,5,Medical,1,1,Male,2,3,Human Resources,2,Married,12618.0,10839,0,Y,Yes,17,3,1,80,1,28,4,2,8,7,8,16
490,30,No,Travel_Rarely,Research & Development,9,2,Marketing,1,4,Male,2,3,Laboratory Technician,4,Married,9307.0,20679,0,Y,No,25,3,3,80,3,29,2,4,31,9,7,0
491,28,No,Travel_Rarely,Research & Development,14,3,Medical,1,2,Female,4,4,Laboratory Technician,3,Divorced,8905.0,14270,3,Y,No,14,4,3,80,2,19,2,4,14,14,4,4
492,48,No,Non-Travel,Research & Development,5,3,Human Resources,1,4,Female,4,4,Laboratory Technician,2,Single,10993.0,19815,2,Y,No,11,4,3,80,1,3,1,2,36,3,4,13
493,45,No,Travel_Rarely,Sales,11,5,Medical,1,1,Female,1,2,Sales Executive,3,Married,11338.0,23556,6,Y,Yes,23,3,1,80,0,1,4,4,12,2,2,5
494,23,No,Travel_Rarely,Sales,8,2,Other,1,1,Female,1,2,Manager,3,Divorced,6578.0,15887,2,Y,Yes,15,4,4,80,3,29,3,1,4,2,11,8
495,58,No,Travel_Rarely,Research & Development,5,4,Other,1,3,Male,2,1,Laboratory Technician,2,Married,14834.0,4361,0,Y,Yes,13,3,3,80,3,22,3,1,10,4,5,13
496,33,No,Travel_Rarely,Research & Development,29,5,Other,1,3,Male,4,2,Healthcare Representative,3,Single,19004.0,25925,9,Y,No,14,3,1,80,0,5,4,4,9,0,9,3
497,21,No,Non-Travel,Research & Development,11,3,Life Sciences,1,3,Male,3,1,Manager,2,Single,7548.0,14324,1,Y,No,17,3,4,80,1,17,3,2,12,9,2,0
498,52,No,Travel_Rarely,Sales,5,5,Human Resources,1,4,Female,3,1,Sales Executive,4,Single,8381.0,2723,9,Y,No,15,4,2,80,0,21,0,3,40,18,13,5
499,43,No,Travel_Rarely,Human Resources,17,4,Marketing,1,1,Female,2,1,Human Resources,1,Single,3941.0,3547,3,Y,No,24,3,1,80,3,36,3,4,14,13,1,6
500,29,No,Non-Travel,Human Resources,22,1,Marketing,1,2,Female,1,3,Human Resources,1,Married,6695.0,10275,0,Y,No,25,3,2,80,3,3,0,3,6,5,6,5
501,28,No,Travel_Frequently,Research & Development,4,1,Technical Degree,1,3,Male,4,5,Manufacturing Director,4,Single,7401.0,15405,0,Y,No,14,3,3,80,1,10,4,2,39,2,9,0
502,54,No,Travel_Rarely,Research & Development,15,4,Marketing,1,4,Male,4,5,Research Director,2,Single,16179.0,3365,7,Y,No,11,3,4,80,2,40,3,3,27,4,2,7
503,42,No,Non-Travel,Research & Development,19,2,Other,1,3,Female,1,4,Healthcare Representative,2,Married,15456.0,15659,6,Y,No,16,3,1,80,0,34,3,2,31,8,12,11
504,35,No,Travel_Rarely,Research & Development,22,5,Other,1,1,Female,4,1,Research Director,2,Married,14097.0,5853,7,Y,Yes,21,3,3,80,2,10,5,2,34,17,3,10
505,36,Yes,Travel_Rarely,Research & Development,2,4,Technical Degree,1,2,Female,2,3,Manufacturing Director,2,Married,7197.0,6682,3,Y,No,20,3,3,80,3,33,6,1,14,10,13,1
506,40,No,Travel_Rarely,Sales,24,1,Life Sciences,1,1,Female,4,2,Sales Executive,4,Married,6450.0,13391,5,Y,No,16,3,4,80,2,8,0,1,35,1,10,1
507,55,No,Non-Travel,Human Resources,17,3,Marketing,1,4,Male,4,2,Human Resources,1,Single,18937.0,7960,2,Y,Yes,17,3,2,80,0,30,0,2,20,11,9,1
508,35,No,Travel_Rarely,Research & Development,12,4,Human Resources,1,3,Male,1,4,Research Director,3,Single,18396.0,26727,7,Y,No,11,4,3,80,0,31,2,4,5,5,7,7
509,43,No,Travel_Rarely,Human Resources,25,4,Technical Degree,1,1,Male,1,4,Manager,3,Single,9378.0,26073,3,Y,No,24,3,4,80,3,34,1,1,0,0,13,6
510,23,No,Travel_Rarely,Research & Development,24,4,Marketing,1,4,Male,3,1,Research Director,1,Married,2881.0,23541,2,Y,No,14,3,4,80,1,10,3,2,3,1,0,15
511,21,No,Travel_Rarely,Research & Development,17,1,Life Sciences,1,3,Male,2,1,Research Scientist,4,Single,7799.0,21882,3,Y,No,22,3,1,80,1,16,5,3,10,10,14,8
512,46,No,Travel_Frequently,Research & Development,10,1,Human Resources,1,2,Male,1,2,Healthcare Representative,3,Married,15597.0,17464,5,Y,No,19,3,3,80,3,35,1,3,25,7,15,15
513,51,No,Non-Travel,Human Resources,28,4,Human Resources,1,1,Male,1,2,Human Resources,1,Single,14675.0,21369,6,Y,No,25,4,2,80,0,1,6,4,36,28,8,1
514,34,Yes,Non-Travel,Research & Development,25,4,Life Sciences,1,3,Female,1,2,Research Director,4,Divorced,5586.0,14286,6,Y,Yes,22,3,2,80,1,23,6,3,22,1,13,2
515,60,No,Travel_Frequently,Sales,18,2,Marketing,1,3,Female,4,2,Manager,3,Married,9430.0,3567,3,Y,No,24,3,3,80,2,14,5,3,28,8,5,1
516,60,No,Travel_Rarely,Sales,19,3,Medical,1,3,Female,2,5,Manager,2,Married,3345.0,26787,7,Y,No,20,3,2,80,3,27,1,2,20,14,1,16
517,33,No,Travel_Rarely,Research & Development,18,5,Marketing,1,3,Male,2,1,Research Scientist,2,Divorced,17459.0,25053,6,Y,No,16,3,4,80,2,2,3,3,26,1,15,11
518,19,No,Non-Travel,Research & Development,13,5,Technical Degree,1,1,Male,4,1,Research Director,4,Married,10548.0,6191,1,Y,No,12,3,4,80,0,28,6,3,38,28,2,10
519,51,No,Non-Travel,Human Resources,14,5,Technical Degree,1,3,Male,4,2,Manager,2,Married,6877.0,11718,7,Y,No,14,3,3,80,1,12,5,3,39,32,15,5
520,25,No,Non-Travel,Sales,24,1,Marketing,1,4,Female,1,3,Sales Executive,4,Divorced,7785.0,25540,8,Y,No,16,3,2,80,0,21,0,3,12,9,4,9
521,30,No,Travel_Rarely,Research & Development,16,1,Other,1,1,Male,3,2,Laboratory Technician,1,Married,16833.0,24901,4,Y,Yes,14,3,4,80,2,30,2,2,22,1,10,13
522,59,No,Non-Travel,Research & Development,18,2,Technical Degree,1,3,Male,3,4,Manager,1,Divorced,5922.0,7135,3,Y,No,25,4,3,80,0,6,5,3,15,11,11,0
523,25,No,Travel_Rarely,Human Resources,26,1,Medical,1,1,Female,2,3,Manager,3,Married,19714.0,8751,3,Y,No,20,3,4,80,0,25,4,4,29,22,5,14
524,47,No,Travel_Rarely,Research & Development,18,4,Other,1,4,Male,3,4,Healthcare Representative,4,Divorced,5686.0,10209,3,Y,No,17,3,3,80,3,30,6,1,3,3,8,5
525,49,No,Non-Travel,Research & Development,16,3,Medical,1,4,Female,1,3,Manufacturing Director,3,Single,15407.0,13672,5,Y,No,22,3,1,80,3,37,6,4,39,36,1,12
526,53,No,Non-Travel,Research & Development,17,3,Human Resources,1,1,Male,4,4,Healthcare Representative,3,Single,19286.0,9174,3,Y,No,23,3,1,80,0,37,3,1,15,5,15,13
527,47,Yes,Travel_Rarely,Research & Development,7,3,Technical Degree,1,3,Male,2,2,Healthcare Representative,1,Married,13205.0,20103,6,Y,Yes,13,3,3,80,3,3,3,4,30,27,4,12
528,18,No,Non-Travel,Sales,12,3,Other,1,3,Male,2,2,Manager,3,Single,14179.0,10061,6,Y,No,16,3,1,80,0,34,4,1,24,0,6,15
529,60,No,Non-Travel,Sales,2,5,Marketing,1,4,Female,4,3,Manager,2,Single,19443.0,22398,4,Y,Yes,23,3,1,80,2,32,6,1,11,5,10,0
530,56,No,Travel_Rarely,Research & Development,10,5,Other,1,3,Female,3,4,Laboratory Technician,3,Single,17524.0,15265,4,Y,No,25,3,2,80,3,2,1,1,25,11,11,13
531,34,No,Travel_Rarely,Research & Development,5,4,Human Resources,1,4,Male,2,5,Research Director,4,Married,19173.0,2878,9,Y,Yes,22,3,1,80,0,18,2,1,36,18,15,12
532,37,No,Travel_Rarely,Human Resources,21,2,Medical,1,3,Male,4,3,Human Resources,2,Divorced,1016.0,10785,7,Y,No,14,3,2,80,3,8,1,2,32,31,10,9
533,41,No,Non-Travel,Human Resources,3,1,Human Resources,1,4,Male,4,3,Manager,1,Married,14374.0,14930,6,Y,No,13,4,1,80,0,18,4,4,27,26,6,9
534,39,No,Travel_Rarely,Research & Development,19,1,Life Sciences,1,2,Female,3,1,Manager,4,Divorced,17848.0,8272,6,Y,No,22,3,1,80,3,18,4,1,8,0,3,3
535,46,No,Travel_Rarely,Research & Development,13,5,Technical Degree,1,3,Female,3,3,Laboratory Technician,2,Married,19211.0,14742,5,Y,No,13,3,4,80,1,25,2,4,11,10,2,13
536,39,No,Travel_Rarely,Human Resources,12,3,Marketing,1,3,Female,1,5,Manager,4,Single,6956.0,19993,6,Y,No,24,3,3,80,0,12,4,3,4,3,12,11
537,26,No,Non-Travel,Research & Development,3,4,Medical,1,3,Male,3,2,Manufacturing Director,2,Single,17473.0,8714,6,Y,No,12,3,1,80,1,21,4,1,27,0,7,5
538,54,No,Travel_Rarely,Sales,6,2,Human Resources,1,1,Male,3,4,Sales Executive,4,Married,5815.0,7109,9,Y,No,21,4,3,80,0,7,6,4,34,31,12,14
539,27,No,Travel_Rarely,Research & Development,14,5,Marketing,1,3,Male,4,1,Research Scientist,4,Married,3843.0,20832,1,Y,No,13,3,3,80,1,23,5,2,4,4,1,4
540,53,No,Travel_Frequently,Sales,4,4,Technical Degree,1,1,Female,2,4,Sales Executive,2,Single,16972.0,14749,9,Y,No,23,3,4,80,0,25,6,4,33,16,4,9
541,54,No,Travel_Frequently,Human Resources,13,4,Marketing,1,1,Female,4,2,Manager,1,Married,18353.0,17888,1,Y,No,22,4,3,80,3,40,2,1,33,7,11,8
542,45,No,Travel_Rarely,Research & Development,19,5,Technical Degree,1,4,Male,1,3,Laboratory Technician,1,Married,2094.0,4136,9,Y,No,24,3,3,80,1,40,3,3,12,8,9,9
543,45,No,Travel_Rarely,Sales,18,4,Technical Degree,1,1,Male,4,5,Manager,4,Married,7124.0,18020,6,Y,No,20,3,1,80,3,2,1,4,38,33,14,11
544,59,No,Travel_Rarely,Research & Development,29,3,Technical Degree,1,1,Male,1,1,Research Scientist,4,Divorced,2404.0,8966,9,Y,No,11,4,4,80,0,6,3,3,13,8,4,3
545,60,No,Travel_Rarely,Research & Development,3,4,Human Resources,1,2,Male,3,5,Manufacturing Director,1,Married,4982.0,4053,6,Y,No,25,3,3,80,3,1,3,2,10,7,0,3
546,38,No,Travel_Rarely,Research & Development,20,2,Technical Degree,1,3,Female,2,5,Manager,1,Married,13515.0,9763,6,Y,Yes,13,3,1,80,0,32,5,4,37,22,15,12
547,41,No,Travel_Rarely,Sales,6,4,Marketing,1,1,Male,2,5,Sales Representative,3,Divorced,16790.0,15232,4,Y,No,19,3,4,80,3,11,1,4,3,2,6,13
548,59,No,Non-Travel,Research & Development,16,1,Life Sciences,1,3,Female,4,5,Research Scientist,1,Single,13205.0,2083,0,Y,No,14,3,1,80,1,11,3,2,32,6,3,11
549,57,No,Travel_Rarely,Research & Development,20,4,Marketing,1,1,Female,2,2,Research Scientist,4,Married,13748.0,18025,1,Y,No,25,3,4,80,0,9,2,2,6,6,14,12
550,19,No,Travel_Rarely,Research & Development,24,5,Human Resources,1,4,Female,1,5,Research Scientist,2,Divorced,4092.0,17431,8,Y,No,13,3,4,80,3,40,1,2,40,19,15,12
551,25,Yes,Travel_Frequently,  research & development  ,3,1,Technical Degree,1,2,Female,1,5,Laboratory Technician,1,Married,14971.0,21052,7,Y,Yes,18,3,2,80,0,26,0,1,7,1,14,1
552,44,No,Travel_Rarely,Research & Development,12,5,Life Sciences,1,1,Female,3,2,Manager,3,Divorced,15616.0,7231,7,Y,Yes,11,3,2,80,0,17,5,1,36,24,9,8
553,39,No,Travel_Rarely,Research & Development,19,2,Human Resources,1,3,Female,4,4,Laboratory Technician,3,Married,5933.0,12411,9,Y,No,15,3,2,80,0,3,3,4,9,2,11,9
554,54,No,Travel_Rarely,Research & Development,19,3,Medical,1,4,Male,3,2,Laboratory Technician,3,Married,5926.0,10890,0,Y,No,11,3,3,80,2,39,4,4,14,11,1,16
555,44,No,Travel_Rarely,Research & Development,24,2,Medical,1,3,Female,2,3,Research Director,2,Single,4969.0,20204,5,Y,No,17,4,1,80,0,22,1,4,37,23,7,9
556,46,No,Travel_Rarely,Research & Development,4,1,Medical,1,4,Female,3,2,Manufacturing Director,1,Divorced,3965.0,14817,8,Y,No,15,3,4,80,3,20,0,3,14,1,15,12
557,20,No,Travel_Rarely,Sales,1,3,Life Sciences,1,2,Male,2,4,Manager,1,Divorced,5319.0,22798,7,Y,No,25,3,1,80,2,35,4,2,4,2,3,0
558,30,No,Travel_Rarely,Sales,2,4,Marketing,1,4,Female,1,3,Sales Representative,1,Divorced,9975.0,25633,2,Y,No,12,3,3,80,3,29,0,4,28,15,0,1
559,27,No,Travel_Rarely,Research & Development,13,1,Life Sciences,1,3,Female,4,3,Manager,2,Married,8108.0,11290,3,Y,No,22,3,2,80,2,20,3,2,18,7,7,16
560,53,No,Non-Travel,Research & Development,26,3,Life Sciences,1,3,Female,4,1,Research Director,2,Single,10141.0,8572,2,Y,No,24,3,2,80,0,22,4,1,9,6,14,12
561,26,No,Non-Travel,Research & Development,29,5,Life Sciences,1,1,Male,3,5,Research Director,4,Single,17428.0,26011,5,Y,No,11,3,1,80,1,20,3,2,11,10,12,16
562,44,Yes,Travel_Rarely,Sales,13,3,Medical,1,4,Female,2,3,Manager,3,Divorced,2810.0,4894,8,Y,Yes,21,3,1,80,1,7,4,3,3,2,10,12
563,51,No,Non-Travel,Sales,2,5,Other,1,3,Male,1,3,Sales Representative,3,Married,11273.0,5417,7,Y,No,25,3,4,80,0,38,1,3,30,16,6,16
564,18,No,Non-Travel,Sales,19,5,Marketing,1,1,Female,2,4,Manager,1,Single,10021.0,18632,9,Y,No,17,3,1,80,2,12,6,2,17,13,2,13
565,49,No,Travel_Rarely,Research & Development,22,3,Other,1,2,Male,3,3,Laboratory Technician,2,Married,19293.0,9810,3,Y,No,22,3,4,80,3,39,2,3,15,5,2,9
566,42,No,Travel_Rarely,Research & Development,24,2,Other,1,3,Male,2,4,Research Scientist,2,Married,7364.0,14674,1,Y,No,11,4,4,80,1,21,6,3,39,7,6,1
567,46,No,Travel_Rarely,Research & Development,16,2,Life Sciences,1,1,Male,1,5,Laboratory Technician,1,Married,3581.0,12149,7,Y,No,13,3,2,80,0,6,2,1,35,26,1,13
568,24,No,Travel_Rarely,Research & Development,12,5,Marketing,1,3,Male,3,1,Research Scientist,1,Married,1691.0,20274,7,Y,Yes,21,4,1,80,0,23,6,4,24,7,4,16
569,20,No,Travel_Rarely,Human Resources,1,1,Other,1,4,Male,1,1,Human Resources,4,Married,1931.0,9880,5,Y,No,25,4,2,80,2,4,0,3,22,1,6,4
570,37,No,Travel_Rarely,Research & Development,9,3,Technical Degree,1,1,Male,3,5,Healthcare Representative,3,Divorced,14128.0,14650,7,Y,Yes,16,4,4,80,1,25,5,4,11,11,5,17
571,37,No,Travel_Rarely,Research & Development,17,1,Life Sciences,1,4,Female,4,5,Manager,3,Single,15226.0,4115,8,Y,No,25,4,2,80,0,9,4,2,33,16,9,2
572,47,No,Travel_Rarely,Research & Development,10,2,Life Sciences,1,2,Female,2,2,Manufacturing Director,3,Married,14861.0,8581,0,Y,No,16,3,2,80,1,10,3,2,35,32,6,15
573,52,No,Travel_Rarely,Research & Development,18,1,Life Sciences,1,4,Male,1,3,Laboratory Technician,4,Married,16475.0,21447,8,Y,No,25,3,4,80,3,39,5,3,36,15,15,17
574,52,No,Travel_Rarely,Research & Development,19,4,Technical Degree,1,1,Male,1,3,Research Scientist,1,Divorced,4406.0,7651,1,Y,Yes,17,3,3,80,0,37,1,2,2,0,14,4
575,56,Yes,Travel_Rarely,Research & Development,7,4,Technical Degree,1,3,Male,2,3,Laboratory Technician,1,Married,9339.0,3806,0,Y,Yes,21,3,3,80,0,10,1,1,8,8,1,7
576,44,No,Travel_Rarely,Human Resources,25,2,Medical,1,1,Female,1,4,Manager,3,Married,18416.0,9300,7,Y,Yes,24,4,1,80,3,29,1,3,17,0,6,5
577,43,No,Travel_Rarely,Sales,19,1,Human Resources,1,4,Male,1,2,Sales Representative,3,Married,18695.0,26871,7,Y,Yes,21,3,2,80,0,3,2,3,34,28,1,14
578,31,No,Travel_Rarely,Human Resources,24,3,Marketing,1,4,Male,1,3,Manager,4,Married,9579.0,21078,3,Y,No,11,3,1,80,2,1,3,3,33,12,6,2
579,34,No,Travel_Rarely,Research & Development,15,2,Human Resources,1,3,Male,4,4,Research Director,2,Divorced,4121.0,12183,7,Y,No,17,3,2,80,3,12,1,2,40,20,13,8
580,35,No,Non-Travel,Sales,9,4,Life Sciences,1,2,Male,1,4,Manager,2,Divorced,19257.0,18223,6,Y,No,12,3,1,80,2,38,1,2,13,9,14,10
581,46,No,Travel_Rarely,Research & Development,10,2,Other,1,1,Male,4,1,Manager,3,Married,16946.0,16368,1,Y,Yes,16,3,1,80,3,16,6,3,3,0,15,13
582,37,No,Travel_Rarely,Human Resources,23,1,Life Sciences,1,3,Male,2,4,Human Resources,4,Married,4748.0,7493,4,Y,No,23,3,4,80,3,22,0,4,28,4,7,8
583,44,No,Travel_Rarely,Research & Development,20,1,Other,1,3,Female,4,5,Research Director,3,Single,1277.0,26607,9,Y,No,18,3,3,80,2,9,4,2,40,9,9,9
584,35,No,Travel_Frequently,Research & Development,20,1,Medical,1,3,Female,1,4,Healthcare Representative,2,Married,19243.0,6650,3,Y,Yes,23,3,3,80,3,12,4,2,14,5,7,14
585,21,No,Travel_Rarely,Research & Development,4,5,Human Resources,1,1,Male,1,5,Laboratory Technician,3,Married,12563.0,26510,2,Y,No,15,3,3,80,1,38,4,3,27,23,15,17
586,18,No,Travel_Rarely,Sales,6,1,Life Sciences,1,1,Female,1,5,Sales Representative,2,Married,7792.0,14067,0,Y,Yes,20,3,4,80,2,28,5,4,15,2,4,6
587,18,Yes,Travel_Rarely,Sales,4,4,Human Resources,1,1,Male,4,1,Manager,2,Single,14918.0,18225,4,Y,Yes,13,3,3,80,3,15,6,3,11,8,6,4
588,43,Yes,Travel_Rarely,Sales,5,4,Medical,1,2,Female,3,1,Manager,2,Divorced,11374.0,14592,9,Y,No,21,4,4,80,2,2,6,2,4,4,10,17
589,37,Yes,Travel_Frequently,Sales,9,5,Human Resources,1,3,Male,3,4,Sales Executive,1,Married,5675.0,2792,7,Y,No,18,3,2,80,3,35,0,3,33,0,7,0
590,40,No,Travel_Rarely,Sales,12,4,Other,1,4,Female,2,1,Sales Executive,1,Married,2170.0,22575,8,Y,No,18,3,4,80,3,3,2,3,0,0,3,11
591,27,No,Non-Travel,Sales,23,4,Marketing,1,4,Female,2,1,Manager,3,Single,9681.0,3089,6,Y,No,14,3,1,80,1,35,5,3,38,19,1,5
592,28,No,Non-Travel,Research & Development,8,2,Medical,1,3,Male,2,3,Laboratory Technician,2,Married,11717.0,26805,0,Y,No,18,3,1,80,1,15,0,4,31,24,6,12
593,58,No,Travel_Rarely,Sales,21,1,Human Resources,1,4,Female,1,4,Sales Executive,1,Divorced,13450.0,21164,0,Y,No,15,3,2,80,1,40,1,3,25,14,12,16
594,58,No,Travel_Rarely,Research & Development,5,2,Life Sciences,1,2,Male,3,4,Research Director,3,Married,11680.0,22881,0,Y,No,23,3,2,80,3,5,3,2,16,13,0,8
595,22,No,Travel_Frequently,Research & Development,29,2,Technical Degree,1,2,Female,3,4,Manager,3,Married,11068.0,2789,1,Y,No,21,4,1,80,1,27,5,3,26,7,11,0
596,18,No,Travel_Rarely,Research & Development,11,4,Technical Degree,1,1,Male,2,1,Research Director,3,Single,3462.0,6194,0,Y,Yes,15,3,3,80,2,35,5,4,23,9,1,11
597,34,No,Travel_Rarely,Research & Development,23,3,Medical,1,1,Male,3,1,Manager,3,Married,14650.0,14558,3,Y,Yes,13,3,3,80,3,22,1,1,34,8,9,0
598,39,No,Travel_Rarely,Sales,11,1,Technical Degree,1,1,Male,2,5,Sales Representative,3,Divorced,1287.0,22841,9,Y,No,25,4,3,80,2,11,1,4,38,2,6,3
599,51,No,Travel_Frequently,Sales,13,3,Marketing,1,1,Male,1,2,Sales Representative,4,Married,19291.0,15475,8,Y,No,17,3,2,80,1,30,3,3,25,10,11,6
600,58,Yes,Travel_Rarely,Sales,14,4,Medical,1,1,Male,3,2,Manager,2,Divorced,2161.0,8671,3,Y,Yes,21,3,1,80,3,11,4,1,37,11,11,4
601,46,No,Travel_Rarely,Sales,28,5,Life Sciences,1,4,Male,1,2,Manager,3,Divorced,17513.0,23019,3,Y,No,24,3,4,80,2,31,5,3,22,9,9,4
602,21,Yes,Non-Travel,Sales,8,2,Life Sciences,1,4,Female,1,3,Manager,4,Divorced,3363.0,7961,6,Y,Yes,21,4,2,80,0,24,0,4,21,16,12,6
603,22,No,Travel_Rarely,Sales,25,4,Medical,1,1,Male,3,1,Sales Representative,2,Divorced,6983.0,25122,8,Y,No,19,4,1,80,2,28,2,1,3,0,0,16
604,28,No,Travel_Rarely,Sales,18,4,Technical Degree,1,2,Male,4,5,Sales Representative,1,Single,17527.0,14048,6,Y,Yes,19,4,3,80,3,18,1,1,8,8,6,11
605,38,No,Travel_Rarely,Sales,19,3,Technical Degree,1,4,Female,2,5,Manager,3,Divorced,9207.0,7155,0,Y,No,11,3,3,80,0,21,1,3,3,2,15,14
606,52,No,Travel_Rarely,Research & Development,12,5,Life Sciences,1,2,Male,3,2,Research Scientist,4,Single,15758.0,2313,0,Y,No,11,3,3,80,1,23,2,3,6,5,15,2
607,29,No,Travel_Rarely,Sales,12,2,Marketing,1,2,Male,1,3,Sales Representative,1,Single,1244.0,25017,3,Y,Yes,20,3,1,80,1,32,0,4,22,21,4,16
608,43,Yes,Travel_Rarely,Research & Development,18,5,Other,1,3,Male,2,3,Manufacturing Director,4,Single,18310.0,2232,3,Y,No,22,3,3,80,2,35,1,3,1,1,15,13
609,36,Yes,Travel_Rarely,Research & Development,10,5,Technical Degree,1,3,Male,1,2,Research Director,2,Married,4178.0,24119,0,Y,No,22,4,1,80,1,39,2,1,23,6,15,14
610,24,No,Travel_Frequently,Research & Development,7,5,Marketing,1,1,Male,2,2,Research Director,2,Married,3176.0,11221,5,Y,Yes,21,4,2,80,2,15,6,2,39,25,13,14
611,24,No,Travel_Rarely,Sales,28,1,Technical Degree,1,2,Female,3,1,Sales Representative,1,Married,6002.0,13798,9,Y,Yes,25,3,4,80,2,1,1,2,30,13,10,14
612,43,No,Travel_Rarely,Research & Development,18,5,Other,1,4,Male,1,3,Laboratory Technician,4,Single,1886.0,26233,1,Y,No,15,3,3,80,2,7,4,4,30,6,2,10
613,57,No,Travel_Rarely,Research & Development,12,4,Medical,1,3,Male,2,5,Research Director,3,Married,14721.0,4711,4,Y,No,11,3,2,80,2,12,4,3,39,39,10,17
614,22,No,Travel_Frequently,Sales,14,1,Human Resources,1,3,Male,2,2,Sales Executive,3,Married,13142.0,14531,7,Y,No,14,3,2,80,3,29,1,4,33,0,1,9
615,38,Yes,Travel_Rarely,Research & Development,15,1,Life Sciences,1,2,Male,3,1,Manufacturing Director,1,Married,3654.0,12480,2,Y,Yes,22,3,1,80,3,0,6,2,23,23,14,8
616,31,No,Travel_Rarely,Human Resources,16,5,Medical,1,3,male,2,5,Human Resources,1,Single,12984.0,9940,8,Y,No,11,3,2,80,0,11,1,2,25,21,6,2
617,21,No,Travel_Rarely,Sales,2,4,Technical Degree,1,3,Male,2,3,Sales Representative,1,Single,18755.0,14191,6,Y,Yes,25,3,1,80,0,6,4,3,15,3,8,0
618,40,No,Travel_Rarely,Sales,18,2,Other,1,4,Male,1,2,Manager,4,Single,8135.0,21728,8,Y,No,12,3,1,80,1,13,6,1,12,12,8,10
619,59,No,Travel_Rarely,Research & Development,12,5,Life Sciences,1,2,Male,3,2,Healthcare Representative,3,Single,1320.0,4122,0,Y,No,12,3,2,80,3,34,1,3,14,13,14,15
620,37,No,Travel_Frequently,Research & Development,16,1,Human Resources,1,3,Female,3,1,Manufacturing Director,3,Married,5654.0,5779,4,Y,No,14,4,1,80,0,27,6,2,26,11,13,2
621,32,No,Travel_Rarely,Sales,13,2,Human Resources,1,2,Male,1,1,Sales Executive,3,Married,17131.0,7654,2,Y,No,18,3,1,80,3,11,0,1,3,3,9,8
622,46,Yes,Travel_Rarely,Sales,20,2,Other,1,3,Male,4,3,Sales Representative,1,Married,11770.0,14374,3,Y,No,12,4,1,80,3,39,0,4,15,2,9,10
623,-1,No,Travel_Rarely,Research & Development,17,1,Other,1,4,Female,1,2,Healthcare Representative,3,Married,7553.0,13169,3,Y,No,24,3,2,80,1,23,3,2,29,12,15,16
624,58,No,Non-Travel,Research & Development,18,2,Technical Degree,1,2,Male,1,1,Research Director,2,Married,12559.0,3172,6,Y,No,19,3,4,80,1,0,0,4,29,19,7,0
625,36,No,Travel_Rarely,Research & Development,3,4,Life Sciences,1,3,Female,4,2,Research Director,1,Divorced,10009.0,9317,9,Y,No,25,3,1,80,2,16,5,1,35,30,1,8
626,56,No,Travel_Rarely,Research & Development,23,4,Technical Degree,1,4,Female,2,3,Research Scientist,3,Single,14482.0,26128,7,Y,No,22,3,3,80,3,37,6,4,2,1,0,2
627,45,No,Travel_Rarely,Research & Development,10,5,Human Resources,1,3,Male,3,2,Healthcare Representative,4,Divorced,8498.0,2159,9,Y,No,19,3,2,80,2,27,5,2,21,10,7,9
628,44,No,Travel_Frequently,Research & Development,1,5,Medical,1,2,Male,3,5,Manager,1,Married,7636.0,26347,4,Y,No,12,3,2,80,2,32,5,3,21,3,1,4
629,21,No,Travel_Rarely,Sales,6,2,Medical,1,3,Female,4,2,Manager,2,Single,8362.0,4129,9,Y,No,11,3,1,80,2,23,1,4,11,3,3,10
630,32,No,Travel_Rarely,Sales,3,1,Marketing,1,2,Female,3,4,Manager,2,Divorced,17395.0,21462,6,Y,No,20,3,2,80,3,5,1,2,20,15,15,4
631,52,No,Travel_Rarely,Research & Development,19,4,Human Resources,1,2,Female,4,4,Research Director,4,Married,17578.0,20613,2,Y,No,25,3,3,80,3,20,2,2,3,2,11,11
632,54,No,Travel_Rarely,Research & Development,4,3,Human Resources,1,3,Male,2,3,Manager,4,Married,3537.0,4917,2,Y,No,20,3,4,80,2,3,6,1,30,21,3,13
633,18,No,Travel_Rarely,Research & Development,29,5,Technical Degree,1,4,Male,4,3,Manufacturing Director,1,Married,16216.0,21397,2,Y,No,19,3,2,80,3,32,5,2,30,28,1,11
634,-1,Yes,Travel_Rarely,Research & Development,20,4,Marketing,1,1,Female,3,3,Research Scientist,1,Married,19613.0,14765,3,Y,No,25,3,2,80,2,9,5,3,22,10,3,8
635,41,No,Travel_Frequently,Sales,23,2,Other,1,4,Male,3,5,Sales Executive,2,Single,4009.0,8326,5,Y,No,12,3,2,80,0,35,0,3,19,0,6,6
636,44,No,Travel_Rarely,Research & Development,3,4,Marketing,1,4,Female,4,5,Laboratory Technician,4,Single,15209.0,3579,4,Y,No,18,3,1,80,3,12,4,4,14,9,5,15
637,57,No,Travel_Rarely,Research & Development,8,4,Life Sciences,1,3,Male,3,2,Laboratory Technician,1,Divorced,16675.0,16509,7,Y,No,24,4,3,80,1,35,6,4,22,6,9,6
638,53,No,Travel_Rarely,Sales,8,2,Technical Degree,1,4,Female,4,1,Sales Executive,2,Divorced,16029.0,16349,4,Y,No,13,3,4,80,1,8,4,4,27,11,5,13
639,51,No,Non-Travel,Sales,27,5,Other,1,4,Male,3,4,Sales Executive,4,Single,3077.0,3960,4,Y,No,11,4,3,80,2,30,6,4,15,6,3,7
640,46,No,Travel_Rarely,Research & Development,29,5,Other,1,1,Male,1,4,Healthcare Representative,2,Divorced,14907.0,9902,9,Y,No,21,3,3,80,0,3,6,3,36,25,1,17
641,41,No,Travel_Rarely,Sales,7,3,Medical,1,4,Female,2,4,Sales Executive,3,Married,4867.0,25041,1,Y,No,11,3,2,80,3,19,3,1,20,7,4,2
642,41,Yes,Travel_Rarely,Research & Development,2,3,Life Sciences,1,1,Male,3,2,Manufacturing Director,4,Single,17152.0,16033,4,Y,Yes,20,3,4,80,2,7,2,4,14,8,10,1
643,59,No,Travel_Rarely,Sales,21,5,Marketing,1,3,Male,3,2,Manager,1,Married,5873.0,5844,6,Y,Yes,12,3,3,80,0,26,4,1,16,8,12,4
644,21,Yes,Travel_Rarely,Research & Development,6,5,Medical,1,1,Male,3,3,Laboratory Technician,1,Married,9635.0,6697,1,Y,Yes,17,3,4,80,0,35,3,2,36,33,2,7
645,20,No,Travel_Rarely,Sales,28,5,Human Resources,1,2,Female,4,1,Sales Representative,3,Married,1297.0,4390,5,Y,No,22,3,1,80,3,8,0,2,12,12,2,8
646,51,No,Travel_Rarely,Research & Development,16,5,Technical Degree,1,2,Female,3,3,Healthcare Representative,4,Divorced,14095.0,3419,6,Y,No,16,3,2,80,1,23,2,4,18,12,3,1
647,40,No,Travel_Rarely,Research & Development,10,4,Marketing,1,1,Male,4,2,Research Scientist,2,Single,10036.0,5917,4,Y,Yes,22,3,1,80,1,36,2,2,29,22,10,14
648,40,No,Travel_Rarely,Research & Development,4,3,Human Resources,1,2,Male,3,5,Laboratory Technician,1,Married,2015.0,16206,8,Y,No,21,3,4,80,0,40,5,1,17,3,10,7
649,22,No,Travel_Rarely,Research & Development,13,2,Other,1,3,Male,1,3,Research Director,3,Married,2384.0,14620,3,Y,No,12,3,2,80,1,39,6,1,13,8,4,9
650,48,No,Travel_Rarely,Research & Development,10,1,Marketing,1,2,Female,1,2,Manager,3,Divorced,9745.0,13822,9,Y,No,14,3,1,80,0,29,6,2,35,23,10,6
651,58,No,Non-Travel,Sales,21,2,Medical,1,1,Male,2,2,Manager,4,Single,19734.0,6942,0,Y,No,12,4,2,80,0,25,1,4,35,16,1,0
652,23,No,Travel_Rarely,Research & Development,14,1,Life Sciences,1,3,Male,4,5,Healthcare Representative,4,Married,18653.0,10354,7,Y,No,11,3,1,80,0,3,6,1,19,1,5,1
653,54,Yes,Travel_Rarely,Research & Development,9,4,Medical,1,2,Male,2,5,Healthcare Representative,1,Divorced,2260.0,26691,7,Y,Yes,22,4,3,80,1,0,6,1,18,12,14,2
654,27,No,Travel_Rarely,Research & Development,11,3,Technical Degree,1,3,Male,3,5,Laboratory Technician,3,Single,8701.0,25954,6,Y,No,13,3,2,80,2,19,6,3,6,6,5,13
655,57,No,Non-Travel,Research & Development,23,1,Technical Degree,1,1,Female,3,1,Research Scientist,2,Married,11401.0,7198,7,Y,Yes,25,3,4,80,1,27,5,4,3,0,7,14
656,24,No,Travel_Rarely,Sales,18,5,Marketing,1,2,Male,1,2,Sales Executive,3,Divorced,16519.0,24386,1,Y,No,14,3,2,80,2,23,0,3,33,27,1,13
657,56,No,Travel_Rarely,Sales,11,4,Medical,1,3,Male,2,5,Sales Executive,2,Single,12864.0,13271,2,Y,No,20,3,4,80,1,27,6,2,1,1,7,7
658,55,No,Non-Travel,Research & Development,17,1,Life Sciences,1,3,Male,3,1,Manufacturing Director,2,Divorced,16681.0,23526,8,Y,Yes,15,3,1,80,3,27,5,2,4,2,14,17
659,38,No,Non-Travel,Research & Development,2,5,Other,1,2,Female,3,4,Manufacturing Director,1,Single,6543.0,22236,0,Y,Yes,15,3,1,80,3,4,2,3,9,7,7,16
660,37,No,Travel_Rarely,Research & Development,3,4,Technical Degree,1,3,Male,4,4,Manager,3,Single,19265.0,13030,7,Y,No,25,4,4,80,1,31,5,4,31,14,3,6
661,20,No,Travel_Rarely,Research & Development,11,1,Life Sciences,1,3,Male,3,4,Laboratory Technician,2,Single,13488.0,18926,7,Y,No,17,3,1,80,3,29,6,1,40,32,6,0
662,39,No,Non-Travel,Human Resources,18,5,Human Resources,1,1,Male,2,2,Manager,4,Single,11079.0,26989,6,Y,No,24,3,2,80,3,20,3,2,12,3,14,8
663,21,No,Non-Travel,Research & Development,27,3,Marketing,1,1,Female,1,1,Laboratory Technician,2,Single,11744.0,22362,4,Y,Yes,25,4,1,80,3,15,5,4,38,11,15,8
664,45,No,Travel_Rarely,Sales,3,4,Life Sciences,1,1,Male,1,1,Sales Representative,4,Married,4809.0,19816,3,Y,Yes,20,3,4,80,3,7,4,4,4,4,12,10
665,29,No,Travel_Rarely,Sales,26,1,Marketing,1,1,Male,3,4,Sales Executive,4,Single,8206.0,10860,9,Y,No,18,3,4,80,2,11,0,2,9,8,6,5
666,55,Yes,Travel_Rarely,Sales,15,5,Human Resources,1,1,Male,3,3,Sales Representative,3,Divorced,14746.0,26189,9,Y,Yes,19,3,3,80,0,31,0,2,9,6,14,6
667,53,No,Travel_Frequently,Sales,11,3,Life Sciences,1,1,Male,3,4,Sales Representative,4,Married,16995.0,17762,9,Y,No,22,3,4,80,2,24,2,4,37,7,0,14
668,58,Yes,Non-Travel,Sales,11,5,Life Sciences,1,2,Female,4,2,Sales Executive,2,Married,17035.0,2968,9,Y,Yes,17,3,1,80,0,2,5,1,26,15,13,5
669,22,No,Travel_Rarely,Sales,28,3,Other,1,1,Male,3,4,Sales Representative,4,Married,12671.0,7800,5,Y,No,15,4,4,80,0,25,2,3,20,13,12,8
670,30,Yes,Travel_Rarely,Sales,28,1,Human Resources,1,3,Female,3,4,Sales Executive,3,Married,14210.0,26229,0,Y,Yes,19,3,1,80,1,35,2,2,7,2,13,14
671,40,Yes,Travel_Rarely,Sales,25,5,Medical,1,2,Male,4,1,Sales Executive,1,Married,18793.0,23975,4,Y,Yes,18,3,1,80,1,16,3,3,0,0,0,5
672,47,No,Travel_Frequently,Research & Development,20,5,Life Sciences,1,3,Male,2,4,Manufacturing Director,2,Single,6197.0,23767,3,Y,No,20,3,3,80,1,26,1,4,27,24,7,6
673,54,No,Travel_Frequently,Sales,28,2,Other,1,1,Male,4,5,Manager,2,Divorced,16553.0,9470,3,Y,No,19,3,1,80,1,21,2,3,38,12,10,16
674,42,No,Non-Travel,Research & Development,25,4,Life Sciences,1,1,Female,1,5,Healthcare Representative,3,Married,8452.0,6819,6,Y,Yes,20,3,4,80,1,37,1,1,13,6,0,5
675,44,Yes,Travel_Frequently,Research & Development,11,5,Other,1,3,Male,4,3,Manager,3,Single,9718.0,26016,8,Y,Yes,18,3,4,80,2,34,1,4,20,20,2,8
676,31,No,Travel_Frequently,Human Resources,19,3,Technical Degree,1,3,Female,4,2,Manager,3,Married,15859.0,5235,7,Y,Yes,16,3,4,80,2,6,0,1,29,12,5,2
677,53,No,Travel_Rarely,Sales,28,4,Medical,1,3,Male,2,2,Manager,3,Married,3172.0,23639,7,Y,No,14,4,1,80,3,2,4,4,20,4,7,13
678,56,No,Travel_Frequently,Research & Development,1,1,Life Sciences,1,4,Male,2,1,Research Director,2,Single,14158.0,18635,4,Y,No,19,3,4,80,2,5,4,1,8,5,14,5
679,33,No,Non-Travel,Human Resources,27,4,Human Resources,1,4,Female,3,2,Manager,1,Divorced,17663.0,6300,5,Y,Yes,22,3,2,80,2,12,5,4,16,4,4,3
680,39,Yes,Travel_Rarely,Research & Development,5,2,Marketing,1,4,Female,4,3,Manufacturing Director,4,Married,12085.0,16167,1,Y,No,19,3,2,80,1,14,3,1,4,4,4,15
681,38,No,Travel_Rarely,Research & Development,10,1,Human Resources,1,4,Male,2,5,Research Director,4,Married,4981.0,17661,2,Y,No,20,3,4,80,3,25,3,4,30,27,3,15
682,38,Yes,Non-Travel,Sales,10,5,Medical,1,2,Female,1,1,Sales Representative,1,Married,6247.0,25793,4,Y,No,20,4,1,80,2,32,4,1,39,24,13,8
683,25,No,Travel_Rarely,Sales,14,1,Technical Degree,1,1,Male,3,5,Sales Representative,1,Divorced,11553.0,13071,1,Y,No,19,3,4,80,2,14,5,4,37,34,3,3
684,33,No,Travel_Rarely,Research & Development,2,1,Technical Degree,1,3,Male,4,3,Healthcare Representative,1,Single,7135.0,5998,2,Y,No,24,3,2,80,3,38,6,1,18,14,15,7
685,48,Yes,Travel_Rarely,Human Resources,4,2,Technical Degree,1,1,Male,1,1,Manager,3,Married,6573.0,10982,3,Y,Yes,20,3,1,80,0,40,4,2,35,6,6,7
686,59,No,Travel_Rarely,Research & Development,2,3,Other,1,3,Male,2,4,Research Director,2,Single,14731.0,7180,5,Y,Yes,13,3,4,80,1,13,5,3,32,31,5,5
687,27,No,Travel_Rarely,Research & Development,18,1,Human Resources,1,1,Male,3,2,Manager,2,Married,8189.0,14752,4,Y,No,21,3,1,80,2,18,5,4,12,2,7,7
688,49,Yes,Non-Travel,Sales,13,3,Marketing,1,2,Male,1,3,Sales Executive,2,Single,15541.0,7421,9,Y,No,22,3,4,80,2,27,5,1,13,13,14,5
689,51,Yes,Travel_Rarely,Research & Development,19,4,Marketing,1,4,Female,4,1,Manager,3,Single,11878.0,19879,3,Y,No,25,4,3,80,3,23,5,2,32,21,10,13
690,26,No,Travel_Rarely,Sales,5,2,Other,1,1,Female,1,5,Manager,2,Divorced,12087.0,26362,1,Y,No,13,3,1,80,2,40,0,4,28,7,13,13
691,34,No,Travel_Rarely,Research & Development,20,5,Life Sciences,1,3,Male,3,1,Research Director,3,Married,14667.0,15918,4,Y,No,21,3,2,80,1,32,0,4,35,16,5,17
692,28,No,Travel_Rarely,Research & Development,2,1,Other,1,1,male,4,4,Laboratory Technician,2,Married,3776.0,16316,4,Y,No,16,3,2,80,2,11,4,4,9,3,10,12
693,49,No,Travel_Rarely,Research & Development,11,3,Marketing,1,2,Male,4,3,Manager,1,Married,10311.0,12899,6,Y,Yes,16,3,2,80,0,9,5,3,30,26,9,14
694,27,No,Travel_Rarely,Sales,26,1,Marketing,1,2,Male,1,1,Sales Representative,4,Married,8697.0,15199,0,Y,No,25,3,2,80,1,6,2,1,5,0,6,2
695,39,No,Travel_Rarely,Sales,18,2,Life Sciences,1,1,Female,3,3,Sales Executive,4,Single,15629.0,26525,3,Y,Yes,23,3,4,80,0,0,5,1,0,0,9,5
696,34,No,Travel_Frequently,Research & Development,6,5,Human Resources,1,4,Male,4,3,Research Director,3,Single,9386.0,7378,4,Y,Yes,25,3,4,80,3,14,2,4,6,5,13,16
697,21,No,Travel_Rarely,Sales,23,4,Human Resources,1,3,Female,3,5,Sales Executive,2,Divorced,18046.0,17901,7,Y,No,23,4,1,80,1,0,0,4,26,16,9,15
698,42,No,Travel_Rarely,Research & Development,28,4,Medical,1,2,Male,2,2,Manufacturing Director,4,Married,9044.0,4577,7,Y,Yes,16,3,3,80,2,19,5,4,20,9,4,5
699,38,No,Travel_Rarely,Sales,10,3,Human Resources,1,2,Male,1,4,Sales Executive,1,Married,10615.0,23690,0,Y,Yes,15,3,3,80,1,1,1,2,27,11,5,7
700,54,Yes,Travel_Rarely,Research & Development,22,4,Technical Degree,1,1,Male,3,1,Manager,1,Divorced,16034.0,10133,4,Y,No,24,3,1,80,1,2,4,4,15,15,0,12
701,55,No,Travel_Rarely,Research & Development,23,3,Technical Degree,1,2,Female,2,2,Healthcare Representative,1,Married,6060.0,3235,9,Y,No,15,3,2,80,1,35,5,3,22,13,2,12
702,18,No,Travel_Rarely,Sales,17,5,Medical,1,2,Female,2,5,Sales Executive,3,Single,11900.0,19442,0,Y,No,12,3,3,80,0,15,3,1,19,15,11,16
703,42,No,Travel_Rarely,Research & Development,22,1,Marketing,1,3,Female,3,2,Laboratory Technician,3,Single,6581.0,17641,0,Y,Yes,24,3,3,80,3,28,2,3,37,7,7,2
704,53,No,Travel_Rarely,Sales,11,2,Medical,1,4,Male,3,3,Manager,2,Married,3014.0,5659,1,Y,No,17,3,1,80,1,35,6,4,24,22,15,12
705,34,No,Travel_Rarely,Sales,19,5,Life Sciences,1,3,Male,1,3,Sales Representative,1,Divorced,13997.0,13847,1,Y,Yes,22,3,2,80,2,38,6,2,27,27,2,6
706,58,No,Travel_Rarely,Human Resources,17,5,Medical,1,4,Female,1,4,Manager,2,Single,11635.0,23752,8,Y,No,14,3,4,80,1,2,5,4,4,1,13,4
707,41,No,Travel_Rarely,Research & Development,24,4,Medical,1,3,Male,4,1,Laboratory Technician,2,Single,14648.0,18440,3,Y,No,24,4,4,80,1,36,1,4,20,16,0,10
708,19,No,Travel_Frequently,Research & Development,4,4,Other,1,1,Male,1,1,Manager,1,Divorced,8148.0,12084,2,Y,No,13,3,3,80,3,11,2,4,17,17,2,17
709,57,No,Non-Travel,Sales,26,2,Technical Degree,1,2,male,3,5,Sales Representative,2,Single,19748.0,9472,0,Y,No,18,3,4,80,2,19,1,4,5,3,11,3
710,32,No,Travel_Rarely,Research & Development,24,1,Life Sciences,1,4,Male,4,4,Healthcare Representative,4,Married,15022.0,20953,1,Y,No,14,4,1,80,2,22,6,4,28,15,15,6
711,49,No,Travel_Rarely,Research & Development,26,5,Other,1,1,Male,2,1,Manufacturing Director,3,Single,6919.0,22464,5,Y,No,25,3,3,80,0,21,4,1,18,16,3,3
712,56,No,Travel_Rarely,Research & Development,14,4,Life Sciences,1,2,Female,2,3,Manufacturing Director,2,Married,16886.0,17596,8,Y,No,21,3,3,80,2,31,6,3,32,15,7,9
713,23,No,Travel_Rarely,Research & Development,27,5,Medical,1,2,Female,3,4,Healthcare Representative,1,Married,7638.0,24761,4,Y,No,14,3,2,80,2,6,4,2,0,0,8,0
714,18,No,Non-Travel,Research & Development,20,1,Other,1,2,Female,4,2,Research Scientist,3,Single,5651.0,20332,3,Y,No,18,3,4,80,2,21,4,4,2,2,3,16
715,40,No,Travel_Rarely,Research & Development,4,3,Other,1,3,Male,4,4,Manager,3,Married,1609.0,18606,4,Y,No,11,3,2,80,1,1,0,2,20,7,12,4
716,56,No,Travel_Rarely,Human Resources,28,1,Life Sciences,1,1,Male,1,4,Human Resources,2,Married,8940.0,11831,8,Y,Yes,19,3,3,80,0,13,6,1,34,28,11,16
717,34,No,Travel_Rarely,Research & Development,14,5,Life Sciences,1,1,Female,2,1,Manager,4,Married,11348.0,7217,6,Y,Yes,24,4,4,80,2,15,6,3,40,40,6,2
718,51,No,Travel_Rarely,Human Resources,26,5,Human Resources,1,2,Female,2,5,Manager,2,Married,4866.0,15537,7,Y,No,17,3,2,80,2,23,1,4,39,35,0,8
719,58,Yes,Travel_Rarely,Sales,4,2,Life Sciences,1,4,Male,1,5,Sales Executive,4,Married,17755.0,11949,3,Y,No,25,3,4,80,2,6,5,1,2,1,8,2
720,46,No,Travel_Rarely,Research & Development,6,5,Other,1,1,Female,2,1,Manufacturing Director,3,Married,17999.0,11027,7,Y,No,22,3,3,80,1,3,3,1,24,11,10,2
721,26,No,Travel_Rarely,Human Resources,9,4,Marketing,1,3,Female,1,1,Manager,2,Married,3253.0,4536,5,Y,Yes,12,3,3,80,1,36,3,3,37,11,11,8
722,30,Yes,Non-Travel,Sales,21,2,Life Sciences,1,4,Male,2,1,Sales Representative,1,Married,5942.0,4525,4,Y,Yes,21,4,3,80,0,40,4,4,19,16,3,4
723,23,No,Travel_Rarely,Sales,12,5,Technical Degree,1,4,Female,2,5,Sales Representative,2,Married,13330.0,11176,6,Y,No,22,3,1,80,3,4,3,3,33,14,13,9
724,23,No,Non-Travel,Research & Development,29,1,Human Resources,1,4,Male,2,1,Research Director,4,Married,1864.0,19741,5,Y,No,16,3,2,80,0,1,2,3,20,8,13,14
725,37,No,Travel_Rarely,Research & Development,26,5,Technical Degree,1,4,Male,1,2,Manufacturing Director,4,Single,2268.0,6887,2,Y,Yes,18,3,2,80,1,4,1,2,22,6,8,11
726,20,No,Travel_Rarely,Research & Development,8,1,Technical Degree,1,1,Male,2,2,Healthcare Representative,2,Single,8454.0,26106,4,Y,No,21,3,3,80,2,2,1,2,5,1,13,5
727,34,No,Non-Travel,Sales,24,1,Marketing,1,2,Male,2,3,Sales Executive,4,Single,14666.0,24366,8,Y,No,15,3,2,80,2,7,1,3,12,11,2,6
728,29,No,Non-Travel,Research & Development,4,5,Human Resources,1,4,Female,4,2,Manufacturing Director,3,Divorced,13370.0,16847,6,Y,No,16,3,3,80,0,25,2,2,22,6,14,6
729,18,No,Non-Travel,Sales,27,1,Medical,1,3,Female,2,4,Sales Representative,2,Married,6229.0,13252,3,Y,No,22,3,2,80,2,9,5,1,8,1,10,3
730,34,No,Travel_Rarely,Sales,26,3,Other,1,3,Female,3,3,Manager,4,Married,17309.0,6477,6,Y,No,20,3,4,80,1,33,0,3,16,14,12,12
731,20,No,Non-Travel,Sales,25,2,Other,1,2,Male,2,2,Sales Executive,2,Single,19621.0,19755,4,Y,No,18,3,2,80,0,35,2,4,1,1,14,14
732,43,No,Travel_Frequently,Research & Development,25,5,Life Sciences,1,1,Male,2,4,Research Scientist,2,Single,5054.0,21608,1,Y,No,23,3,3,80,3,11,1,4,18,5,4,17
733,-1,Yes,Travel_Rarely,Research & Development,5,3,Other,1,2,Male,4,2,Laboratory Technician,1,Divorced,1935.0,20258,5,Y,Yes,16,3,2,80,1,19,1,1,18,11,0,17
734,53,No,Travel_Rarely,Research & Development,6,1,Marketing,1,4,Male,4,4,Manufacturing Director,2,Divorced,13172.0,21745,6,Y,No,22,4,4,80,1,28,6,4,6,2,10,6
735,49,Yes,Non-Travel,Research & Development,5,1,Other,1,1,Male,1,1,Research Scientist,1,Single,11530.0,18095,7,Y,Yes,19,3,4,80,2,13,1,4,19,19,2,9
736,49,No,Travel_Rarely,Research & Development,19,2,Marketing,1,1,Male,1,4,Healthcare Representative,4,Divorced,16560.0,8104,5,Y,Yes,25,4,4,80,1,4,5,3,8,2,4,15
737,21,Yes,Travel_Rarely,Research & Development,27,3,Medical,1,4,Male,3,1,Manufacturing Director,1,Married,17156.0,3142,7,Y,No,22,3,3,80,1,26,3,1,16,1,14,7
738,35,No,Travel_Rarely,Research & Development,8,3,Marketing,1,3,Male,4,4,Healthcare Representative,1,Married,17709.0,22693,6,Y,No,19,3,1,80,3,3,0,3,26,5,5,10
739,36,No,Travel_Rarely,Research & Development,9,5,Medical,1,4,Male,1,4,Healthcare Representative,1,Married,10726.0,14726,1,Y,No,19,3,3,80,2,28,2,1,1,1,12,5
740,60,No,Travel_Rarely,Research & Development,15,1,Medical,1,2,Male,1,2,Research Scientist,3,Married,8774.0,8898,5,Y,No,16,3,4,80,1,2,1,3,35,4,7,9
741,52,No,Travel_Rarely,Research & Development,4,4,Medical,1,4,Female,1,4,Manufacturing Director,1,Divorced,2985.0,19972,8,Y,No,22,3,2,80,2,32,6,3,18,17,0,13
742,57,Yes,Travel_Rarely,Research & Development,25,5,Marketing,1,3,Male,4,2,Manager,2,Single,15252.0,14177,5,Y,No,25,3,4,80,1,29,6,2,16,15,14,5
743,31,No,Travel_Rarely,Research & Development,9,5,Medical,1,4,Male,4,4,Research Director,1,Single,5603.0,14916,3,Y,No,22,3,1,80,3,35,4,4,4,0,2,3
744,50,No,Travel_Rarely,Research & Development,7,5,Marketing,1,2,Female,3,5,Research Scientist,2,Single,16960.0,23382,6,Y,No,19,3,1,80,2,8,0,1,38,31,0,14
745,31,No,Travel_Rarely,Sales,8,2,Human Resources,1,2,Female,4,3,Sales Executive,1,Married,10462.0,11662,2,Y,Yes,13,3,4,80,2,0,6,4,17,10,4,4
746,51,No,Travel_Rarely,Research & Development,15,2,Medical,1,3,Female,4,2,Manager,3,Married,15166.0,14106,4,Y,No,15,3,3,80,3,22,4,2,6,1,7,15
747,21,No,Travel_Rarely,Research & Development,19,5,Marketing,1,2,Male,4,2,Manufacturing Director,4,Single,8754.0,14682,0,Y,No,12,3,1,80,0,2,0,1,16,11,3,6
748,41,Yes,Non-Travel,Research & Development,15,4,Marketing,1,2,Male,3,1,Manufacturing Director,1,Married,15246.0,6342,9,Y,No,22,3,4,80,1,31,1,2,38,27,12,1
749,46,No,Travel_Rarely,Human Resources,5,3,Marketing,1,4,Female,2,5,Manager,1,Married,5078.0,17240,2,Y,No,23,3,3,80,1,23,0,4,35,5,10,12
750,36,Yes,Travel_Rarely,Research & Development,19,3,Life Sciences,1,1,Female,2,1,Healthcare Representative,3,Married,,5362,7,Y,No,23,3,2,80,0,5,0,3,39,19,8,1
751,23,No,Non-Travel,Sales,7,1,Life Sciences,1,2,Male,1,5,Manager,1,Married,18751.0,16583,8,Y,No,18,3,3,80,2,12,1,2,3,0,5,8
752,50,No,Travel_Frequently,Human Resources,6,3,Medical,1,2,Male,2,5,Manager,2,Married,5042.0,3636,8,Y,No,21,3,1,80,2,14,5,2,37,22,5,4
753,57,No,Travel_Rarely,Research & Development,27,3,Other,1,3,Male,2,4,Manager,1,Single,17284.0,16934,9,Y,No,23,3,3,80,3,29,6,3,24,8,10,2
754,36,No,Travel_Rarely,Research & Development,19,4,Human Resources,1,3,Male,3,1,Manufacturing Director,1,Married,15389.0,13104,1,Y,Yes,14,3,3,80,3,11,4,4,4,1,4,1
755,18,No,Travel_Rarely,Sales,25,3,Other,1,4,Female,3,3,Manager,4,Single,3575.0,24611,3,Y,No,16,4,2,80,3,39,5,2,29,26,12,13
756,22,No,Non-Travel,Research & Development,28,4,Medical,1,4,Male,2,5,Research Scientist,4,Single,7754.0,17108,4,Y,No,16,3,4,80,0,34,4,4,11,5,9,7
757,44,Yes,Travel_Rarely,Research & Development,17,2,Technical Degree,1,2,Female,2,5,Laboratory Technician,1,Single,18965.0,19628,2,Y,Yes,15,4,3,80,0,27,3,3,3,1,4,11
758,33,No,Travel_Rarely,Research & Development,10,4,Technical Degree,1,1,Male,2,2,Research Director,3,Single,2986.0,13929,0,Y,No,22,3,2,80,2,3,6,1,23,21,10,16
759,23,No,Travel_Rarely,Research & Development,19,2,Human Resources,1,1,Female,1,4,Research Scientist,4,Married,19624.0,12789,5,Y,No,22,4,1,80,3,6,4,2,28,7,6,15
760,57,No,Travel_Rarely,Research & Development,11,4,Human Resources,1,4,Male,3,3,Manufacturing Director,1,Divorced,16470.0,25298,9,Y,Yes,11,3,4,80,2,15,4,4,8,3,7,5
761,30,No,Travel_Frequently,Sales,15,5,Human Resources,1,3,Male,2,5,Sales Executive,4,Single,6968.0,15268,1,Y,Yes,21,3,1,80,0,21,0,3,3,2,6,5
762,52,No,Travel_Rarely,Research & Development,10,2,Life Sciences,1,2,Male,4,2,Laboratory Technician,1,Divorced,8493.0,23690,8,Y,No,17,3,4,80,1,40,3,3,23,13,0,17
763,36,No,Travel_Rarely,Sales,11,2,Life Sciences,1,2,Female,2,1,Sales Representative,4,Single,5103.0,12704,0,Y,No,20,3,3,80,2,24,1,2,13,6,0,1
764,29,No,Travel_Rarely,Research & Development,23,3,Technical Degree,1,1,Male,4,5,Healthcare Representative,4,Married,3076.0,6514,8,Y,No,25,3,3,80,0,2,1,1,4,4,9,7
765,33,No,Travel_Rarely,Sales,3,2,Human Resources,1,4,Male,1,2,Sales Executive,2,Married,,16422,6,Y,No,18,4,4,80,3,21,2,2,17,17,5,13
766,60,No,Travel_Rarely,Research & Development,3,4,Marketing,1,1,Female,4,1,Healthcare Representative,1,Divorced,4744.0,26834,9,Y,No,11,4,1,80,1,30,3,4,18,1,2,1
767,27,No,Non-Travel,Research & Development,18,5,Other,1,1,Male,3,4,Research Scientist,1,Single,15466.0,17540,1,Y,No,20,3,1,80,1,36,0,3,11,10,15,16
768,42,No,Travel_Rarely,Research & Development,25,5,Technical Degree,1,4,Female,1,1,Manager,1,Single,15523.0,20742,5,Y,No,17,4,1,80,1,21,2,1,17,7,12,15
769,37,No,Travel_Rarely,Research & Development,11,3,Human Resources,1,3,Female,1,5,Manager,1,Single,6594.0,7615,7,Y,No,14,4,3,80,3,26,2,4,16,0,11,17
770,48,No,Travel_Rarely,Research & Development,20,4,Marketing,1,2,Female,2,3,Manager,4,Married,8531.0,19652,1,Y,Yes,16,3,4,80,1,1,1,2,29,26,8,5
771,21,No,Travel_Rarely,Sales,26,4,Human Resources,1,3,Male,1,1,Sales Executive,2,Divorced,8371.0,16840,4,Y,No,19,3,4,80,0,21,4,3,23,21,10,16
772,40,No,Travel_Rarely,Research & Development,29,1,Medical,1,4,Male,1,3,Manager,2,Divorced,15547.0,4376,5,Y,No,25,3,1,80,2,16,0,2,10,1,6,17
773,19,No,Non-Travel,Sales,22,2,Marketing,1,4,Female,4,3,Sales Executive,3,Married,19028.0,26771,2,Y,Yes,15,3,3,80,1,19,3,1,34,6,1,13
774,39,Yes,Non-Travel,Research & Development,18,3,Other,1,2,Male,2,1,Healthcare Representative,1,Married,4144.0,21480,1,Y,Yes,18,3,4,80,1,23,2,1,22,16,11,9
775,54,No,Travel_Rarely,Research & Development,25,5,Medical,1,3,Male,3,4,Research Director,3,Divorced,14990.0,22019,5,Y,No,15,3,4,80,0,30,0,1,16,13,13,3
776,25,Yes,Travel_Rarely,Sales,15,1,Life Sciences,1,2,Female,2,1,Manager,4,Married,15083.0,18945,2,Y,Yes,12,3,1,80,3,7,1,1,0,0,2,17
777,24,No,Travel_Rarely,Sales,7,4,Technical Degree,1,1,Male,3,2,Sales Executive,3,Single,17626.0,13641,1,Y,Yes,14,3,1,80,1,4,2,1,14,7,7,10
778,31,No,Travel_Rarely,Research & Development,10,2,Human Resources,1,1,Female,4,3,Healthcare Representative,1,Divorced,8954.0,17232,0,Y,No,24,4,4,80,0,1,2,2,31,6,12,15
779,20,No,Travel_Rarely,Research & Development,21,5,Technical Degree,1,1,Female,1,5,Laboratory Technician,2,Single,8269.0,13558,7,Y,No,12,3,3,80,0,3,5,1,8,5,13,3
780,33,Yes,Travel_Rarely,Research & Development,23,1,Other,1,3,Female,1,3,Healthcare Representative,2,Single,8130.0,13315,0,Y,No,17,3,2,80,3,34,1,1,14,8,14,5
781,36,No,Non-Travel,Research & Development,20,4,Human Resources,1,1,Male,2,5,Manager,1,Single,7828.0,13083,4,Y,No,17,3,4,80,3,33,5,3,27,2,0,7
782,35,No,Travel_Rarely,Research & Development,29,5,Medical,1,2,Male,2,2,Laboratory Technician,4,Married,9844.0,26615,5,Y,No,24,3,4,80,2,2,1,1,23,5,14,17
783,33,No,Non-Travel,Sales,10,5,Marketing,1,3,Male,2,2,Manager,1,Married,15220.0,26123,2,Y,No,25,3,3,80,1,19,1,3,34,19,4,17
784,25,No,Travel_Rarely,Research & Development,13,4,Marketing,1,2,Male,1,2,Research Director,4,Single,7331.0,25255,6,Y,Yes,13,3,4,80,2,8,5,3,21,1,9,15
785,50,No,Travel_Rarely,Sales,15,4,Human Resources,1,4,Male,1,1,Sales Executive,2,Married,14397.0,4504,1,Y,No,24,3,2,80,0,5,6,3,26,16,0,6
786,29,No,Travel_Rarely,Human Resources,23,3,Medical,1,3,Male,4,3,Manager,4,Married,18883.0,25405,6,Y,No,23,4,3,80,1,4,0,2,18,11,11,16
787,28,No,Travel_Rarely,Research & Development,18,5,Human Resources,1,2,Male,3,5,Research Director,1,Divorced,11291.0,24355,1,Y,No,17,3,2,80,0,40,0,2,11,11,8,2
788,22,No,Travel_Rarely,Research & Development,23,4,Human Resources,1,2,Male,2,2,Manufacturing Director,1,Married,19542.0,26260,4,Y,No,25,3,2,80,0,37,6,4,19,16,6,14
789,44,No,Travel_Rarely,Research & Development,4,1,Human Resources,1,3,Female,1,2,Research Scientist,1,Married,,12068,6,Y,No,11,3,4,80,0,34,0,4,0,0,4,3
790,29,No,Travel_Rarely,Human Resources,20,2,Marketing,1,4,Male,3,5,Human Resources,4,Married,11450.0,22481,2,Y,No,11,4,2,80,3,30,4,3,20,9,5,15
791,34,Yes,Non-Travel,Sales,17,3,Other,1,3,Male,2,3,Sales Representative,4,Single,3035.0,11684,3,Y,No,19,3,4,80,3,12,2,2,0,0,10,13
792,23,No,Travel_Frequently,Research & Development,28,4,Human Resources,1,1,Female,2,3,Research Director,4,Single,12463.0,11321,0,Y,No,16,3,4,80,1,25,0,1,9,2,14,16
793,50,No,Non-Travel,Research & Development,3,2,Marketing,1,1,Female,3,5,Manufacturing Director,2,Married,8977.0,12455,2,Y,No,23,3,3,80,0,21,4,4,31,19,2,8
794,22,No,Travel_Rarely,Research & Development,21,3,Life Sciences,1,4,Male,3,4,Manager,3,Single,18241.0,15064,8,Y,No,24,4,3,80,0,31,2,2,38,17,2,6
795,45,No,Travel_Rarely,Sales,21,5,Medical,1,2,Female,3,3,Sales Representative,3,Single,13182.0,8822,9,Y,No,22,3,3,80,1,14,0,1,21,12,15,13
796,31,No,Travel_Rarely,Research & Development,2,2,Life Sciences,1,2,Male,1,5,Manufacturing Director,1,Married,1298.0,24262,4,Y,No,15,3,4,80,2,10,1,1,17,11,6,11
797,22,Yes,Travel_Rarely,Human Resources,4,3,Human Resources,1,2,Male,4,5,Manager,2,Single,1923.0,22893,7,Y,Yes,23,3,2,80,0,15,6,2,31,26,6,16
798,50,Yes,Non-Travel,Research & Development,1,4,Marketing,1,3,Female,2,2,Laboratory Technician,4,Single,14331.0,14497,1,Y,Yes,16,4,2,80,3,5,3,4,26,26,6,8
799,58,No,Travel_Rarely,Research & Development,15,4,Medical,1,3,Female,2,5,Healthcare Representative,1,Married,7578.0,16251,2,Y,No,16,3,3,80,2,10,0,2,27,26,1,11
800,36,No,Travel_Rarely,Human Resources,25,3,Technical Degree,1,4,Male,3,1,Human Resources,2,Married,5875.0,24570,6,Y,No,11,4,3,80,2,9,3,4,17,16,1,11
801,39,No,Travel_Rarely,Research & Development,1,5,Medical,1,1,Female,1,2,Research Scientist,1,Divorced,13254.0,12377,9,Y,Yes,15,3,4,80,2,15,0,3,38,35,10,7
802,22,No,Travel_Rarely,Sales,6,3,Medical,1,2,Female,3,2,Sales Representative,2,Married,19186.0,21944,3,Y,Yes,19,3,1,80,2,11,1,2,28,22,11,9
803,19,No,Non-Travel,Research & Development,7,1,Human Resources,1,1,Female,1,3,Research Scientist,2,Married,11905.0,7679,8,Y,No,14,3,1,80,2,6,6,2,17,9,4,11
804,47,No,Travel_Rarely,Research & Development,19,3,Life Sciences,1,3,Male,4,4,Manager,3,Married,14353.0,21069,6,Y,No,13,3,4,80,2,38,6,4,7,2,3,4
805,56,No,Travel_Rarely,Research & Development,12,3,Life Sciences,1,3,Male,2,3,Manager,1,Single,16882.0,8612,0,Y,No,11,3,1,80,1,26,3,4,30,5,14,0
806,21,No,Travel_Rarely,  research & development  ,1,4,Technical Degree,1,3,Male,2,1,Manufacturing Director,4,Single,10663.0,23205,3,Y,No,24,3,1,80,1,23,4,2,33,5,6,8
807,50,No,Travel_Rarely,Human Resources,7,5,Human Resources,1,1,Male,1,2,Manager,3,Divorced,1941.0,18272,9,Y,No,25,3,1,80,2,14,1,1,6,2,15,14
808,30,No,Travel_Rarely,Human Resources,19,3,Medical,1,4,Male,4,2,Manager,3,Married,2907.0,26191,5,Y,Yes,12,3,3,80,3,5,3,1,35,33,2,1
809,37,No,Travel_Frequently,Research & Development,13,2,Other,1,4,Female,4,5,Research Scientist,4,Divorced,5837.0,3412,5,Y,No,13,3,2,80,1,18,3,1,17,3,4,3
810,24,No,Non-Travel,Sales,26,4,Life Sciences,1,3,Female,2,4,Manager,2,Married,14680.0,19605,9,Y,No,14,3,2,80,1,7,5,3,37,36,1,3
811,32,No,Travel_Rarely,Human Resources,12,4,Life Sciences,1,2,Female,2,4,Manager,4,Single,18627.0,4249,5,Y,Yes,17,4,3,80,2,35,5,3,8,0,0,2
812,40,No,Travel_Rarely,Research & Development,12,3,Marketing,1,1,Male,3,5,Research Scientist,1,Married,6696.0,4239,4,Y,No,16,3,3,80,3,12,1,4,8,7,8,15
813,31,No,Travel_Rarely,Sales,22,2,Medical,1,3,Male,1,1,Sales Executive,4,Married,17226.0,22586,2,Y,No,21,3,3,80,2,32,1,3,7,7,12,7
814,40,No,Travel_Rarely,Human Resources,13,3,Human Resources,1,1,Male,2,4,Manager,2,Married,14543.0,9873,1,Y,No,18,3,1,80,3,31,1,1,34,11,3,6
815,36,No,Travel_Rarely,Research & Development,28,2,Life Sciences,1,1,Male,4,2,Manufacturing Director,4,Married,13615.0,14614,2,Y,No,24,3,4,80,3,27,2,2,17,7,7,11
816,46,No,Travel_Frequently,Research & Development,14,4,Human Resources,1,4,Female,4,1,Laboratory Technician,2,Divorced,2466.0,25277,8,Y,No,19,3,4,80,0,39,4,3,4,2,12,11
817,-1,Yes,Travel_Rarely,Research & Development,22,2,Medical,1,3,Male,2,3,Manager,2,Divorced,19350.0,10835,2,Y,No,25,3,1,80,1,9,0,3,13,2,11,3
818,46,Yes,Non-Travel,Research & Development,12,3,Medical,1,4,Female,4,3,Manager,1,Divorced,1375.0,23787,2,Y,No,16,4,1,80,2,32,5,1,27,17,6,14
819,41,No,Travel_Rarely,Sales,20,1,Life Sciences,1,3,Male,1,1,Manager,4,Single,1262.0,16803,0,Y,No,17,3,3,80,1,0,6,3,29,20,13,5
820,35,No,Travel_Rarely,Research & Development,12,1,Technical Degree,1,1,Male,4,2,Healthcare Representative,4,Single,12580.0,14795,1,Y,No,14,3,3,80,1,20,6,4,3,2,11,2
821,27,Yes,Travel_Rarely,Research & Development,27,2,Human Resources,1,4,Female,4,3,Manufacturing Director,1,Single,11136.0,16441,2,Y,No,12,3,2,80,3,4,3,2,38,18,15,6
822,58,Yes,Travel_Rarely,Sales,6,3,Human Resources,1,1,Male,2,2,Sales Representative,2,Single,8833.0,17653,1,Y,No,19,3,3,80,1,0,5,1,19,14,0,5
823,25,No,Travel_Rarely,Research & Development,27,5,Marketing,1,3,Male,1,5,Laboratory Technician,4,Married,2893.0,7185,7,Y,No,19,3,1,80,0,20,0,4,24,5,9,0
824,43,No,Travel_Rarely,Research & Development,10,1,Medical,1,2,Male,1,4,Manager,1,Married,9106.0,22674,5,Y,Yes,25,4,2,80,2,24,1,1,27,15,10,7
825,46,No,Travel_Rarely,Research & Development,20,4,Medical,1,4,Female,3,1,Laboratory Technician,2,Married,12826.0,15499,6,Y,No,14,3,3,80,1,19,6,4,11,7,6,0
826,27,No,Travel_Rarely,Human Resources,29,3,Life Sciences,1,4,Female,1,4,Human Resources,1,Divorced,2652.0,22526,0,Y,No,22,4,2,80,2,8,5,2,1,1,1,15
827,34,No,Travel_Rarely,Research & Development,24,3,Life Sciences,1,1,Female,3,5,Research Director,4,Divorced,1599.0,11577,5,Y,Yes,13,3,2,80,1,15,4,2,13,1,2,2
828,19,No,Travel_Rarely,Research & Development,9,1,Life Sciences,1,1,Female,2,3,Manager,1,Single,19296.0,9152,1,Y,Yes,20,3,3,80,2,27,4,4,21,19,13,1
829,23,No,Travel_Rarely,Research & Development,2,5,Marketing,1,2,Female,4,2,Manufacturing Director,3,Divorced,9792.0,20968,5,Y,No,24,3,4,80,2,39,2,4,30,15,0,5
830,22,No,Travel_Frequently,Research & Development,7,4,Technical Degree,1,4,Female,1,2,Research Scientist,2,Married,4637.0,19985,2,Y,Yes,21,3,1,80,2,35,5,4,22,10,6,7
831,45,No,Travel_Rarely,Sales,9,5,Life Sciences,1,3,Male,3,5,Sales Executive,3,Married,11355.0,15798,6,Y,Yes,16,3,1,80,1,38,1,4,19,6,2,6
832,58,Yes,Travel_Rarely,Research & Development,25,4,Life Sciences,1,3,Male,1,1,Manufacturing Director,3,Divorced,16989.0,23326,2,Y,No,24,4,2,80,0,23,3,4,37,11,5,6
833,22,No,Travel_Rarely,Sales,12,1,Other,1,4,Male,2,4,Manager,2,Single,10290.0,24082,8,Y,Yes,24,3,4,80,2,15,2,4,3,0,14,17
834,35,No,Non-Travel,Sales,5,3,Life Sciences,1,4,Female,3,3,Sales Representative,2,Divorced,,19191,2,Y,No,13,3,4,80,3,13,1,2,14,9,11,2
835,43,No,Non-Travel,Research & Development,1,4,Marketing,1,4,Male,3,1,Laboratory Technician,1,Married,15342.0,12851,6,Y,No,11,4,3,80,3,33,2,4,23,6,12,10
836,37,No,Travel_Rarely,Research & Development,22,3,Human Resources,1,2,Male,3,5,Healthcare Representative,2,Divorced,14945.0,25729,3,Y,No,14,3,3,80,3,23,5,3,24,13,6,10
837,58,Yes,Non-Travel,Human Resources,15,2,Technical Degree,1,3,Female,2,5,Human Resources,3,Divorced,11762.0,10306,7,Y,No,11,3,1,80,0,10,0,2,0,0,14,2
838,44,No,Travel_Rarely,Research & Development,8,2,Human Resources,1,3,Male,3,2,Research Director,3,Married,15312.0,21111,1,Y,No,12,3,3,80,2,35,6,1,6,6,2,0
839,29,No,Travel_Rarely,Research & Development,1,1,Other,1,1,Female,4,3,Manufacturing Director,4,Single,8382.0,14918,7,Y,No,13,3,3,80,0,0,5,2,30,0,1,9
840,24,No,Travel_Rarely,Research & Development,18,1,Medical,1,1,Female,2,1,Laboratory Technician,2,Single,9982.0,14484,8,Y,No,18,3,2,80,2,11,1,1,11,0,8,1
841,20,No,Travel_Rarely,Sales,13,1,Medical,1,4,Male,4,2,Sales Executive,3,Married,8707.0,14093,7,Y,No,20,3,4,80,0,20,3,1,4,3,8,16
842,27,No,Non-Travel,Research & Development,29,2,Life Sciences,1,1,Female,4,3,Healthcare Representative,4,Single,18130.0,10165,5,Y,No,14,4,4,80,2,8,3,3,37,20,14,8
843,51,No,Travel_Rarely,Sales,1,4,Other,1,2,Female,2,4,Manager,4,Divorced,5633.0,17084,9,Y,No,14,3,3,80,3,38,1,4,11,4,6,17
844,42,No,Travel_Rarely,Human Resources,5,5,Human Resources,1,3,Male,1,4,Manager,1,Single,18304.0,12920,0,Y,No,23,3,3,80,2,2,2,4,38,23,13,8
845,52,No,Travel_Frequently,Sales,18,1,Marketing,1,3,Female,4,2,Manager,3,Divorced,,16327,6,Y,No,20,3,3,80,0,15,4,2,17,6,4,10
846,33,Yes,Travel_Frequently,Research & Development,16,5,Technical Degree,1,1,Female,2,1,Laboratory Technician,1,Married,14778.0,22555,0,Y,No,19,4,1,80,2,3,1,4,1,0,3,16
847,19,Yes,Travel_Rarely,Sales,26,5,Human Resources,1,4,Male,4,3,Manager,3,Single,8008.0,14574,6,Y,No,17,3,1,80,1,25,6,3,9,9,14,13
848,41,No,Travel_Rarely,Human Resources,10,2,Other,1,1,Male,3,4,Manager,1,Married,16523.0,3568,1,Y,No,12,3,2,80,2,12,5,2,14,0,3,17
849,27,No,Non-Travel,Research & Development,4,4,Other,1,4,Male,4,4,Research Director,1,Married,19765.0,19125,7,Y,No,13,3,1,80,3,19,3,2,29,28,15,17
850,55,No,Non-Travel,Research & Development,1,2,Human Resources,1,2,Male,4,1,Laboratory Technician,2,Married,4618.0,11922,1,Y,Yes,14,3,4,80,2,18,0,2,16,6,0,11
851,39,No,Travel_Rarely,Sales,23,1,Technical Degree,1,3,Male,4,2,Sales Representative,1,Married,1272.0,24821,2,Y,No,14,3,1,80,1,26,3,4,3,0,3,17
852,43,No,Travel_Rarely,Research & Development,8,2,Human Resources,1,2,Female,3,5,Manufacturing Director,2,Single,14007.0,6904,2,Y,No,20,3,4,80,1,1,4,4,6,6,14,7
853,60,No,Travel_Rarely,Sales,5,2,Human Resources,1,3,Male,4,3,Sales Representative,4,Married,19157.0,4933,0,Y,No,18,4,1,80,1,9,3,4,40,23,6,7
854,56,No,Travel_Rarely,Research & Development,2,2,Technical Degree,1,2,Female,2,4,Research Scientist,3,Married,3547.0,6509,4,Y,Yes,20,3,1,80,0,24,4,2,30,10,13,7
855,44,No,Travel_Rarely,Sales,24,1,Marketing,1,1,Male,4,5,Sales Executive,4,Divorced,4164.0,6526,4,Y,No,24,3,2,80,1,18,6,2,38,8,4,14
856,46,No,Non-Travel,Sales,17,1,Other,1,2,Male,2,1,Sales Representative,3,Divorced,15414.0,7909,9,Y,No,20,3,3,80,0,14,1,1,33,11,8,7
857,55,No,Travel_Rarely,Sales,7,2,Technical Degree,1,2,Female,4,2,Sales Executive,4,Single,15327.0,23733,4,Y,No,16,3,3,80,1,38,3,1,5,2,3,13
858,37,No,Non-Travel,Research & Development,17,2,Life Sciences,1,1,Female,4,3,Laboratory Technician,3,Single,16576.0,5167,8,Y,No,13,4,3,80,0,23,2,4,37,3,10,12
859,44,No,Travel_Rarely,Research & Development,28,5,Life Sciences,1,3,Male,4,1,Research Director,1,Married,1946.0,12110,5,Y,No,21,3,2,80,1,15,5,2,33,27,2,7
860,58,No,Travel_Rarely,Sales,6,4,Life Sciences,1,3,Male,1,2,Manager,3,Divorced,15693.0,25990,5,Y,No,19,3,4,80,1,16,2,4,14,8,5,16
861,37,No,Travel_Frequently,Research & Development,29,5,Life Sciences,1,1,Female,1,1,Laboratory Technician,3,Married,17890.0,20602,2,Y,No,20,3,1,80,2,15,5,4,13,12,3,5
862,36,No,Travel_Rarely,Research & Development,22,4,Medical,1,2,Male,3,4,Research Director,4,Single,16540.0,3340,4,Y,No,18,4,2,80,1,17,3,1,5,2,10,16
863,37,No,Non-Travel,Research & Development,15,4,Marketing,1,2,Male,2,4,Research Scientist,4,Single,7719.0,26393,9,Y,No,19,4,4,80,2,3,6,3,36,36,12,3
864,52,No,Non-Travel,Research & Development,5,2,Medical,1,2,Male,3,5,Healthcare Representative,4,Single,9435.0,23023,6,Y,No,25,3,2,80,1,1,3,4,31,6,1,6
865,19,No,Travel_Rarely,Research & Development,15,5,Human Resources,1,4,Female,2,1,Healthcare Representative,2,Married,12350.0,3514,2,Y,No,15,3,2,80,1,30,5,3,2,0,4,16
866,47,No,Travel_Frequently,Research & Development,18,4,Human Resources,1,3,Male,3,4,Research Scientist,2,Married,4590.0,19795,1,Y,Yes,13,3,4,80,2,1,6,3,2,1,13,17
867,51,No,Travel_Rarely,Sales,18,4,Technical Degree,1,2,Male,3,2,Sales Executive,3,Married,11064.0,9724,4,Y,No,14,3,3,80,2,1,0,2,21,6,12,5
868,39,Yes,Travel_Rarely,Sales,25,1,Life Sciences,1,3,Male,4,5,Sales Executive,3,Single,18576.0,6167,2,Y,No,24,3,1,80,0,14,6,2,21,10,3,9
869,20,Yes,Travel_Rarely,Research & Development,21,4,Technical Degree,1,2,Female,4,3,Research Director,1,Single,18848.0,19406,4,Y,No,23,3,3,80,3,28,3,4,9,1,14,17
870,23,Yes,Travel_Rarely,Human Resources,21,2,Human Resources,1,1,Male,4,1,Human Resources,1,Married,1390.0,12478,8,Y,No,22,3,2,80,2,33,0,1,2,2,4,6
871,32,No,Travel_Frequently,Research & Development,23,3,Life Sciences,1,1,Male,4,4,Research Scientist,3,Divorced,13668.0,21142,9,Y,No,15,3,4,80,0,39,0,1,11,8,11,13
872,44,No,Non-Travel,Sales,6,1,Other,1,3,Male,4,2,Sales Representative,2,Married,12569.0,13963,0,Y,Yes,19,3,2,80,1,31,5,4,28,10,8,13
873,27,No,Travel_Rarely,Research & Development,2,3,Marketing,1,3,Male,3,1,Research Director,3,Divorced,14029.0,11304,3,Y,No,19,3,3,80,2,20,0,4,16,1,3,9
874,26,No,Non-Travel,Research & Development,27,2,Human Resources,1,1,Female,2,2,Manufacturing Director,1,Married,14107.0,6808,9,Y,No,24,3,3,80,2,29,0,1,6,6,5,8
875,50,No,Travel_Rarely,Sales,17,3,Other,1,4,Female,1,5,Manager,2,Single,3560.0,10833,4,Y,No,13,3,3,80,1,23,1,3,12,3,3,9
876,49,Yes,Travel_Rarely,Sales,21,4,Technical Degree,1,1,Female,1,4,Sales Representative,2,Single,6867.0,8733,1,Y,Yes,17,3,1,80,1,13,6,4,1,0,0,1
877,23,No,Travel_Rarely,Research & Development,4,3,Other,1,2,Female,2,4,Research Scientist,1,Married,16284.0,12429,1,Y,No,16,3,3,80,1,27,2,3,3,0,14,2
878,58,No,Non-Travel,Research & Development,12,5,Technical Degree,1,4,Female,1,5,Manager,3,Married,2211.0,6907,0,Y,No,25,3,1,80,1,13,0,4,9,1,1,15
879,53,No,Non-Travel,Sales,19,2,Human Resources,1,1,Male,3,2,Manager,4,Married,10121.0,13678,7,Y,No,14,3,1,80,3,33,2,4,38,15,5,9
880,19,Yes,Travel_Rarely,Sales,2,5,Medical,1,4,Female,2,1,Sales Executive,3,Married,2539.0,5225,1,Y,No,15,3,3,80,2,13,0,3,23,6,7,10
881,46,No,Travel_Rarely,Sales,26,3,Marketing,1,4,Male,2,2,Sales Executive,3,Married,18027.0,3014,2,Y,No,24,4,4,80,1,24,2,3,16,12,8,9
882,21,Yes,Travel_Rarely,Research & Development,2,5,Other,1,4,Female,1,1,Research Director,1,Single,9693.0,8768,1,Y,Yes,25,3,2,80,1,11,3,1,5,4,3,11
883,18,No,Travel_Rarely,Sales,14,1,Other,1,3,Male,1,5,Sales Executive,2,Divorced,9921.0,7458,3,Y,No,20,3,2,80,3,40,3,4,18,16,5,13
884,36,Yes,Non-Travel,Sales,15,3,Human Resources,1,1,Female,3,3,Sales Representative,1,Married,18667.0,4021,0,Y,No,12,3,1,80,2,39,2,2,4,4,2,8
885,43,No,Travel_Rarely,Research & Development,20,5,Human Resources,1,3,Male,4,1,Manufacturing Director,3,Married,11310.0,21060,2,Y,Yes,21,3,1,80,0,19,6,2,31,11,11,12
886,42,No,Travel_Rarely,Sales,2,4,Technical Degree,1,3,Female,2,4,Sales Representative,4,Married,13744.0,13128,4,Y,No,17,3,1,80,2,6,0,4,9,2,8,5
887,27,No,Travel_Frequently,Research & Development,4,3,Life Sciences,1,2,Female,4,4,Healthcare Representative,4,Married,5386.0,5106,9,Y,No,24,3,2,80,0,14,1,4,8,6,7,10
888,32,No,Travel_Rarely,Sales,19,1,Life Sciences,1,2,Female,1,4,Sales Executive,4,Single,18303.0,10975,0,Y,Yes,14,3,1,80,3,8,6,4,26,5,15,0
889,39,Yes,Travel_Rarely,Sales,9,4,Life Sciences,1,4,Female,2,2,Manager,1,Married,13242.0,10862,3,Y,No,12,3,4,80,1,3,2,3,12,7,11,14
890,38,No,Travel_Rarely,Sales,7,3,Technical Degree,1,4,Male,4,2,Sales Representative,2,Married,19723.0,12961,5,Y,No,21,3,4,80,3,30,6,2,18,12,14,6
891,39,No,Non-Travel,Research & Development,13,4,Life Sciences,1,2,Male,3,2,Research Scientist,1,Married,15257.0,12765,3,Y,No,16,3,1,80,2,22,4,2,20,4,0,10
892,53,No,Travel_Rarely,Research & Development,27,3,Human Resources,1,2,Female,3,4,Research Scientist,4,Single,9947.0,4584,6,Y,No,21,3,2,80,1,5,1,2,23,1,12,16
893,51,No,Travel_Frequently,Research & Development,12,3,Medical,1,1,Female,3,1,Laboratory Technician,3,Single,14946.0,6942,6,Y,No,22,3,3,80,2,27,4,4,37,10,1,4
894,47,No,Non-Travel,Research & Development,3,2,Medical,1,4,Male,2,4,Manager,2,Single,6930.0,3277,5,Y,No,12,3,2,80,0,11,2,3,3,3,9,8
895,42,No,Travel_Rarely,Research & Development,13,5,Medical,1,4,Male,2,1,Manager,1,Married,6402.0,5043,8,Y,Yes,20,3,3,80,2,21,0,4,23,5,15,15
896,45,No,Non-Travel,Sales,15,3,Life Sciences,1,2,Male,2,2,Sales Representative,1,Divorced,17017.0,9370,1,Y,No,12,3,3,80,3,23,6,1,34,25,13,10
897,18,Yes,Travel_Rarely,Sales,14,1,Medical,1,1,Male,2,3,Sales Representative,2,Single,1507.0,13364,9,Y,No,17,3,1,80,3,33,6,1,2,2,8,16
898,21,No,Non-Travel,Research & Development,24,5,Other,1,2,Male,2,2,Research Scientist,2,Married,2436.0,15672,7,Y,No,11,3,4,80,3,18,4,2,3,0,15,5
899,24,No,Travel_Rarely,Sales,9,2,Life Sciences,1,2,Male,4,5,Sales Representative,3,Single,12618.0,24244,7,Y,No,17,3,1,80,1,23,6,4,36,18,9,14
900,26,No,Travel_Rarely,Sales,13,5,Other,1,3,Male,4,1,Sales Executive,2,Divorced,9750.0,22166,9,Y,Yes,20,3,3,80,2,19,2,1,39,5,2,2
901,53,No,Non-Travel,Sales,23,5,Human Resources,1,4,Male,3,3,Sales Executive,3,Single,17122.0,25441,3,Y,No,15,4,1,80,1,33,1,1,34,28,13,8
902,36,Yes,Non-Travel,Sales,22,3,Other,1,1,Male,4,2,Sales Representative,4,Single,8354.0,10369,5,Y,No,11,3,3,80,2,26,0,4,30,10,2,11
903,18,Yes,Travel_Rarely,Sales,4,1,Human Resources,1,3,Male,4,3,Sales Representative,4,Single,12294.0,10467,5,Y,No,16,4,1,80,0,28,4,3,24,6,9,17
904,27,No,Travel_Rarely,Research & Development,21,3,Technical Degree,1,4,Male,3,4,Research Scientist,1,Divorced,14840.0,15953,4,Y,No,17,3,4,80,2,0,6,4,39,1,8,15
905,53,No,Non-Travel,Research & Development,8,1,Technical Degree,1,2,Female,3,1,Laboratory Technician,4,Married,5399.0,21865,0,Y,No,11,4,4,80,2,35,2,4,12,2,13,7
906,26,No,Travel_Frequently,Research & Development,3,1,Other,1,1,Male,1,5,Laboratory Technician,4,Single,6037.0,13551,2,Y,No,19,3,2,80,2,38,0,3,3,3,2,4
907,59,No,Travel_Rarely,Research & Development,2,4,Marketing,1,4,Female,3,4,Laboratory Technician,3,Single,16848.0,24156,6,Y,No,25,4,3,80,2,6,0,2,13,9,14,11
908,49,No,Travel_Rarely,Research & Development,19,3,Human Resources,1,2,Female,4,3,Healthcare Representative,1,Single,4715.0,17884,7,Y,No,17,3,3,80,0,19,3,2,12,5,9,5
909,49,No,Travel_Rarely,Sales,28,2,Life Sciences,1,3,Male,2,2,Sales Executive,2,Single,15877.0,11616,1,Y,No,11,3,1,80,1,19,0,2,26,16,11,11
910,23,No,Travel_Rarely,Research & Development,23,5,Marketing,1,1,Male,3,1,Manager,1,Divorced,8837.0,23720,2,Y,Yes,13,3,2,80,3,24,2,3,5,0,10,14
911,55,No,Travel_Rarely,Research & Development,8,4,Human Resources,1,4,Male,1,5,Manufacturing Director,4,Married,2301.0,17829,3,Y,Yes,15,3,4,80,2,20,1,1,16,4,4,9
912,34,No,Travel_Frequently,Sales,17,2,Life Sciences,1,3,Male,4,2,Manager,2,Married,8370.0,22506,4,Y,No,14,3,1,80,3,8,5,3,35,27,5,16
913,27,No,Non-Travel,Research & Development,13,3,Human Resources,1,2,Male,1,5,Manager,1,Married,19539.0,21344,2,Y,Yes,12,3,2,80,3,26,3,4,39,29,2,6
914,44,No,Travel_Rarely,Research & Development,7,1,Human Resources,1,2,Male,1,1,Manufacturing Director,1,Married,7411.0,9897,4,Y,No,25,3,4,80,3,27,2,3,34,6,13,6
915,52,No,Non-Travel,Research & Development,9,3,Life Sciences,1,4,Female,4,3,Healthcare Representative,1,Single,7365.0,4469,7,Y,Yes,11,3,1,80,3,24,2,1,16,8,9,10
916,38,Yes,Travel_Rarely,Research & Development,12,3,Human Resources,1,2,Male,1,5,Laboratory Technician,1,Single,16449.0,16836,7,Y,Yes,14,3,4,80,2,35,2,1,40,24,7,1
917,42,No,Travel_Rarely,Sales,29,4,Human Resources,1,1,Female,4,1,Manager,3,Married,1692.0,9051,1,Y,No,17,3,3,80,3,33,4,4,1,0,1,1
918,45,No,Travel_Frequently,Human Resources,14,2,Human Resources,1,4,Male,1,5,Manager,1,Single,2478.0,12564,5,Y,No,21,3,2,80,2,1,6,2,12,0,5,13
919,32,No,Travel_Rarely,Research & Development,14,4,Technical Degree,1,3,Female,2,2,Healthcare Representative,4,Married,7396.0,22452,3,Y,No,14,4,4,80,0,8,4,1,1,0,1,17
920,21,No,Non-Travel,Sales,15,2,Medical,1,4,Male,3,5,Manager,4,Divorced,9448.0,23827,8,Y,No,19,4,2,80,1,18,1,1,27,5,8,15
921,46,No,Travel_Rarely,Research & Development,3,4,Human Resources,1,4,Male,2,2,Research Scientist,3,Single,11622.0,11782,9,Y,No,24,4,1,80,1,14,2,1,25,17,5,10
922,26,No,Travel_Rarely,Research & Development,15,5,Life Sciences,1,3,Male,2,2,Research Director,2,Divorced,17825.0,22764,1,Y,Yes,18,3,2,80,2,20,6,4,21,9,8,8
923,44,No,Travel_Rarely,Research & Development,19,1,Other,1,2,Female,1,1,Manufacturing Director,2,Single,11073.0,18003,7,Y,No,18,3,1,80,2,15,4,1,2,2,13,6
924,43,No,Travel_Frequently,Research & Development,24,1,Human Resources,1,3,Male,3,4,Laboratory Technician,4,Married,3646.0,4545,0,Y,No,15,4,2,80,1,1,4,2,34,32,3,3
925,36,No,Travel_Rarely,Research & Development,20,1,Technical Degree,1,1,Female,3,5,Manufacturing Director,4,Married,6209.0,9665,5,Y,No,22,3,1,80,3,25,4,4,11,0,11,15
926,45,No,Travel_Rarely,  research & development  ,14,5,Technical Degree,1,2,Female,3,3,Sales Representative,3,Married,7533.0,22033,9,Y,No,25,3,1,80,2,28,1,2,23,12,2,13
927,34,Yes,Non-Travel,Sales,8,5,Other,1,4,Female,1,2,Sales Representative,2,Single,8211.0,20198,0,Y,No,11,3,1,80,3,32,1,1,4,4,1,10
928,60,No,Travel_Rarely,Research & Development,5,1,Human Resources,1,2,Male,2,4,Research Director,2,Divorced,10927.0,5907,1,Y,Yes,25,3,4,80,2,33,2,1,19,19,7,7
929,58,No,Travel_Rarely,Research & Development,19,1,Marketing,1,2,Female,4,2,Manager,1,Divorced,12927.0,5731,2,Y,No,19,3,3,80,2,26,3,2,38,0,3,10
930,59,No,Travel_Rarely,Sales,4,2,Other,1,1,Female,4,4,Sales Representative,1,Single,10316.0,17283,8,Y,No,12,3,2,80,0,6,2,4,38,2,1,16
931,37,No,Travel_Rarely,Sales,14,2,Medical,1,2,Male,4,4,Manager,1,Divorced,13177.0,9685,4,Y,No,16,3,3,80,0,14,4,4,12,1,10,9
932,57,No,Non-Travel,Research & Development,16,3,Life Sciences,1,2,Male,3,3,Research Director,3,Married,11846.0,10273,9,Y,Yes,20,3,3,80,1,16,5,2,40,40,8,11
933,56,No,Travel_Rarely,Human Resources,20,4,Life Sciences,1,2,Female,4,4,Human Resources,4,Divorced,8933.0,13898,9,Y,No,24,3,3,80,0,8,6,1,11,10,11,0
934,40,No,Travel_Rarely,Research & Development,24,2,Life Sciences,1,4,Female,2,3,Laboratory Technician,3,Single,6476.0,15478,1,Y,Yes,15,3,3,80,0,12,4,3,12,0,7,1
935,49,No,Non-Travel,Sales,6,2,Life Sciences,1,2,Male,4,1,Sales Representative,2,Divorced,14853.0,13368,9,Y,No,20,3,2,80,1,31,0,2,9,6,4,17
936,50,No,Travel_Rarely,Sales,23,2,Technical Degree,1,3,Female,3,2,Sales Executive,4,Single,8928.0,12017,4,Y,No,23,3,2,80,3,1,5,2,32,28,7,6
937,22,Yes,Travel_Rarely,Sales,25,2,Medical,1,2,Male,3,3,Manager,1,Divorced,3080.0,16823,4,Y,No,25,3,3,80,0,31,5,2,39,35,4,15
938,60,No,Travel_Rarely,Human Resources,6,5,Human Resources,1,1,Male,4,2,Manager,3,Married,7089.0,24253,0,Y,No,18,4,2,80,3,19,6,1,15,4,12,12
939,51,No,Travel_Rarely,Sales,3,3,Human Resources,1,2,Male,3,5,Sales Executive,3,Married,8797.0,15621,2,Y,No,21,3,2,80,1,18,2,4,34,25,6,3
940,57,Yes,Travel_Rarely,Research & Development,15,2,Marketing,1,2,Male,4,1,Manager,1,Single,18245.0,10273,4,Y,No,13,4,1,80,2,26,4,1,2,0,4,9
941,28,Yes,Travel_Frequently,Sales,29,4,Human Resources,1,4,Female,3,5,Manager,3,Divorced,9346.0,18477,8,Y,Yes,16,3,2,80,3,35,4,2,4,0,12,8
942,20,No,Non-Travel,Research & Development,3,2,Medical,1,3,Male,1,5,Manufacturing Director,1,Married,1904.0,26570,9,Y,No,16,3,4,80,1,29,3,1,25,21,4,17
943,50,No,Travel_Rarely,Research & Development,11,5,Human Resources,1,2,Male,1,4,Research Scientist,2,Married,18653.0,15632,0,Y,Yes,20,3,3,80,3,10,0,1,10,8,12,8
944,28,No,Non-Travel,Research & Development,3,1,Technical Degree,1,3,Male,2,4,Laboratory Technician,4,Married,17788.0,2342,7,Y,No,13,3,2,80,1,15,2,2,6,1,3,9
945,33,No,Non-Travel,Sales,28,1,Other,1,1,Male,1,5,Manager,2,Divorced,10974.0,8940,0,Y,No,22,3,3,80,1,25,1,1,9,6,12,7
946,35,No,Travel_Rarely,Sales,10,3,Human Resources,1,4,Female,4,4,Sales Representative,2,Married,2184.0,20792,8,Y,No,22,3,2,80,2,29,2,3,33,21,15,10
947,47,No,Travel_Frequently,Sales,18,1,Life Sciences,1,3,Female,3,2,Manager,1,Single,2725.0,19007,5,Y,No,25,3,3,80,3,1,5,1,2,0,13,12
948,27,Yes,Travel_Rarely,Human Resources,1,2,Life Sciences,1,4,male,2,4,Manager,3,Divorced,12380.0,2867,0,Y,Yes,22,3,4,80,2,33,2,1,7,3,13,12
949,35,No,Travel_Rarely,Research & Development,16,5,Other,1,2,Female,4,5,Research Scientist,2,Married,14057.0,12668,7,Y,No,17,3,2,80,2,40,3,4,30,3,4,15
950,55,No,Non-Travel,Research & Development,16,3,Life Sciences,1,1,Male,4,4,Healthcare Representative,2,Married,6606.0,21856,4,Y,No,21,4,2,80,3,21,2,4,10,5,6,12
951,36,No,Travel_Frequently,Research & Development,27,2,Life Sciences,1,4,Female,2,4,Laboratory Technician,2,Single,4956.0,2170,6,Y,No,14,3,4,80,3,30,3,2,6,3,2,11
952,53,No,Travel_Rarely,Research & Development,10,1,Technical Degree,1,2,Female,2,3,Healthcare Representative,3,Divorced,17555.0,10769,6,Y,Yes,15,3,2,80,1,20,5,2,1,0,3,14
953,30,No,Travel_Rarely,Sales,1,4,Technical Degree,1,3,Male,4,3,Manager,3,Single,19690.0,10259,6,Y,No,19,3,3,80,3,35,3,4,5,4,7,15
954,20,No,Travel_Rarely,Human Resources,4,2,Technical Degree,1,1,Female,3,5,Human Resources,1,Married,17081.0,3515,5,Y,No,16,3,4,80,1,39,6,3,40,36,5,7
955,27,No,Travel_Rarely,Research & Development,3,4,Human Resources,1,1,Male,4,2,Healthcare Representative,2,Divorced,1421.0,10192,7,Y,No,20,4,1,80,1,22,6,1,31,22,7,5
956,55,No,Non-Travel,Research & Development,5,4,Other,1,3,Male,3,1,Healthcare Representative,4,Single,6540.0,4198,8,Y,No,25,4,3,80,1,25,4,3,19,6,10,7
957,18,No,Travel_Rarely,Research & Development,12,3,Life Sciences,1,3,Male,2,1,Manufacturing Director,3,Divorced,17288.0,19285,1,Y,No,23,3,2,80,1,17,1,3,33,19,1,1
958,44,No,Travel_Frequently,Sales,25,5,Marketing,1,1,Female,4,5,Sales Representative,1,Married,16966.0,24287,6,Y,Yes,14,3,3,80,1,14,5,4,15,0,12,17
959,25,No,Travel_Frequently,Sales,12,1,Other,1,4,Male,1,2,Sales Executive,2,Married,16882.0,16593,1,Y,Yes,18,3,4,80,1,33,3,2,24,13,15,10
960,59,No,Non-Travel,Research & Development,13,1,Marketing,1,1,Female,4,2,Manufacturing Director,4,Married,5675.0,15037,5,Y,No,19,3,2,80,3,21,0,1,11,7,8,16
961,34,No,Travel_Rarely,Sales,24,2,Life Sciences,1,3,Female,3,2,Sales Executive,3,Married,10082.0,9755,1,Y,Yes,20,3,2,80,3,27,5,2,6,3,15,9
962,26,No,Non-Travel,Research & Development,12,1,Medical,1,4,Male,4,3,Research Director,4,Single,14009.0,10986,9,Y,No,15,4,4,80,0,6,0,3,38,16,6,1
963,23,No,Travel_Rarely,Sales,25,3,Other,1,2,Male,3,5,Manager,3,Single,7748.0,4066,5,Y,No,12,3,1,80,3,39,1,3,16,13,15,1
964,60,No,Travel_Rarely,Research & Development,16,1,Human Resources,1,1,Female,1,1,Research Scientist,1,Divorced,7103.0,12011,1,Y,No,25,3,2,80,2,23,3,2,10,7,14,5
965,42,No,Travel_Rarely,Sales,13,2,Marketing,1,3,Male,2,2,Manager,4,Single,18857.0,26946,0,Y,Yes,25,3,2,80,0,34,5,2,5,3,14,16
966,56,No,Travel_Rarely,Research & Development,5,1,Other,1,2,Male,1,5,Manager,2,Divorced,19565.0,20922,6,Y,No,16,4,2,80,3,12,5,4,22,7,12,11
967,45,No,Travel_Rarely,Research & Development,24,5,Other,1,1,Female,3,1,Laboratory Technician,2,Single,12348.0,5907,2,Y,Yes,21,3,1,80,2,12,1,2,26,23,15,4
968,50,No,Travel_Rarely,Sales,4,4,Technical Degree,1,1,Female,2,3,Sales Representative,3,Married,10782.0,25344,3,Y,No,25,3,3,80,3,30,4,2,5,2,4,1
969,54,No,Travel_Frequently,Research & Development,21,4,Medical,1,4,Male,2,4,Manufacturing Director,2,Divorced,6882.0,17600,5,Y,No,22,3,1,80,1,18,0,4,37,24,10,8
970,26,Yes,Travel_Rarely,Research & Development,15,4,Technical Degree,1,3,Female,4,1,Manufacturing Director,4,Single,6798.0,12246,4,Y,No,18,3,3,80,0,28,5,2,1,0,14,1
971,35,No,Travel_Rarely,Research & Development,12,5,Medical,1,2,Male,1,1,Manager,1,Divorced,10627.0,4596,3,Y,No,23,3,2,80,1,21,2,3,21,0,14,13
972,38,No,Travel_Rarely,Human Resources,19,3,Medical,1,1,Male,3,1,Manager,3,Married,9415.0,14658,8,Y,Yes,15,3,3,80,0,40,0,2,19,1,6,14
973,19,No,Travel_Rarely,Research & Development,21,2,Human Resources,1,4,Female,3,4,Laboratory Technician,4,Married,13466.0,21705,5,Y,No,11,3,3,80,0,20,3,1,24,14,1,1
974,60,No,Travel_Rarely,Sales,28,5,Other,1,2,Female,2,2,Manager,3,Married,10846.0,11330,5,Y,Yes,18,3,3,80,1,15,1,3,14,5,10,17
975,55,No,Travel_Rarely,Sales,19,2,Technical Degree,1,2,Male,4,4,Manager,1,Married,13720.0,26104,1,Y,Yes,19,3,3,80,0,29,0,4,28,27,3,11
976,57,No,Non-Travel,Sales,21,3,Technical Degree,1,1,Male,3,1,Sales Executive,3,Married,10145.0,4621,5,Y,No,11,3,2,80,0,4,2,3,7,1,6,6
977,53,No,Non-Travel,Research & Development,11,5,Marketing,1,2,Female,4,3,Healthcare Representative,2,Married,5524.0,12920,6,Y,No,18,3,4,80,3,40,6,4,36,17,1,15
978,60,No,Non-Travel,Sales,21,1,Other,1,1,Male,2,1,Manager,2,Single,7559.0,11357,7,Y,No,20,3,1,80,2,40,2,1,32,21,7,2
979,54,No,Travel_Frequently,Research & Development,6,3,Life Sciences,1,4,Male,2,3,Laboratory Technician,3,Single,8620.0,15749,7,Y,No,22,3,3,80,1,5,1,1,21,13,13,14
980,32,No,Travel_Rarely,Research & Development,9,4,Life Sciences,1,4,Male,2,5,Healthcare Representative,1,Divorced,4124.0,5841,8,Y,No,12,3,2,80,3,20,1,3,4,0,9,14
981,45,Yes,Non-Travel,Research & Development,1,5,Marketing,1,2,Female,4,3,Manager,1,Divorced,9671.0,16423,9,Y,No,14,3,2,80,3,10,6,2,38,26,15,6
982,35,Yes,Travel_Frequently,Research & Development,12,3,Medical,1,1,Male,3,1,Research Scientist,2,Married,12706.0,6558,2,Y,No,23,4,2,80,1,23,0,3,17,12,9,7
983,51,No,Travel_Rarely,Sales,26,3,Marketing,1,3,Male,1,4,Sales Executive,1,Married,18737.0,14768,9,Y,Yes,25,3,2,80,0,27,3,3,37,32,10,6
984,39,No,Travel_Rarely,Sales,14,5,Marketing,1,4,Male,4,1,Manager,3,Married,13070.0,23302,6,Y,No,25,3,3,80,1,14,4,1,36,4,4,2
985,28,No,Travel_Rarely,Research & Development,6,4,Technical Degree,1,1,Male,2,1,Research Director,4,Married,9134.0,6339,6,Y,Yes,12,3,1,80,2,38,2,4,29,25,12,17
986,30,No,Non-Travel,Research & Development,1,4,Marketing,1,1,Male,1,5,Manufacturing Director,3,Married,1924.0,2238,0,Y,No,12,3,2,80,2,39,1,3,30,12,4,6
987,21,No,Travel_Rarely,Research & Development,22,3,Medical,1,1,Male,1,2,Healthcare Representative,2,Divorced,19554.0,19604,7,Y,No,20,3,1,80,1,18,4,2,9,8,7,4
988,39,No,Travel_Rarely,Research & Development,2,2,Life Sciences,1,2,Male,1,1,Research Director,2,Single,6506.0,19152,3,Y,No,13,3,1,80,3,16,4,1,14,13,15,12
989,24,No,Travel_Rarely,Sales,24,3,Human Resources,1,3,Female,1,5,Sales Representative,2,Married,14650.0,26810,4,Y,No,24,3,1,80,1,2,4,3,17,2,15,1
990,60,No,Travel_Rarely,Research & Development,11,5,Other,1,2,Male,1,4,Manager,1,Divorced,3395.0,24714,5,Y,Yes,18,3,4,80,2,2,3,3,22,14,12,17
991,41,No,Travel_Rarely,Research & Development,3,5,Marketing,1,4,Male,2,5,Manager,3,Married,16310.0,9388,2,Y,No,14,4,2,80,1,38,1,2,32,29,12,3
992,21,No,Travel_Rarely,Research & Development,10,5,Other,1,2,Female,3,5,Manager,4,Divorced,9226.0,22976,4,Y,No,17,3,2,80,0,27,2,3,15,2,11,3
993,45,No,Travel_Rarely,Sales,6,4,Marketing,1,1,Female,1,3,Manager,3,Married,12781.0,12426,9,Y,No,22,3,2,80,1,30,1,3,37,13,0,7
994,32,No,Travel_Rarely,Research & Development,6,1,Other,1,2,Female,3,2,Research Scientist,4,Single,6515.0,9617,4,Y,No,20,4,1,80,3,7,0,3,34,11,5,10
995,18,No,Non-Travel,Research & Development,20,5,Technical Degree,1,1,Male,3,2,Manufacturing Director,3,Divorced,4365.0,10082,0,Y,No,13,3,2,80,0,16,2,3,33,27,1,0
996,20,No,Travel_Rarely,Sales,21,5,Technical Degree,1,3,Male,4,4,Manager,2,Married,17972.0,9579,2,Y,No,20,3,2,80,2,34,1,2,27,11,0,8
997,31,No,Travel_Rarely,Human Resources,2,2,Other,1,2,Female,2,5,Manager,4,Married,12410.0,15922,2,Y,No,22,3,1,80,1,35,2,3,1,0,11,5
998,55,No,Travel_Rarely,Sales,26,2,Marketing,1,2,Female,1,4,Manager,3,Single,10095.0,8456,0,Y,No,24,4,2,80,3,26,0,3,29,10,14,3
999,18,No,Travel_Rarely,Human Resources,26,3,Marketing,1,2,Male,3,4,Manager,1,Married,11361.0,22501,6,Y,Yes,25,3,3,80,3,39,5,3,12,0,14,5
1000,55,Yes,Travel_Rarely,Research & Development,24,3,Medical,1,1,Male,4,2,Research Scientist,1,Married,9531.0,4439,0,Y,No,24,3,4,80,2,32,2,1,40,39,12,12
1001,55,Yes,Non-Travel,Sales,10,3,Life Sciences,1,1,Female,3,2,Manager,3,Single,5270.0,12019,6,Y,Yes,23,3,3,80,1,10,5,2,15,0,6,8
1002,38,No,Travel_Frequently,Research & Development,23,5,Life Sciences,1,2,Male,1,2,Research Director,2,Married,10906.0,24470,3,Y,No,21,3,3,80,3,20,4,1,4,4,11,13
1003,46,No,Travel_Rarely,Research & Development,26,2,Human Resources,1,2,Male,2,1,Research Director,4,Married,17940.0,23208,8,Y,No,24,3,3,80,0,5,6,1,27,24,13,11
1004,22,No,Travel_Frequently,Research & Development,6,3,Life Sciences,1,3,Male,2,5,Research Director,3,Single,12279.0,12065,6,Y,No,13,3,1,80,1,20,3,2,38,22,13,3
1005,27,Yes,Travel_Rarely,Research & Development,23,2,Human Resources,1,3,Female,1,4,Manager,1,Married,6452.0,17235,4,Y,No,12,3,2,80,2,27,0,1,19,19,3,7
1006,45,No,Travel_Rarely,Research & Development,28,5,Technical Degree,1,4,Female,3,5,Research Director,4,Married,7477.0,14499,6,Y,Yes,23,3,3,80,0,16,2,1,23,10,14,16
1007,38,No,Non-Travel,Research & Development,17,5,Human Resources,1,3,Female,4,4,Laboratory Technician,1,Single,18400.0,10391,8,Y,No,22,3,3,80,1,17,0,1,26,24,0,4
1008,24,No,Travel_Rarely,Research & Development,14,3,Human Resources,1,3,Male,2,4,Manufacturing Director,1,Married,7470.0,10369,9,Y,No,16,3,2,80,3,10,4,2,29,24,9,2
1009,20,No,Non-Travel,Sales,5,5,Life Sciences,1,3,Male,2,4,Sales Representative,3,Single,3062.0,7542,5,Y,No,16,3,1,80,2,24,5,3,26,1,10,3
1010,37,No,Non-Travel,Research & Development,23,5,Marketing,1,1,Male,3,4,Laboratory Technician,1,Single,10030.0,11122,0,Y,Yes,11,3,3,80,2,29,3,4,25,9,10,7
1011,36,No,Travel_Rarely,Sales,17,2,Technical Degree,1,3,Female,3,3,Manager,4,Married,2813.0,13928,5,Y,No,17,3,2,80,1,24,0,4,6,1,5,15
1012,52,No,Travel_Rarely,Human Resources,2,1,Medical,1,3,Female,3,3,Human Resources,2,Married,12671.0,4036,0,Y,Yes,22,3,2,80,2,6,5,2,37,5,9,10
1013,21,No,Travel_Rarely,Human Resources,9,4,Human Resources,1,2,Female,4,1,Human Resources,3,Divorced,15308.0,11677,3,Y,No,24,3,4,80,0,36,4,4,4,3,12,1
1014,22,No,Travel_Rarely,Sales,12,3,Human Resources,1,1,Male,3,2,Manager,4,Single,3313.0,20475,7,Y,Yes,24,3,3,80,1,26,4,2,22,11,11,7
1015,18,No,Travel_Rarely,Research & Development,19,1,Other,1,4,Female,4,4,Research Director,3,Married,10706.0,7550,4,Y,No,14,3,3,80,0,25,4,2,27,10,14,6
1016,21,No,Non-Travel,Human Resources,22,3,Human Resources,1,4,Male,1,5,Human Resources,1,Single,18615.0,6263,4,Y,No,23,3,4,80,2,12,6,4,33,22,12,0
1017,29,No,Travel_Rarely,Sales,7,1,Marketing,1,3,Male,4,3,Manager,1,Married,10837.0,24814,9,Y,Yes,21,3,2,80,2,23,5,1,14,10,5,1
1018,44,No,Travel_Rarely,Research & Development,9,5,Medical,1,4,Male,3,2,Research Scientist,4,Married,6831.0,17044,7,Y,Yes,22,3,2,80,2,11,2,3,31,25,15,12
1019,59,No,Travel_Rarely,Human Resources,21,3,Other,1,4,Male,4,1,Manager,4,Married,5056.0,20768,7,Y,No,13,4,3,80,0,13,1,4,25,24,11,10
1020,40,No,Travel_Rarely,Sales,16,1,Life Sciences,1,4,Female,4,2,Sales Executive,2,Married,1305.0,14280,0,Y,Yes,23,3,3,80,2,8,0,4,30,12,2,2
1021,42,No,Travel_Rarely,Research & Development,20,4,Technical Degree,1,3,Male,4,4,Manufacturing Director,4,Divorced,15347.0,12107,4,Y,No,23,3,4,80,1,30,6,4,18,4,15,1
1022,38,No,Non-Travel,Sales,11,5,Marketing,1,4,Female,2,2,Sales Representative,4,Married,2689.0,8326,4,Y,No,18,3,3,80,3,3,1,4,8,5,13,15
1023,41,No,Travel_Rarely,Human Resources,12,3,Medical,1,3,Male,3,4,Manager,3,Divorced,4917.0,26591,7,Y,No,12,3,3,80,1,18,4,2,28,0,5,0
1024,42,No,Travel_Frequently,Human Resources,15,3,Technical Degree,1,2,Male,4,3,Manager,1,Single,3936.0,26047,0,Y,No,19,3,1,80,3,0,1,2,38,5,9,6
1025,49,No,Non-Travel,Human Resources,18,1,Life Sciences,1,2,Male,3,3,Manager,4,Married,4862.0,15891,6,Y,Yes,23,3,4,80,2,28,5,3,3,1,8,2
1026,49,Yes,Travel_Rarely,Research & Development,19,3,Technical Degree,1,4,Male,1,4,Research Director,2,Married,15506.0,13126,6,Y,No,18,3,2,80,1,5,4,3,2,1,5,15
1027,22,No,Travel_Rarely,Research & Development,16,5,Other,1,2,Male,4,5,Healthcare Representative,4,Married,15318.0,11028,8,Y,No,18,3,3,80,0,0,6,4,28,8,0,5
1028,53,No,Travel_Rarely,Research & Development,15,2,Human Resources,1,3,Male,4,3,Research Director,1,Single,16300.0,9721,1,Y,No,23,3,2,80,3,24,4,4,10,7,9,13
1029,59,No,Travel_Rarely,Research & Development,5,1,Human Resources,1,2,Male,1,5,Manufacturing Director,4,Divorced,6649.0,20541,2,Y,No,13,3,3,80,0,26,3,4,32,24,5,10
1030,59,No,Travel_Rarely,Research & Development,11,4,Marketing,1,4,Female,3,4,Research Director,3,Single,19203.0,18689,3,Y,No,23,4,1,80,3,21,3,3,37,14,7,0
1031,56,No,Travel_Rarely,Sales,15,3,Technical Degree,1,3,Female,1,4,Sales Executive,1,Single,16674.0,9123,0,Y,Yes,14,3,4,80,2,16,6,4,10,9,6,12
1032,33,No,Travel_Rarely,Research & Development,29,5,Human Resources,1,1,Female,1,3,Manufacturing Director,4,Married,18726.0,20437,6,Y,No,12,3,4,80,1,28,5,1,26,7,13,8
1033,50,No,Travel_Rarely,Sales,18,3,Marketing,1,3,Male,1,5,Sales Representative,3,Married,6560.0,7812,9,Y,No,12,3,2,80,3,2,5,3,32,23,15,10
1034,38,No,Travel_Rarely,Sales,13,4,Marketing,1,2,Male,1,4,Sales Representative,1,Married,16451.0,5344,2,Y,No,14,4,1,80,1,16,1,1,20,15,7,0
1035,26,No,Travel_Frequently,Sales,4,5,Other,1,1,Male,3,3,Sales Representative,4,Married,19610.0,22840,2,Y,No,16,3,2,80,3,1,6,4,38,37,10,12
1036,23,Yes,Travel_Rarely,Research & Development,17,4,Marketing,1,3,Female,4,4,Healthcare Representative,3,Married,2079.0,3208,2,Y,No,15,4,1,80,3,31,0,2,30,28,11,0
1037,52,No,Travel_Rarely,Research & Development,4,5,Life Sciences,1,1,Male,1,2,Manufacturing Director,2,Married,14983.0,20242,7,Y,Yes,25,3,3,80,2,21,6,1,37,5,7,2
1038,56,No,Travel_Rarely,Research & Development,16,2,Human Resources,1,1,Male,1,2,Manufacturing Director,3,Married,16327.0,21087,8,Y,No,11,3,3,80,3,38,1,3,1,1,14,16
1039,39,No,Travel_Frequently,Sales,23,5,Human Resources,1,1,Male,2,3,Sales Executive,2,Divorced,13755.0,3971,9,Y,No,23,3,1,80,0,32,5,1,26,2,8,4
1040,58,No,Travel_Frequently,Research & Development,15,4,Medical,1,3,Male,3,4,Healthcare Representative,4,Divorced,8235.0,3113,1,Y,No,20,3,3,80,3,21,0,3,35,0,2,5
1041,22,No,Travel_Rarely,Research & Development,14,1,Life Sciences,1,2,Female,1,3,Laboratory Technician,3,Married,18197.0,2983,9,Y,No,11,3,4,80,3,3,6,4,10,3,6,16
1042,59,No,Travel_Rarely,Research & Development,12,2,Human Resources,1,3,Male,2,1,Manufacturing Director,2,Single,3031.0,13502,9,Y,Yes,25,3,1,80,3,37,1,1,17,11,5,9
1043,40,No,Travel_Rarely,Research & Development,3,3,Other,1,2,Male,1,3,Manufacturing Director,1,Divorced,9514.0,12963,0,Y,No,16,3,1,80,2,12,2,2,0,0,1,10
1044,34,No,Non-Travel,Research & Development,10,2,Human Resources,1,3,Female,3,3,Research Scientist,3,Single,10095.0,12354,8,Y,No,13,3,2,80,1,22,2,1,34,10,4,12
1045,29,No,Travel_Rarely,Research & Development,8,2,Medical,1,3,Male,2,2,Research Director,4,Single,15287.0,4127,5,Y,Yes,13,3,1,80,1,12,0,2,34,11,2,9
1046,40,No,Non-Travel,Research & Development,6,3,Technical Degree,1,3,Male,2,2,Laboratory Technician,1,Single,6911.0,22023,8,Y,No,17,4,2,80,2,19,3,3,30,9,10,13
1047,33,No,Travel_Frequently,Sales,22,5,Technical Degree,1,2,Male,3,4,Sales Representative,2,Single,12695.0,25860,5,Y,No,23,3,1,80,0,32,0,4,27,17,4,12
1048,20,No,Travel_Rarely,Sales,14,2,Life Sciences,1,3,Female,2,3,Manager,3,Divorced,4340.0,2560,1,Y,No,23,4,4,80,0,33,1,4,38,38,13,3
1049,47,No,Travel_Rarely,Research & Development,17,2,Marketing,1,1,Female,2,3,Manufacturing Director,3,Married,8876.0,8652,0,Y,No,11,3,4,80,2,37,4,2,0,0,10,16
1050,39,No,Travel_Rarely,Sales,21,1,Medical,1,3,Female,1,4,Sales Representative,4,Divorced,16896.0,12001,7,Y,No,11,4,4,80,1,28,2,3,24,6,8,17
1051,26,No,Non-Travel,Research & Development,19,1,Medical,1,1,Female,2,5,Laboratory Technician,1,Single,13435.0,22771,2,Y,Yes,24,3,2,80,0,31,4,4,37,10,13,10
1052,46,No,Travel_Rarely,Research & Development,16,4,Human Resources,1,4,Male,4,4,Research Director,3,Married,2141.0,21316,0,Y,No,23,3,2,80,2,10,2,3,19,3,7,9
1053,54,No,Travel_Rarely,Human Resources,15,3,Other,1,4,Male,3,2,Manager,3,Divorced,10281.0,10482,7,Y,No,20,3,3,80,1,17,1,2,2,2,8,17
1054,40,No,Travel_Rarely,Research & Development,26,5,Human Resources,1,2,Male,1,2,Laboratory Technician,1,Divorced,3038.0,14829,0,Y,No,13,3,2,80,0,20,2,2,1,0,8,8
1055,30,No,Non-Travel,Human Resources,15,5,Other,1,2,Female,2,3,Manager,3,Married,5270.0,3909,7,Y,No,24,3,2,80,0,11,0,1,17,12,10,4
1056,49,No,Travel_Rarely,Research & Development,1,4,Medical,1,4,Male,4,2,Research Scientist,1,Single,11046.0,17099,0,Y,No,18,3,4,80,2,38,4,4,9,1,7,0
1057,40,No,Travel_Rarely,Research & Development,24,5,Marketing,1,3,Female,1,4,Research Director,1,Married,5683.0,9230,8,Y,Yes,11,4,1,80,1,19,5,4,4,0,13,4
1058,34,No,Non-Travel,Research & Development,23,5,Technical Degree,1,3,Female,3,3,Healthcare Representative,1,Married,17878.0,14881,8,Y,Yes,20,4,2,80,0,6,4,1,8,7,7,2
1059,57,Yes,Travel_Rarely,Research & Development,23,1,Life Sciences,1,3,Female,2,4,Manufacturing Director,4,Married,8116.0,19812,8,Y,No,23,4,3,80,2,26,1,2,1,1,10,0
1060,38,No,Travel_Rarely,Research & Development,12,5,Other,1,4,Male,3,4,Laboratory Technician,1,Married,2784.0,19331,2,Y,No,14,4,1,80,0,6,5,2,33,8,10,5
1061,19,No,Travel_Rarely,Research & Development,10,5,Technical Degree,1,1,Male,3,3,Research Scientist,1,Married,4786.0,12719,3,Y,No,19,3,2,80,1,1,4,2,37,30,5,9
1062,54,No,Travel_Rarely,Human Resources,14,4,Life Sciences,1,2,Male,2,5,Human Resources,2,Married,10190.0,3348,4,Y,No,24,4,1,80,3,32,6,2,30,22,5,4
1063,23,No,Travel_Rarely,Research & Development,10,4,Marketing,1,1,Male,2,2,Laboratory Technician,2,Married,6428.0,10572,5,Y,No,14,4,1,80,0,20,1,3,9,8,13,11
1064,35,No,Travel_Frequently,Research & Development,10,2,Medical,1,4,Female,1,1,Laboratory Technician,4,Single,7681.0,11896,8,Y,No,20,3,1,80,1,28,6,4,11,9,14,11
1065,47,No,Travel_Rarely,Research & Development,20,5,Marketing,1,1,Male,3,1,Healthcare Representative,1,Married,7893.0,2309,3,Y,No,18,3,1,80,0,31,3,4,35,1,5,16
1066,39,No,Travel_Rarely,Research & Development,29,5,Other,1,3,Female,2,1,Research Scientist,2,Married,13661.0,21798,5,Y,No,17,4,1,80,3,11,0,2,20,5,9,1
1067,50,No,Travel_Rarely,Sales,11,5,Medical,1,3,male,3,2,Manager,2,Single,15892.0,7789,0,Y,No,13,3,2,80,3,12,2,2,5,2,5,13
1068,47,No,Travel_Rarely,Sales,22,1,Human Resources,1,1,Male,2,5,Sales Representative,3,Single,10643.0,11690,1,Y,No,17,3,1,80,0,38,6,2,2,2,12,11
1069,34,Yes,Non-Travel,Research & Development,16,5,Life Sciences,1,4,Male,3,4,Research Scientist,1,Single,10943.0,13086,7,Y,Yes,25,3,1,80,2,39,2,4,9,5,13,12
1070,60,No,Travel_Rarely,Sales,29,1,Human Resources,1,1,Male,1,3,Sales Executive,2,Married,11472.0,8568,3,Y,No,17,3,3,80,0,2,2,4,4,2,10,4
1071,49,No,Travel_Rarely,Sales,9,2,Medical,1,3,Male,3,5,Manager,4,Divorced,13992.0,15453,9,Y,No,20,4,3,80,1,38,3,2,25,23,12,4
1072,59,No,Travel_Rarely,Sales,15,3,Life Sciences,1,3,Male,2,1,Sales Representative,3,Single,12126.0,10852,6,Y,Yes,13,3,1,80,2,7,0,3,20,10,14,16
1073,31,No,Travel_Frequently,Sales,14,5,Life Sciences,1,4,Male,4,2,Manager,3,Married,7869.0,21831,3,Y,Yes,12,3,2,80,1,1,4,1,25,14,11,4
1074,27,Yes,Travel_Frequently,Sales,19,4,Human Resources,1,1,Male,1,2,Manager,1,Married,8669.0,20657,8,Y,Yes,25,3,3,80,1,5,6,1,37,27,8,3
1075,53,No,Non-Travel,Human Resources,9,4,Life Sciences,1,3,Female,1,3,Human Resources,1,Single,12538.0,12264,8,Y,No,19,3,3,80,2,40,4,1,25,9,9,6
1076,51,No,Travel_Rarely,Research & Development,4,5,Medical,1,3,Male,4,4,Research Scientist,3,Divorced,11065.0,18049,3,Y,Yes,25,3,1,80,3,14,0,4,7,5,12,16
1077,26,Yes,Non-Travel,Research & Development,21,1,Other,1,1,Male,2,5,Manufacturing Director,4,Married,11171.0,13628,7,Y,Yes,11,3,2,80,1,11,5,4,4,0,14,10
1078,59,No,Travel_Rarely,Research & Development,7,4,Other,1,1,Male,1,5,Research Director,1,Divorced,18696.0,4142,5,Y,No,24,4,4,80,0,40,0,1,14,1,0,5
1079,45,No,Non-Travel,Sales,22,4,Medical,1,2,Female,4,5,Sales Representative,1,Single,3962.0,16843,0,Y,No,17,3,2,80,3,31,2,1,15,1,15,12
1080,28,Yes,Travel_Frequently,Human Resources,26,2,Human Resources,1,4,Female,4,4,Manager,3,Single,14851.0,18175,6,Y,Yes,14,3,3,80,3,5,4,3,0,0,9,11
1081,31,No,Travel_Rarely,Research & Development,8,2,Marketing,1,4,Male,3,4,Healthcare Representative,3,Married,13979.0,11797,0,Y,No,12,4,3,80,2,26,0,4,15,6,5,4
1082,56,Yes,Non-Travel,Sales,24,2,Medical,1,1,Female,3,4,Manager,1,Married,6296.0,15487,2,Y,No,25,3,3,80,0,12,4,4,36,14,7,9
1083,36,No,Travel_Rarely,Research & Development,8,4,Other,1,4,Female,2,3,Manager,2,Divorced,15745.0,23123,7,Y,No,12,3,3,80,0,22,0,1,2,1,14,10
1084,32,No,Travel_Rarely,Research & Development,19,4,Medical,1,3,Female,4,2,Research Scientist,1,Single,6730.0,16825,8,Y,No,18,3,3,80,3,9,1,3,30,17,0,8
1085,45,No,Travel_Rarely,Human Resources,15,5,Life Sciences,1,1,Male,3,1,Manager,2,Married,14921.0,12142,2,Y,Yes,17,3,1,80,1,13,6,3,12,3,14,12
1086,41,No,Travel_Rarely,Research & Development,16,5,Life Sciences,1,1,Female,2,4,Manufacturing Director,3,Single,1126.0,2458,0,Y,No,22,3,1,80,1,2,2,1,15,8,10,2
1087,25,No,Travel_Rarely,Research & Development,26,1,Medical,1,1,Male,1,2,Research Scientist,2,Divorced,6602.0,9580,0,Y,No,17,4,1,80,0,11,0,1,20,1,10,16
1088,60,No,Travel_Rarely,Sales,22,4,Human Resources,1,2,Female,3,4,Manager,4,Married,18575.0,18721,6,Y,Yes,15,3,3,80,3,24,3,4,1,1,5,17
1089,26,No,Travel_Rarely,Human Resources,23,5,Marketing,1,4,Male,2,1,Human Resources,3,Married,13581.0,17298,4,Y,No,24,3,1,80,3,0,0,1,26,19,8,4
1090,50,No,Travel_Rarely,Sales,9,5,Life Sciences,1,2,Female,3,4,Manager,1,Single,16997.0,14135,0,Y,No,20,3,3,80,3,31,1,2,37,33,5,15
1091,50,No,Travel_Rarely,Human Resources,26,2,Other,1,3,Female,1,2,Human Resources,1,Married,18750.0,23834,5,Y,No,18,3,2,80,2,23,3,3,25,10,13,15
1092,36,No,Travel_Frequently,Research & Development,26,2,Life Sciences,1,4,Male,1,3,Manufacturing Director,3,Single,10211.0,9380,5,Y,No,24,3,4,80,0,8,3,1,37,25,1,10
1093,20,Yes,Travel_Rarely,Research & Development,12,2,Other,1,2,Female,3,1,Laboratory Technician,3,Single,15997.0,6020,3,Y,No,12,3,2,80,0,0,0,2,24,6,0,3
1094,27,No,Non-Travel,Research & Development,16,3,Marketing,1,1,Male,1,2,Research Scientist,4,Married,7671.0,26920,6,Y,No,12,3,4,80,1,38,1,3,10,5,3,8
1095,57,No,Travel_Rarely,Sales,4,5,Life Sciences,1,2,Male,2,5,Manager,3,Divorced,13271.0,7643,6,Y,No,15,4,1,80,1,9,3,2,7,5,5,14
1096,59,No,Travel_Frequently,Sales,5,2,Human Resources,1,1,Male,3,5,Sales Representative,1,Divorced,9876.0,19326,8,Y,No,25,4,4,80,0,40,6,2,7,1,9,11
1097,18,No,Non-Travel,Sales,8,2,Other,1,2,Female,3,5,Manager,4,Married,3887.0,18729,0,Y,No,11,3,2,80,0,29,2,1,32,4,9,15
1098,46,Yes,Travel_Rarely,Sales,1,4,Life Sciences,1,2,Male,1,3,Manager,1,Married,10654.0,22278,4,Y,No,16,3,2,80,1,4,5,3,6,2,8,3
1099,51,No,Non-Travel,Research & Development,28,2,Life Sciences,1,2,Male,2,4,Research Director,2,Divorced,5086.0,10516,9,Y,No,14,3,4,80,0,3,2,2,37,0,4,2
1100,30,No,Travel_Rarely,Research & Development,6,4,Medical,1,1,Female,3,4,Healthcare Representative,3,Married,19645.0,8610,2,Y,No,16,3,2,80,1,7,4,4,20,1,6,3
1101,18,No,Travel_Frequently,Sales,15,1,Human Resources,1,2,Female,3,4,Sales Executive,2,Married,5180.0,20522,6,Y,No,17,3,1,80,0,15,4,3,7,7,5,1
1102,51,No,Travel_Rarely,Human Resources,4,2,Human Resources,1,4,Female,1,3,Human Resources,1,Divorced,3841.0,22773,3,Y,No,23,3,2,80,2,0,1,4,20,0,5,6
1103,46,No,Travel_Rarely,Research & Development,21,4,Medical,1,4,Male,1,5,Research Director,2,Single,7040.0,13804,3,Y,No,13,3,4,80,2,14,3,1,19,18,8,1
1104,30,No,Travel_Frequently,Human Resources,11,2,Other,1,4,Male,2,4,Manager,2,Single,11304.0,26210,0,Y,Yes,21,3,1,80,3,23,2,4,7,1,4,0
1105,46,No,Non-Travel,Human Resources,5,1,Technical Degree,1,1,Male,2,3,Manager,1,Married,5758.0,9816,0,Y,No,23,3,4,80,0,14,2,3,30,20,1,17
1106,56,No,Travel_Rarely,Sales,18,2,Marketing,1,1,Female,1,3,Sales Representative,1,Single,18010.0,13932,9,Y,No,18,3,3,80,1,5,5,2,28,19,7,7
1107,41,No,Travel_Rarely,Research & Development,24,4,Human Resources,1,4,Male,2,2,Manufacturing Director,3,Married,17234.0,18642,1,Y,No,17,3,3,80,0,1,1,2,8,6,14,7
1108,43,No,Travel_Rarely,Research & Development,15,1,Technical Degree,1,4,Male,4,4,Manufacturing Director,2,Married,6014.0,19494,1,Y,Yes,23,3,1,80,0,4,6,3,14,4,10,9
1109,34,Yes,Travel_Rarely,Research & Development,18,1,Other,1,4,Female,4,5,Research Scientist,4,Married,2375.0,25709,0,Y,No,11,3,1,80,3,38,3,2,29,23,13,17
1110,24,No,Travel_Rarely,Sales,20,1,Marketing,1,3,Male,1,1,Manager,4,Divorced,2181.0,8487,7,Y,No,16,3,2,80,1,40,1,4,25,3,2,10
1111,30,Yes,Travel_Frequently,Research & Development,28,3,Human Resources,1,4,Male,3,3,Research Scientist,1,Single,1490.0,19204,5,Y,No,17,3,4,80,0,33,0,2,9,5,14,0
1112,22,No,Travel_Frequently,Sales,13,4,Life Sciences,1,2,Male,1,2,Manager,1,Married,4729.0,7988,5,Y,No,24,4,3,80,1,38,2,2,28,19,13,6
1113,43,No,Travel_Rarely,Sales,5,3,Human Resources,1,3,Male,1,1,Sales Executive,2,Single,6974.0,7635,9,Y,No,21,3,2,80,0,31,1,4,15,1,14,7
1114,20,No,Travel_Rarely,Research & Development,1,1,Marketing,1,3,Male,1,3,Laboratory Technician,1,Married,19324.0,23048,9,Y,No,25,3,3,80,3,28,1,4,35,0,8,13
1115,24,Yes,Travel_Rarely,Research & Development,22,3,Technical Degree,1,1,Male,3,2,Healthcare Representative,4,Married,2882.0,9093,8,Y,No,14,3,2,80,1,28,5,4,19,0,13,7
1116,56,Yes,Travel_Rarely,Research & Development,18,2,Life Sciences,1,2,Female,4,4,Research Scientist,3,Married,3987.0,6604,4,Y,No,24,4,2,80,0,23,6,1,36,23,4,3
1117,18,No,Travel_Frequently,Sales,14,3,Marketing,1,1,Male,2,2,Sales Representative,3,Single,6585.0,19947,3,Y,No,12,3,3,80,2,30,0,4,21,13,13,9
1118,34,No,Travel_Rarely,Research & Development,5,5,Other,1,1,Male,4,3,Healthcare Representative,2,Married,4159.0,24727,5,Y,No,20,3,2,80,1,23,4,4,6,3,0,9
1119,60,No,Travel_Frequently,Sales,6,1,Marketing,1,2,Female,2,4,Manager,3,Married,5530.0,11399,7,Y,No,19,3,3,80,3,14,2,1,22,4,14,3
1120,42,No,Travel_Frequently,Sales,27,1,Human Resources,1,1,Female,2,5,Manager,1,Single,18065.0,26884,0,Y,No,17,3,1,80,2,11,5,2,40,10,3,7
1121,20,No,Travel_Rarely,Research & Development,24,4,Other,1,2,Female,1,2,Healthcare Representative,1,Married,2073.0,3839,6,Y,No,11,4,4,80,1,19,6,4,39,23,8,6
1122,32,No,Travel_Rarely,Human Resources,25,2,Medical,1,2,Female,1,1,Human Resources,1,Married,14743.0,9675,7,Y,Yes,18,3,2,80,1,3,6,3,28,27,0,14
1123,46,No,Travel_Frequently,Research & Development,29,4,Medical,1,1,Female,2,4,Laboratory Technician,1,Divorced,19771.0,13544,8,Y,No,25,3,3,80,1,12,1,4,15,14,7,7
1124,60,No,Travel_Rarely,Research & Development,28,3,Life Sciences,1,4,Male,3,4,Manager,2,Divorced,3693.0,10001,7,Y,No,13,3,3,80,1,40,2,4,37,12,7,9
1125,49,No,Travel_Rarely,Research & Development,16,5,Marketing,1,1,Female,3,5,Manager,3,Married,10562.0,11575,6,Y,Yes,14,3,4,80,0,9,4,1,27,15,8,6
1126,43,No,Travel_Rarely,Research & Development,22,5,Technical Degree,1,3,Male,3,2,Manager,4,Divorced,5340.0,4306,2,Y,No,22,4,4,80,0,40,6,3,37,23,8,2
1127,33,No,Non-Travel,Sales,21,5,Life Sciences,1,1,Male,3,1,Sales Executive,3,Married,3156.0,16230,1,Y,Yes,15,4,4,80,1,22,1,2,30,12,12,8
1128,42,No,Travel_Rarely,Research & Development,12,5,Other,1,2,Male,1,5,Manager,1,Divorced,17184.0,12664,2,Y,No,11,3,2,80,3,6,6,2,13,7,5,15
1129,45,No,Travel_Rarely,Research & Development,20,2,Life Sciences,1,3,Male,4,2,Healthcare Representative,4,Single,8966.0,17114,3,Y,No,25,3,3,80,0,11,0,3,32,25,12,13
1130,26,No,Non-Travel,  research & development  ,18,3,Human Resources,1,2,Male,4,1,Manager,2,Married,3580.0,23524,3,Y,No,16,3,2,80,1,14,6,4,8,1,4,6
1131,18,No,Travel_Rarely,Research & Development,2,5,Other,1,4,Male,2,1,Manager,1,Married,8257.0,21070,5,Y,No,20,3,2,80,1,6,2,1,26,15,11,11
1132,46,No,Travel_Rarely,Research & Development,23,1,Technical Degree,1,4,Male,3,3,Manager,1,Married,3159.0,13159,6,Y,Yes,16,3,1,80,3,7,6,3,23,5,11,0
1133,39,No,Travel_Rarely,Sales,21,3,Marketing,1,3,Female,1,1,Manager,4,Single,17172.0,15299,3,Y,No,12,3,4,80,3,6,6,3,12,0,13,15
1134,33,No,Travel_Rarely,Sales,23,2,Other,1,4,Female,1,2,Sales Executive,2,Married,14900.0,19344,9,Y,Yes,21,3,1,80,3,3,5,2,25,16,13,2
1135,58,No,Travel_Frequently,Research & Development,13,5,Marketing,1,4,Male,1,5,Research Scientist,4,Single,12440.0,10629,5,Y,No,20,3,1,80,2,6,0,1,28,10,6,0
1136,58,No,Travel_Rarely,Sales,27,2,Marketing,1,1,Female,2,5,Sales Representative,2,Single,15678.0,2455,8,Y,No,16,3,2,80,1,40,4,3,27,18,8,5
1137,24,No,Non-Travel,Research & Development,17,5,Life Sciences,1,1,Male,1,3,Laboratory Technician,1,Married,15436.0,25151,5,Y,No,18,3,2,80,3,29,4,1,27,2,4,1
1138,31,No,Travel_Frequently,Research & Development,17,1,Human Resources,1,4,Female,2,2,Manager,3,Married,13021.0,22201,2,Y,No,16,3,3,80,1,17,2,4,7,2,11,6
1139,46,Yes,Travel_Rarely,Research & Development,16,3,Life Sciences,1,4,Male,2,1,Manager,1,Divorced,7772.0,11761,0,Y,No,14,3,1,80,0,29,4,2,22,4,2,7
1140,36,No,Travel_Rarely,Research & Development,21,1,Medical,1,1,Male,2,3,Research Scientist,3,Married,2627.0,11810,9,Y,No,25,3,4,80,1,6,3,4,28,16,8,12
1141,36,No,Travel_Rarely,Research & Development,18,5,Medical,1,4,Male,2,4,Healthcare Representative,3,Divorced,12664.0,13804,9,Y,No,14,3,1,80,1,22,5,1,4,1,14,15
1142,19,No,Travel_Frequently,Research & Development,8,4,Marketing,1,4,Male,1,2,Manager,2,Divorced,9219.0,3512,4,Y,Yes,19,3,3,80,2,36,2,4,6,5,9,9
1143,58,Yes,Travel_Rarely,Research & Development,3,3,Human Resources,1,2,Male,1,3,Healthcare Representative,4,Married,19369.0,6738,9,Y,No,16,3,1,80,0,6,6,2,35,27,12,3
1144,32,Yes,Travel_Rarely,Research & Development,17,2,Other,1,4,Male,4,5,Healthcare Representative,2,Married,10713.0,18775,9,Y,Yes,18,3,1,80,0,37,3,1,40,28,0,12
1145,20,Yes,Travel_Rarely,Sales,29,5,Marketing,1,3,Male,1,3,Sales Representative,1,Single,9488.0,4621,2,Y,Yes,18,3,1,80,2,28,4,3,26,10,13,16
1146,28,No,Travel_Rarely,Research & Development,18,1,Other,1,2,Male,3,4,Healthcare Representative,4,Divorced,3181.0,17718,7,Y,Yes,17,3,3,80,3,33,6,4,1,0,0,7
1147,47,No,Travel_Rarely,Research & Development,26,4,Marketing,1,3,Male,3,2,Research Scientist,3,Single,12594.0,8176,9,Y,No,13,4,1,80,3,38,2,2,24,19,9,7
1148,57,No,Travel_Rarely,Research & Development,26,5,Life Sciences,1,4,Female,2,3,Manufacturing Director,3,Married,19680.0,17495,0,Y,No,20,4,2,80,1,40,3,3,8,2,13,6
1149,35,Yes,Travel_Rarely,Research & Development,23,2,Marketing,1,1,Male,2,1,Manufacturing Director,1,Married,8164.0,11112,1,Y,No,11,3,1,80,2,17,4,2,26,0,10,0
1150,19,No,Travel_Rarely,Research & Development,6,1,Marketing,1,2,Male,2,2,Research Director,4,Divorced,19981.0,24103,2,Y,No,15,3,2,80,3,24,1,1,0,0,11,14
1151,-1,Yes,Travel_Rarely,Research & Development,28,3,Human Resources,1,1,Female,4,3,Manager,1,Married,1901.0,8041,2,Y,Yes,23,3,1,80,0,26,1,1,22,9,3,14
1152,25,No,Travel_Rarely,Research & Development,8,4,Human Resources,1,2,Female,2,3,Research Scientist,1,Divorced,10290.0,21984,7,Y,No,25,3,2,80,2,26,0,4,9,1,1,3
1153,39,No,Travel_Rarely,Research & Development,23,5,Other,1,1,Male,4,2,Healthcare Representative,2,Single,19061.0,7210,4,Y,No,20,3,1,80,3,11,1,2,24,16,6,5
1154,23,No,Travel_Rarely,Research & Development,26,5,Human Resources,1,2,Female,2,5,Manufacturing Director,1,Single,3881.0,6508,7,Y,Yes,20,3,4,80,0,22,3,2,2,1,1,9
1155,29,No,Travel_Frequently,Research & Development,13,5,Marketing,1,2,Male,3,1,Research Scientist,4,Married,14058.0,8442,5,Y,No,25,3,2,80,2,16,5,2,5,3,14,11
1156,57,No,Non-Travel,Research & Development,8,5,Human Resources,1,3,Male,2,2,Manufacturing Director,1,Divorced,6622.0,26038,1,Y,No,12,4,4,80,1,6,1,1,5,2,6,3
1157,53,No,Travel_Rarely,Sales,19,1,Human Resources,1,1,Male,1,1,Manager,4,Married,2378.0,8216,3,Y,No,22,3,2,80,1,23,2,4,1,0,7,5
1158,32,No,Travel_Rarely,Research & Development,6,3,Technical Degree,1,3,Female,2,1,Manufacturing Director,3,Divorced,18632.0,26269,8,Y,No,20,3,1,80,0,6,2,2,17,1,11,13
1159,45,No,Non-Travel,Research & Development,29,2,Technical Degree,1,3,Male,1,2,Manager,1,Divorced,6650.0,2260,3,Y,No,23,3,3,80,3,28,2,2,22,13,10,12
1160,35,No,Travel_Rarely,Sales,23,4,Medical,1,1,Female,1,3,Sales Representative,4,Divorced,,8833,4,Y,No,12,3,1,80,3,27,1,3,1,0,7,2
1161,19,Yes,Travel_Frequently,Research & Development,15,5,Life Sciences,1,2,Male,1,5,Research Director,3,Married,10456.0,11527,4,Y,Yes,24,3,3,80,2,22,6,2,11,0,2,14
1162,30,No,Travel_Rarely,Sales,10,5,Life Sciences,1,3,Female,1,1,Sales Executive,4,Married,8036.0,15246,9,Y,No,17,3,4,80,0,9,1,4,21,8,8,2
1163,32,Yes,Travel_Rarely,Research & Development,27,3,Human Resources,1,1,Male,4,1,Manufacturing Director,3,Single,7487.0,7944,7,Y,Yes,21,3,3,80,3,15,0,3,36,19,9,4
1164,37,No,Travel_Rarely,Research & Development,17,3,Medical,1,2,Male,4,3,Research Scientist,2,Divorced,18442.0,24518,5,Y,No,23,3,3,80,1,33,5,3,19,18,15,12
1165,46,No,Travel_Rarely,Sales,1,1,Medical,1,3,Male,2,2,Sales Representative,1,Divorced,19432.0,25259,9,Y,No,13,3,3,80,0,24,6,3,38,35,9,14
1166,59,No,Travel_Rarely,Research & Development,7,1,Other,1,3,Female,2,5,Research Scientist,1,Married,5248.0,25212,6,Y,No,23,3,3,80,1,1,5,1,23,7,15,16
1167,46,No,Travel_Rarely,Research & Development,29,1,Technical Degree,1,3,Male,4,1,Research Scientist,3,Single,19860.0,2334,5,Y,No,18,3,4,80,0,4,6,3,19,12,9,5
1168,20,No,Travel_Rarely,Research & Development,27,4,Medical,1,2,Female,2,1,Manufacturing Director,2,Single,5603.0,9669,4,Y,No,19,4,3,80,2,13,6,2,0,0,5,17
1169,36,Yes,Travel_Rarely,Sales,13,1,Marketing,1,3,Female,2,2,Sales Executive,4,Divorced,13632.0,4779,4,Y,No,24,3,1,80,3,30,4,1,0,0,3,2
1170,20,No,Non-Travel,Sales,3,5,Other,1,2,Male,4,3,Sales Representative,2,Single,1220.0,25712,2,Y,No,23,3,2,80,3,39,0,1,16,3,7,8
1171,31,No,Travel_Rarely,Research & Development,19,1,Human Resources,1,4,Female,4,4,Healthcare Representative,4,Divorced,15226.0,20821,6,Y,No,18,4,2,80,3,5,3,1,0,0,3,7
1172,57,No,Travel_Rarely,Human Resources,15,4,Marketing,1,3,Female,2,3,Human Resources,4,Married,5818.0,21191,9,Y,No,16,3,1,80,1,27,2,1,29,8,3,10
1173,21,No,Travel_Rarely,Research & Development,5,1,Life Sciences,1,4,Male,4,1,Healthcare Representative,1,Married,8349.0,15259,4,Y,Yes,15,3,4,80,3,8,1,1,40,40,10,10
1174,28,No,Non-Travel,Sales,11,1,Technical Degree,1,1,male,3,1,Sales Executive,3,Divorced,6618.0,7190,6,Y,No,13,3,1,80,0,5,4,1,2,1,7,7
1175,48,No,Travel_Rarely,Research & Development,22,5,Marketing,1,3,Male,1,5,Healthcare Representative,1,Single,10856.0,5163,1,Y,No,13,3,1,80,1,16,4,1,10,1,3,0
1176,60,No,Travel_Rarely,Research & Development,18,5,Human Resources,1,1,Male,1,3,Manager,1,Married,5576.0,11094,8,Y,Yes,17,3,3,80,2,39,6,3,23,11,15,1
1177,49,No,Travel_Rarely,Research & Development,3,5,Marketing,1,1,Male,3,4,Manager,1,Divorced,19255.0,13624,7,Y,No,23,3,3,80,1,34,1,4,21,9,0,3
1178,44,No,Travel_Rarely,Sales,6,1,Marketing,1,1,Male,3,5,Sales Executive,4,Married,16207.0,25872,4,Y,No,15,4,4,80,2,11,0,2,25,10,5,1
1179,47,Yes,Travel_Rarely,Research & Development,3,5,Medical,1,4,Female,2,4,Manufacturing Director,1,Married,2462.0,2023,1,Y,No,22,3,4,80,1,17,4,2,12,6,11,1
1180,60,No,Travel_Rarely,Research & Development,5,3,Technical Degree,1,2,Male,2,5,Healthcare Representative,4,Married,16905.0,6652,5,Y,No,24,3,2,80,3,33,5,3,0,0,7,12
1181,19,No,Travel_Frequently,Human Resources,9,2,Life Sciences,1,4,Female,1,3,Manager,3,Single,17252.0,4748,7,Y,No,16,3,4,80,2,0,0,3,23,8,13,5
1182,26,Yes,Travel_Frequently,Research & Development,28,2,Human Resources,1,4,Male,2,1,Manufacturing Director,4,Single,9236.0,20834,6,Y,No,24,3,1,80,3,14,1,1,9,5,13,3
1183,45,No,Travel_Rarely,Research & Development,19,5,Other,1,1,Male,1,4,Laboratory Technician,4,Married,8813.0,10095,7,Y,No,16,3,2,80,1,17,6,4,34,18,2,14
1184,48,No,Travel_Rarely,Human Resources,28,4,Other,1,3,Female,2,3,Human Resources,2,Married,3068.0,5357,3,Y,Yes,19,3,2,80,2,21,0,1,23,15,1,2
1185,51,No,Travel_Frequently,Sales,27,5,Human Resources,1,2,Female,2,4,Sales Executive,1,Married,6753.0,14096,2,Y,Yes,11,3,3,80,0,17,6,3,27,14,5,3
1186,32,No,Travel_Rarely,Human Resources,13,5,Life Sciences,1,1,Male,1,3,Manager,1,Divorced,8237.0,10095,6,Y,No,18,3,3,80,0,0,5,1,35,6,0,16
1187,42,No,Travel_Rarely,Research & Development,29,1,Human Resources,1,2,Male,3,5,Manager,1,Single,15175.0,12680,1,Y,No,20,4,2,80,1,19,2,2,15,15,10,5
1188,53,No,Travel_Rarely,Sales,6,4,Medical,1,4,Male,3,3,Sales Executive,1,Married,7191.0,10083,4,Y,Yes,23,3,3,80,2,35,6,2,39,4,4,1
1189,25,Yes,Travel_Rarely,Research & Development,11,5,Other,1,2,Male,2,5,Research Director,2,Single,18898.0,24356,6,Y,No,23,3,3,80,0,37,6,1,15,15,5,12
1190,26,No,Travel_Rarely,Research & Development,21,3,Other,1,2,Male,3,1,Manager,2,Single,19982.0,15169,0,Y,Yes,15,3,3,80,3,24,1,4,16,0,7,14
1191,54,No,Travel_Rarely,Sales,21,2,Marketing,1,3,Female,2,5,Sales Executive,2,Married,15622.0,26539,3,Y,No,23,3,2,80,3,15,5,1,14,2,6,4
1192,56,No,Travel_Rarely,Research & Development,27,3,Medical,1,1,Male,4,2,Manager,2,Divorced,2001.0,9069,1,Y,Yes,16,3,2,80,1,19,1,1,15,4,5,5
1193,49,No,Non-Travel,Research & Development,14,3,Other,1,2,Male,4,1,Manufacturing Director,1,Single,18417.0,23722,5,Y,Yes,16,3,2,80,3,37,5,4,14,6,1,16
1194,34,No,Travel_Rarely,Research & Development,6,3,Medical,1,2,Male,4,3,Healthcare Representative,4,Married,15877.0,20916,0,Y,Yes,11,3,1,80,3,32,5,4,33,18,11,0
1195,52,No,Travel_Rarely,Sales,6,4,Medical,1,4,Male,3,3,Manager,3,Married,11232.0,7337,6,Y,No,13,3,2,80,3,6,4,4,10,5,7,1
1196,54,No,Travel_Rarely,Research & Development,17,4,Life Sciences,1,4,Male,3,2,Manager,2,Single,5476.0,5773,2,Y,No,22,3,3,80,0,22,4,2,0,0,7,0
1197,36,No,Travel_Rarely,Human Resources,11,4,Other,1,2,Male,1,3,Manager,4,Married,17862.0,17426,0,Y,No,16,3,2,80,2,10,4,1,14,4,10,7
1198,46,No,Travel_Rarely,Human Resources,15,2,Technical Degree,1,1,Male,3,1,Human Resources,2,Divorced,1515.0,24849,7,Y,No,24,3,1,80,1,32,2,3,25,16,4,3
1199,24,No,Non-Travel,Research & Development,9,1,Life Sciences,1,2,Female,2,1,Research Director,1,Married,13478.0,23045,6,Y,Yes,25,3,3,80,2,39,2,4,3,3,2,17
1200,45,No,Travel_Rarely,Sales,21,5,Life Sciences,1,2,Male,1,5,Sales Executive,1,Single,2191.0,4057,1,Y,No,24,3,4,80,2,4,5,4,4,1,11,8
1201,26,No,Travel_Rarely,Research & Development,17,5,Medical,1,3,Female,3,4,Manufacturing Director,4,Married,11860.0,19061,6,Y,No,21,4,2,80,2,40,3,1,34,21,10,14
1202,45,No,Non-Travel,Sales,24,1,Technical Degree,1,1,Male,1,3,Sales Executive,4,Married,14448.0,15138,2,Y,No,21,3,2,80,0,7,1,3,12,7,7,15
1203,23,Yes,Non-Travel,Sales,7,5,Life Sciences,1,3,Male,3,2,Manager,4,Single,7297.0,4974,8,Y,No,19,3,4,80,3,16,4,1,9,0,4,2
1204,46,No,Travel_Frequently,Research & Development,7,3,Technical Degree,1,1,Female,2,1,Manufacturing Director,1,Single,17655.0,26860,7,Y,Yes,16,3,3,80,1,17,1,1,10,1,2,0
1205,34,No,Non-Travel,Research & Development,21,2,Other,1,1,Female,4,1,Research Scientist,1,Single,9334.0,17903,4,Y,No,25,4,2,80,2,26,6,4,17,14,8,12
1206,33,No,Travel_Rarely,Research & Development,1,5,Medical,1,1,Male,4,1,Research Director,3,Single,7008.0,24032,6,Y,No,22,3,1,80,3,30,5,4,33,19,8,13
1207,40,No,Travel_Rarely,Research & Development,25,2,Life Sciences,1,3,Female,2,4,Research Director,4,Single,8987.0,8444,2,Y,No,23,3,3,80,0,3,0,2,38,17,11,5
1208,48,No,Travel_Rarely,Research & Development,27,1,Technical Degree,1,3,Female,1,4,Research Scientist,3,Married,4332.0,20224,0,Y,Yes,16,4,2,80,2,1,5,3,40,9,14,4
1209,20,No,Non-Travel,Sales,25,5,Human Resources,1,3,Female,4,3,Sales Executive,2,Married,1787.0,3878,0,Y,No,11,3,3,80,3,4,2,3,22,3,6,4
1210,38,No,Travel_Rarely,Human Resources,8,2,Life Sciences,1,4,Male,3,2,Human Resources,3,Divorced,7222.0,8289,1,Y,No,19,3,2,80,0,16,3,4,6,4,12,3
1211,43,No,Non-Travel,Research & Development,5,3,Life Sciences,1,3,Female,3,4,Manufacturing Director,2,Married,10873.0,11802,7,Y,No,14,3,4,80,3,38,0,4,38,3,7,11
1212,53,No,Travel_Rarely,Research & Development,19,3,Life Sciences,1,4,Female,1,5,Healthcare Representative,2,Divorced,18006.0,17995,0,Y,Yes,25,3,2,80,1,31,1,4,2,0,12,13
1213,59,No,Travel_Rarely,Sales,8,1,Technical Degree,1,4,Female,1,4,Sales Executive,3,Married,4676.0,25603,4,Y,No,12,3,3,80,3,28,2,3,11,8,4,13
1214,54,Yes,Travel_Rarely,Research & Development,17,4,Marketing,1,4,Female,2,1,Laboratory Technician,4,Single,3572.0,17763,8,Y,No,11,3,2,80,3,15,4,2,6,4,4,10
1215,39,No,Travel_Rarely,Research & Development,19,5,Other,1,2,Female,4,2,Research Scientist,2,Married,7915.0,17037,8,Y,No,13,3,2,80,1,0,0,3,25,17,4,9
1216,59,No,Travel_Rarely,Sales,12,3,Life Sciences,1,2,Male,1,3,Sales Executive,4,Divorced,6033.0,13690,1,Y,No,13,3,3,80,1,11,2,4,32,23,14,9
1217,29,No,Travel_Rarely,Sales,27,3,Human Resources,1,2,Male,4,4,Manager,1,Single,8788.0,12323,6,Y,No,15,3,2,80,3,18,1,4,36,1,1,8
1218,59,No,Travel_Rarely,Research & Development,23,1,Human Resources,1,4,Male,4,1,Manufacturing Director,2,Single,16689.0,5314,0,Y,No,11,3,2,80,1,8,5,2,14,0,2,1
1219,30,No,Travel_Rarely,Research & Development,15,3,Medical,1,4,Male,3,5,Manager,1,Married,12452.0,15417,2,Y,No,17,3,3,80,3,6,1,1,1,1,7,13
1220,28,Yes,Travel_Rarely,Sales,4,5,Marketing,1,1,Male,1,5,Sales Representative,3,Married,5712.0,3378,5,Y,Yes,23,3,4,80,2,29,0,1,40,18,13,6
1221,33,Yes,Travel_Frequently,Human Resources,23,1,Marketing,1,4,Male,2,3,Human Resources,4,Single,1066.0,16356,8,Y,Yes,11,3,1,80,3,14,0,3,6,0,12,16
1222,25,No,Travel_Rarely,Sales,12,2,Technical Degree,1,2,Male,1,3,Manager,3,Single,16855.0,13269,9,Y,No,14,3,1,80,0,3,5,1,31,27,14,7
1223,57,No,Non-Travel,Research & Development,27,1,Medical,1,4,Female,4,4,Research Scientist,2,Single,13478.0,13206,1,Y,No,16,3,1,80,1,5,0,1,3,2,5,3
1224,57,No,Non-Travel,Human Resources,13,5,Technical Degree,1,4,Female,3,3,Human Resources,1,Married,8533.0,7340,6,Y,No,25,3,1,80,2,37,3,3,19,6,8,4
1225,19,No,Travel_Rarely,Research & Development,14,5,Medical,1,1,Male,1,1,Laboratory Technician,2,Married,16103.0,14084,3,Y,No,11,3,1,80,1,34,4,4,35,9,6,12
1226,47,No,Travel_Rarely,Research & Development,5,2,Other,1,4,Female,1,1,Manufacturing Director,3,Married,5616.0,11907,1,Y,No,17,3,1,80,1,1,2,1,31,0,13,6
1227,47,No,Non-Travel,Research & Development,22,1,Marketing,1,3,Male,1,1,Research Director,4,Married,14277.0,2452,2,Y,No,20,3,3,80,1,4,5,4,27,9,14,5
1228,29,No,Travel_Rarely,Sales,16,5,Other,1,1,Female,2,4,Sales Representative,4,Married,18524.0,10533,5,Y,No,25,3,3,80,0,7,1,3,12,4,5,16
1229,27,No,Travel_Rarely,Human Resources,7,5,Technical Degree,1,4,Female,2,4,Manager,2,Single,6730.0,2392,9,Y,No,17,3,3,80,0,29,1,4,0,0,15,5
1230,28,No,Non-Travel,Research & Development,15,2,Medical,1,4,Male,2,3,Research Director,2,Married,11724.0,7471,8,Y,No,13,4,2,80,3,18,4,4,34,8,14,2
1231,32,Yes,Non-Travel,Research & Development,13,4,Marketing,1,1,Male,2,4,Healthcare Representative,1,Single,12772.0,19653,7,Y,No,14,3,4,80,0,29,0,3,29,27,10,8
1232,33,No,Travel_Frequently,Sales,26,1,Marketing,1,4,Male,3,1,Sales Representative,3,Married,17268.0,10137,9,Y,No,16,3,4,80,1,30,0,4,35,14,13,14
1233,34,Yes,Travel_Rarely,Sales,16,5,Life Sciences,1,2,Female,3,2,Sales Executive,2,Married,13940.0,15997,8,Y,Yes,24,3,1,80,2,15,1,1,24,2,3,7
1234,43,Yes,Travel_Rarely,  research & development  ,12,3,Technical Degree,1,3,Female,2,1,Sales Executive,1,Single,17932.0,21434,3,Y,Yes,21,3,1,80,2,37,4,1,15,8,6,14
1235,19,Yes,Travel_Rarely,Research & Development,7,2,Life Sciences,1,3,Male,4,2,Healthcare Representative,2,Single,15643.0,25664,3,Y,No,17,3,3,80,2,21,1,1,18,4,15,0
1236,29,Yes,Travel_Rarely,Research & Development,16,4,Marketing,1,2,Male,2,3,Manufacturing Director,4,Single,1198.0,11162,8,Y,No,24,3,4,80,1,32,0,1,0,0,3,7
1237,43,No,Travel_Rarely,Research & Development,23,4,Technical Degree,1,4,Male,2,5,Manufacturing Director,1,Single,17955.0,12397,7,Y,Yes,23,3,2,80,0,21,5,4,4,0,6,3
1238,40,No,Travel_Rarely,Research & Development,23,2,Technical Degree,1,4,Male,4,4,Manufacturing Director,1,Married,18174.0,17596,1,Y,No,14,3,2,80,2,7,2,1,21,21,4,9
1239,35,No,Travel_Rarely,Human Resources,27,4,Other,1,3,Female,1,4,Manager,2,Divorced,10830.0,6794,7,Y,No,20,3,3,80,1,36,0,4,23,8,1,15
1240,49,No,Travel_Rarely,Sales,13,5,Human Resources,1,4,Male,4,1,Sales Representative,3,Married,14798.0,25794,0,Y,No,21,3,1,80,1,11,5,2,36,22,6,17
1241,55,No,Travel_Rarely,Research & Development,29,4,Medical,1,3,Female,4,1,Manufacturing Director,4,Married,18558.0,18549,8,Y,No,19,3,4,80,2,4,2,4,35,6,7,3
1242,20,No,Travel_Rarely,Research & Development,23,1,Human Resources,1,3,Female,3,2,Research Director,3,Married,12469.0,10446,8,Y,No,19,3,2,80,2,24,6,1,35,22,9,7
1243,55,No,Travel_Rarely,Research & Development,3,3,Human Resources,1,2,Female,1,4,Healthcare Representative,1,Married,1178.0,10493,7,Y,No,19,3,1,80,3,28,3,2,3,3,10,3
1244,20,No,Travel_Rarely,Research & Development,15,5,Marketing,1,3,Male,4,3,Manager,3,Divorced,19628.0,8363,4,Y,No,22,3,4,80,3,12,4,3,35,24,1,9
1245,47,No,Travel_Frequently,Research & Development,28,2,Other,1,4,Male,2,1,Manufacturing Director,1,Divorced,18118.0,13295,4,Y,Yes,20,3,2,80,1,25,5,4,17,8,5,3
1246,18,Yes,Travel_Rarely,Research & Development,3,3,Medical,1,4,Male,4,4,Laboratory Technician,3,Divorced,1798.0,10079,2,Y,No,16,3,1,80,3,21,3,1,15,5,3,15
1247,47,No,Travel_Rarely,Sales,7,5,Human Resources,1,1,Female,3,5,Sales Representative,2,Divorced,8601.0,23414,4,Y,No,12,3,2,80,3,28,0,1,40,33,4,11
1248,49,Yes,Travel_Rarely,Sales,18,3,Human Resources,1,4,Female,4,2,Manager,3,Single,3795.0,14032,3,Y,Yes,12,3,1,80,2,11,6,1,17,8,0,9
1249,45,Yes,Travel_Rarely,Human Resources,14,4,Technical Degree,1,1,Male,2,1,Human Resources,1,Married,13496.0,12748,0,Y,No,21,3,1,80,3,27,4,3,21,16,5,10
1250,38,No,Travel_Rarely,Research & Development,18,2,Marketing,1,3,Female,1,1,Research Scientist,4,Divorced,5588.0,3505,8,Y,No,14,3,1,80,1,8,5,2,1,0,11,1
1251,30,No,Non-Travel,Research & Development,19,2,Human Resources,1,4,Male,3,3,Research Scientist,4,Married,8297.0,11448,9,Y,No,19,3,4,80,2,9,6,2,20,18,11,15
1252,44,No,Travel_Rarely,Research & Development,14,1,Medical,1,2,Male,1,1,Manager,4,Divorced,4084.0,15240,3,Y,No,13,4,3,80,3,25,0,1,35,5,10,11
1253,53,No,Travel_Rarely,Sales,20,4,Life Sciences,1,2,Male,3,4,Sales Representative,1,Single,12110.0,9409,2,Y,No,16,3,1,80,3,35,4,4,38,36,13,3
1254,24,Yes,Travel_Rarely,Sales,6,1,Life Sciences,1,2,Male,2,4,Sales Representative,3,Married,1731.0,22724,5,Y,No,12,3,1,80,3,39,4,1,38,30,14,16
1255,39,Yes,Non-Travel,Research & Development,29,1,Marketing,1,3,Male,3,4,Research Scientist,4,Divorced,2129.0,2209,0,Y,No,25,4,2,80,0,10,0,1,28,1,7,11
1256,27,Yes,Travel_Rarely,Research & Development,8,4,Life Sciences,1,3,Male,1,5,Laboratory Technician,4,Married,2605.0,22177,4,Y,Yes,11,3,2,80,3,5,0,4,25,8,1,15
1257,56,No,Non-Travel,Sales,26,5,Technical Degree,1,1,Female,1,5,Sales Executive,4,Married,12970.0,22905,6,Y,No,22,4,4,80,3,3,6,1,20,13,0,2
1258,32,No,Travel_Rarely,Research & Development,26,1,Technical Degree,1,2,Female,4,1,Research Director,2,Single,11937.0,21431,1,Y,No,15,3,3,80,1,26,6,3,16,3,8,1
1259,32,No,Non-Travel,Sales,7,3,Medical,1,1,Male,1,5,Sales Representative,1,Married,12362.0,19364,9,Y,Yes,18,3,2,80,3,23,5,1,15,3,14,6
1260,21,No,Travel_Rarely,Research & Development,20,5,Other,1,1,Female,4,5,Laboratory Technician,1,Divorced,3933.0,4119,8,Y,Yes,20,3,4,80,0,4,4,3,30,20,1,5
1261,49,Yes,Travel_Rarely,Sales,18,4,Marketing,1,4,Male,1,3,Manager,1,Married,16187.0,22129,5,Y,No,20,4,4,80,2,2,5,1,8,7,7,0
1262,40,Yes,Travel_Rarely,Research & Development,18,2,Marketing,1,4,Male,4,5,Healthcare Representative,1,Single,6074.0,2177,1,Y,No,12,4,4,80,3,6,6,2,30,25,14,14
1263,23,No,Travel_Rarely,Research & Development,15,5,Life Sciences,1,2,Female,2,2,Manufacturing Director,1,Single,15037.0,3546,7,Y,Yes,20,3,1,80,3,23,4,4,13,3,4,11
1264,41,No,Travel_Rarely,Research & Development,20,1,Human Resources,1,3,Female,4,2,Laboratory Technician,2,Divorced,8099.0,16186,7,Y,Yes,19,3,3,80,1,21,5,2,36,20,15,12
1265,37,No,Travel_Rarely,Sales,22,3,Human Resources,1,4,Female,1,2,Sales Executive,3,Married,18874.0,12226,0,Y,No,22,3,3,80,3,11,0,1,1,1,1,7
1266,54,No,Travel_Rarely,Sales,19,4,Other,1,3,Female,2,1,Sales Executive,2,Single,1893.0,26874,0,Y,Yes,18,3,3,80,3,34,0,1,13,3,4,8
1267,37,No,Travel_Rarely,Research & Development,22,2,Human Resources,1,1,Female,3,4,Research Director,4,Single,2390.0,21950,0,Y,No,13,3,1,80,3,16,1,3,32,15,15,0
1268,29,No,Travel_Rarely,Research & Development,21,3,Other,1,1,Male,1,3,Research Director,2,Divorced,5239.0,14231,3,Y,No,11,3,1,80,3,2,6,1,34,21,8,4
1269,50,Yes,Non-Travel,Research & Development,21,2,Medical,1,1,Female,4,1,Research Scientist,1,Divorced,19647.0,18658,3,Y,No,14,3,2,80,2,10,5,1,38,11,5,6
1270,45,No,Non-Travel,Sales,2,4,Marketing,1,1,Male,3,4,Manager,2,Single,4432.0,16016,7,Y,No,18,4,2,80,1,5,1,1,19,15,2,17
1271,25,No,Travel_Rarely,Research & Development,8,5,Life Sciences,1,2,Female,4,3,Manager,1,Single,3371.0,16134,0,Y,Yes,13,4,2,80,2,35,1,2,1,0,11,7
1272,18,Yes,Travel_Rarely,Research & Development,21,1,Medical,1,1,Male,3,3,Healthcare Representative,2,Divorced,2515.0,21379,9,Y,No,20,3,4,80,0,16,3,3,40,39,7,9
1273,-1,No,Travel_Rarely,Research & Development,11,4,Technical Degree,1,4,Male,2,3,Research Director,1,Married,16906.0,16082,2,Y,Yes,22,3,3,80,3,21,4,2,18,5,13,7
1274,39,No,Travel_Rarely,Sales,18,3,Technical Degree,1,1,Female,1,2,Sales Executive,4,Divorced,7326.0,18436,0,Y,No,12,4,1,80,0,0,2,3,36,36,0,11
1275,23,No,Travel_Rarely,Research & Development,23,5,Technical Degree,1,3,Male,2,2,Research Director,1,Married,15605.0,9775,8,Y,No,17,3,2,80,2,2,3,2,17,17,8,15
1276,38,Yes,Travel_Rarely,Sales,13,2,Other,1,4,Female,1,2,Sales Executive,2,Married,6586.0,18175,9,Y,Yes,14,3,4,80,0,15,6,1,15,9,8,11
1277,49,No,Travel_Rarely,Sales,9,5,Other,1,3,Male,3,3,Sales Representative,4,Married,3917.0,16133,8,Y,No,16,3,1,80,3,34,4,2,3,1,15,2
1278,52,No,Travel_Frequently,Human Resources,9,5,Marketing,1,3,Female,2,3,Human Resources,2,Divorced,16901.0,11615,6,Y,No,15,4,4,80,0,13,2,2,11,6,3,17
1279,32,No,Travel_Rarely,Sales,17,3,Technical Degree,1,2,Male,1,2,Sales Representative,4,Married,18551.0,18368,7,Y,No,12,3,4,80,2,6,1,3,28,17,12,4
1280,22,No,Travel_Rarely,Research & Development,7,1,Other,1,2,Male,3,3,Research Scientist,3,Single,4793.0,20011,0,Y,No,20,3,4,80,3,25,2,3,6,0,7,13
1281,23,No,Travel_Rarely,Research & Development,9,5,Other,1,3,Male,2,2,Manager,3,Married,10947.0,24427,4,Y,No,12,3,3,80,1,30,0,2,13,6,10,15
1282,42,No,Non-Travel,Research & Development,22,5,Human Resources,1,3,Female,2,2,Healthcare Representative,3,Divorced,16859.0,26207,1,Y,No,24,4,1,80,2,23,6,3,11,4,13,5
1283,57,No,Travel_Rarely,Research & Development,1,1,Other,1,1,Female,2,2,Manufacturing Director,2,Married,2577.0,16837,0,Y,No,19,3,1,80,3,18,0,3,34,0,13,15
1284,46,No,Travel_Frequently,Sales,2,1,Technical Degree,1,4,Male,2,4,Sales Executive,2,Married,10488.0,12546,2,Y,No,21,3,4,80,1,36,5,3,4,3,15,13
1285,24,No,Travel_Rarely,Research & Development,4,2,Medical,1,1,Female,4,3,Laboratory Technician,4,Married,19604.0,26992,6,Y,No,20,3,3,80,0,0,4,4,16,9,10,4
1286,57,No,Travel_Rarely,Research & Development,14,2,Technical Degree,1,2,Female,3,1,Research Director,4,Single,10164.0,12748,0,Y,No,12,4,4,80,0,24,3,3,31,22,2,13
1287,30,No,Travel_Rarely,Sales,4,1,Human Resources,1,2,Female,4,2,Sales Executive,4,Single,2030.0,3553,1,Y,No,18,3,2,80,0,9,6,4,9,8,12,10
1288,55,No,Travel_Rarely,Research & Development,2,4,Technical Degree,1,1,Male,3,1,Research Scientist,4,Single,16881.0,4469,1,Y,No,18,3,1,80,3,17,1,4,16,1,5,8
1289,35,No,Travel_Frequently,Sales,8,1,Life Sciences,1,4,Male,3,4,Sales Representative,1,Married,11785.0,18299,3,Y,No,11,4,1,80,0,0,6,3,4,3,9,6
1290,19,Yes,Travel_Rarely,Sales,18,2,Human Resources,1,3,Male,3,3,Sales Representative,3,Married,7691.0,3474,2,Y,No,11,3,3,80,0,28,4,2,8,0,9,4
1291,25,Yes,Travel_Frequently,Research & Development,19,3,Marketing,1,1,Male,1,2,Healthcare Representative,1,Divorced,18297.0,17786,2,Y,No,23,3,1,80,1,12,1,3,32,9,7,14
1292,28,Yes,Travel_Rarely,Sales,14,3,Technical Degree,1,2,Male,3,2,Sales Representative,1,Divorced,7358.0,24861,9,Y,No,14,4,1,80,1,3,0,1,35,19,10,12
1293,50,No,Travel_Rarely,Research & Development,20,5,Other,1,4,Male,2,2,Manager,1,Married,19565.0,15759,4,Y,No,12,3,1,80,1,11,6,2,35,0,8,11
1294,55,Yes,Travel_Rarely,Research & Development,25,3,Medical,1,2,Male,4,1,Research Scientist,1,Married,2462.0,2337,2,Y,Yes,22,3,3,80,3,18,3,4,17,12,7,14
1295,44,Yes,Travel_Rarely,Research & Development,10,2,Technical Degree,1,4,Female,2,4,Research Scientist,3,Single,16511.0,8991,6,Y,Yes,25,3,4,80,2,25,3,4,8,0,8,9
1296,37,No,Non-Travel,Sales,17,3,Medical,1,4,male,2,3,Sales Executive,1,Single,11570.0,13351,4,Y,No,11,3,1,80,0,37,0,2,28,4,3,16
1297,29,Yes,Travel_Rarely,Sales,8,4,Life Sciences,1,4,Female,4,4,Sales Executive,4,Single,16897.0,26844,3,Y,No,19,3,4,80,0,15,2,2,13,0,9,15
1298,60,No,Travel_Rarely,Sales,28,1,Marketing,1,1,Male,2,2,Sales Executive,2,Married,12646.0,3087,2,Y,No,23,3,3,80,3,24,3,3,24,22,0,4
1299,48,No,Travel_Rarely,Research & Development,14,1,Other,1,1,Male,1,4,Research Scientist,4,Single,16474.0,3293,3,Y,Yes,13,4,4,80,0,9,2,4,14,12,6,3
1300,44,No,Travel_Rarely,Research & Development,21,2,Human Resources,1,1,Male,2,1,Research Director,2,Single,8037.0,10848,1,Y,No,24,3,2,80,3,36,1,1,5,2,10,9
1301,49,Yes,Travel_Rarely,Sales,23,5,Human Resources,1,4,Male,2,5,Manager,4,Married,10499.0,7964,0,Y,Yes,24,3,1,80,3,27,3,3,28,16,11,5
1302,27,No,Travel_Rarely,Human Resources,8,1,Marketing,1,4,Male,4,5,Human Resources,4,Married,14386.0,4828,2,Y,No,24,3,3,80,3,27,5,2,14,0,9,10
1303,20,No,Travel_Rarely,Sales,5,3,Life Sciences,1,2,Male,2,3,Manager,2,Married,7221.0,8472,1,Y,No,11,3,3,80,2,24,0,4,28,1,3,10
1304,44,No,Travel_Rarely,Research & Development,16,4,Life Sciences,1,3,Male,4,3,Research Scientist,3,Married,8769.0,22357,0,Y,Yes,12,3,4,80,3,24,6,2,3,0,0,15
1305,52,No,Travel_Rarely,Research & Development,8,5,Technical Degree,1,1,Female,3,4,Research Director,1,Single,18071.0,25045,0,Y,No,18,3,1,80,2,11,2,2,17,13,2,13
1306,48,No,Travel_Rarely,Research & Development,10,5,Life Sciences,1,4,Female,3,3,Healthcare Representative,4,Single,15356.0,23341,1,Y,No,15,3,3,80,2,7,5,2,38,10,6,3
1307,32,No,Travel_Rarely,Research & Development,27,5,Technical Degree,1,2,Male,1,1,Manager,3,Single,19278.0,8564,8,Y,Yes,21,3,2,80,0,35,1,3,15,11,10,4
1308,33,Yes,Travel_Rarely,Research & Development,8,1,Medical,1,2,Male,4,2,Healthcare Representative,1,Single,8389.0,3336,4,Y,No,17,3,4,80,1,38,1,1,10,9,2,16
1309,30,No,Travel_Rarely,Research & Development,9,5,Marketing,1,2,Female,4,2,Healthcare Representative,3,Married,5922.0,12548,8,Y,No,16,3,2,80,2,23,3,1,13,2,0,17
1310,52,Yes,Travel_Rarely,Research & Development,18,2,Medical,1,1,Male,4,4,Research Director,3,Divorced,14639.0,17149,7,Y,Yes,23,3,2,80,2,22,3,4,2,0,6,7
1311,28,No,Travel_Rarely,Sales,3,3,Medical,1,1,Male,1,2,Manager,1,Married,,17181,5,Y,No,11,3,4,80,1,36,5,2,37,30,7,3
1312,38,No,Travel_Rarely,Research & Development,17,4,Medical,1,3,Male,1,4,Manager,4,Married,6178.0,3667,0,Y,No,16,4,2,80,2,10,4,1,17,16,14,17
1313,28,Yes,Travel_Rarely,Research & Development,20,3,Medical,1,2,Male,2,3,Research Director,3,Divorced,16240.0,20209,9,Y,No,21,3,4,80,1,16,4,2,19,14,4,10
1314,47,No,Travel_Rarely,Research & Development,15,2,Human Resources,1,1,Male,4,3,Research Scientist,4,Single,4968.0,3212,4,Y,No,17,3,4,80,0,27,3,4,24,8,5,13
1315,52,No,Travel_Rarely,Research & Development,21,2,Life Sciences,1,2,Female,1,1,Manufacturing Director,4,Single,3716.0,4768,0,Y,No,14,3,3,80,3,2,4,2,37,9,13,12
1316,39,No,Travel_Rarely,Research & Development,27,3,Marketing,1,4,Male,3,2,Healthcare Representative,4,Married,17574.0,14607,6,Y,No,18,3,3,80,1,1,0,1,12,7,2,15
1317,55,No,Non-Travel,Research & Development,17,1,Marketing,1,2,Male,3,1,Manufacturing Director,1,Married,14511.0,24160,9,Y,No,18,3,2,80,3,28,5,2,3,0,13,11
1318,48,No,Travel_Rarely,Research & Development,8,2,Other,1,3,Male,4,5,Research Director,2,Married,18719.0,18828,7,Y,No,17,3,2,80,1,33,0,1,13,12,4,8
1319,31,No,Travel_Rarely,Sales,2,5,Medical,1,1,Female,3,1,Sales Executive,4,Married,9181.0,11589,7,Y,No,21,3,2,80,3,13,4,4,32,4,2,6
1320,41,No,Travel_Rarely,Sales,17,4,Marketing,1,4,Male,2,4,Sales Executive,2,Single,13995.0,22765,6,Y,No,25,3,2,80,0,32,3,2,27,5,12,9
1321,49,No,Travel_Rarely,Sales,18,4,Technical Degree,1,1,Male,2,4,Sales Executive,2,Married,12298.0,5676,1,Y,No,12,3,2,80,2,17,0,1,36,29,1,16
1322,53,No,Travel_Rarely,Sales,29,2,Marketing,1,4,Male,4,1,Sales Executive,3,Single,17762.0,20694,4,Y,No,16,3,3,80,0,28,1,4,7,6,13,17
1323,49,No,Travel_Frequently,  research & development  ,5,5,Medical,1,2,Male,1,3,Research Director,4,Married,7380.0,22424,3,Y,No,16,4,2,80,2,1,6,2,33,16,6,6
1324,32,No,Travel_Frequently,Sales,9,3,Marketing,1,2,Male,1,5,Sales Representative,4,Divorced,1615.0,9085,4,Y,No,22,3,2,80,3,10,3,4,4,2,9,2
1325,60,No,Non-Travel,Human Resources,9,4,Life Sciences,1,3,Male,1,1,Human Resources,4,Single,19714.0,20211,9,Y,Yes,25,3,1,80,3,30,5,1,4,3,10,14
1326,52,No,Travel_Rarely,Research & Development,2,5,Medical,1,3,Female,1,3,Manufacturing Director,2,Single,19138.0,24669,8,Y,No,22,3,4,80,2,12,2,2,30,15,6,15
1327,20,Yes,Non-Travel,Sales,2,5,Human Resources,1,4,Female,4,1,Sales Representative,1,Single,1463.0,21603,3,Y,No,17,4,4,80,1,25,2,2,8,8,11,16
1328,33,No,Travel_Rarely,Research & Development,19,1,Life Sciences,1,3,Male,2,2,Research Director,2,Single,10158.0,23943,7,Y,No,16,3,3,80,0,33,3,2,31,1,7,12
1329,22,No,Non-Travel,Research & Development,23,2,Marketing,1,3,Male,4,4,Research Scientist,4,Married,4158.0,25155,7,Y,No,12,3,4,80,1,9,4,4,32,0,11,2
1330,38,No,Non-Travel,Research & Development,27,5,Human Resources,1,3,Male,4,2,Healthcare Representative,4,Married,14434.0,6688,1,Y,Yes,18,3,2,80,3,11,0,4,2,1,0,4
1331,27,No,Non-Travel,Research & Development,3,3,Other,1,3,Female,3,2,Manager,4,Divorced,5938.0,6511,5,Y,Yes,25,3,4,80,0,21,0,1,29,25,1,8
1332,36,No,Travel_Frequently,Research & Development,17,4,Life Sciences,1,2,Male,2,5,Manager,2,Married,6417.0,20456,4,Y,Yes,14,3,3,80,0,30,3,3,11,8,1,17
1333,42,No,Travel_Rarely,Sales,14,1,Other,1,3,Female,1,3,Sales Executive,4,Single,9881.0,25154,1,Y,No,19,4,4,80,1,18,1,2,28,2,11,10
1334,21,No,Non-Travel,Human Resources,14,3,Technical Degree,1,2,Female,2,4,Human Resources,3,Single,6603.0,16640,9,Y,No,18,3,4,80,2,23,5,2,2,0,2,10
1335,46,No,Travel_Rarely,Human Resources,14,4,Life Sciences,1,2,Female,3,2,Human Resources,4,Single,3212.0,24712,3,Y,Yes,24,3,1,80,2,24,4,1,25,21,6,15
1336,36,Yes,Travel_Rarely,Research & Development,6,2,Human Resources,1,1,Female,4,4,Research Scientist,1,Single,17766.0,20714,6,Y,Yes,13,3,1,80,0,34,1,2,29,22,6,7
1337,60,No,Travel_Rarely,Sales,3,3,Other,1,2,Female,2,3,Manager,3,Married,19640.0,15466,0,Y,No,13,3,2,80,2,7,3,4,8,1,6,1
1338,19,No,Travel_Rarely,Research & Development,1,4,Technical Degree,1,2,Male,3,1,Manufacturing Director,4,Single,12695.0,2685,8,Y,No,18,3,4,80,3,4,3,4,25,10,0,9
1339,27,No,Non-Travel,Sales,16,1,Other,1,3,Male,4,2,Sales Representative,3,Divorced,18796.0,23342,9,Y,No,12,3,2,80,1,21,1,2,1,1,1,5
1340,60,Yes,Travel_Rarely,Sales,29,4,Marketing,1,2,Male,1,3,Sales Representative,4,Married,10775.0,2684,0,Y,No,19,3,4,80,1,27,2,2,2,1,7,3
1341,42,No,Travel_Rarely,Sales,4,5,Medical,1,4,Male,2,4,Sales Representative,1,Married,15559.0,17001,4,Y,No,14,3,2,80,1,11,3,4,3,1,8,4
1342,37,No,Travel_Rarely,Research & Development,29,1,Other,1,3,Female,1,3,Manufacturing Director,4,Married,7146.0,10532,6,Y,Yes,25,3,2,80,0,32,5,2,24,5,9,10
1343,36,Yes,Travel_Rarely,Research & Development,1,3,Marketing,1,3,Male,1,1,Manager,3,Married,1371.0,14891,7,Y,Yes,16,4,4,80,0,15,6,4,12,1,12,11
1344,40,No,Travel_Frequently,Research & Development,17,2,Medical,1,3,Female,3,3,Research Scientist,1,Married,6565.0,2733,1,Y,No,13,3,1,80,2,25,4,3,38,1,6,15
1345,41,No,Travel_Rarely,Research & Development,28,1,Medical,1,1,Male,3,4,Manufacturing Director,2,Married,9802.0,3496,3,Y,Yes,13,3,3,80,1,11,1,3,34,29,12,13
1346,28,No,Non-Travel,Research & Development,18,1,Human Resources,1,3,Female,4,2,Laboratory Technician,1,Single,9307.0,17154,1,Y,No,13,3,2,80,3,22,2,2,22,1,0,13
1347,51,No,Travel_Rarely,Research & Development,26,1,Technical Degree,1,2,Male,1,2,Research Director,1,Divorced,8437.0,13146,3,Y,No,21,4,3,80,3,25,1,2,8,0,14,14
1348,45,No,Travel_Frequently,Research & Development,8,4,Technical Degree,1,4,Male,3,5,Healthcare Representative,1,Single,1446.0,7450,5,Y,Yes,23,3,4,80,1,40,2,2,1,0,14,7
1349,22,No,Travel_Rarely,Human Resources,2,5,Life Sciences,1,3,Male,3,4,Human Resources,3,Married,2391.0,6635,5,Y,Yes,20,3,2,80,0,12,2,4,40,7,11,4
1350,22,No,Travel_Rarely,Sales,27,2,Marketing,1,3,Female,1,5,Sales Executive,1,Married,12516.0,20116,1,Y,No,22,3,4,80,0,22,5,3,30,15,3,8
1351,38,No,Non-Travel,Research & Development,18,2,Human Resources,1,4,Male,4,5,Research Scientist,4,Single,18724.0,13227,3,Y,No,24,3,2,80,0,30,4,3,1,1,9,15
1352,29,No,Travel_Rarely,Research & Development,27,5,Other,1,3,Male,1,1,Manufacturing Director,1,Single,16454.0,16023,3,Y,No,24,4,1,80,3,35,3,1,31,12,7,2
1353,21,No,Travel_Rarely,Research & Development,27,4,Marketing,1,1,Male,4,4,Laboratory Technician,1,Single,12891.0,24911,0,Y,Yes,24,4,2,80,1,26,2,1,17,14,15,11
1354,59,No,Travel_Rarely,Research & Development,16,4,Other,1,2,Female,4,2,Healthcare Representative,4,Married,15998.0,25109,1,Y,Yes,22,4,2,80,3,35,3,2,12,4,13,6
1355,37,No,Non-Travel,Research & Development,26,5,Other,1,4,Male,3,4,Research Scientist,4,Married,6969.0,8303,2,Y,Yes,12,3,2,80,1,22,4,4,4,3,12,16
1356,55,No,Travel_Rarely,Research & Development,10,5,Other,1,4,Female,1,1,Laboratory Technician,2,Divorced,10265.0,12671,4,Y,No,18,3,4,80,3,37,3,2,9,7,4,14
1357,42,No,Travel_Rarely,Human Resources,8,3,Life Sciences,1,1,Male,1,4,Human Resources,1,Married,16861.0,26415,7,Y,No,19,3,1,80,3,2,5,3,24,9,0,14
1358,31,No,Travel_Rarely,Research & Development,12,4,Life Sciences,1,2,Male,3,4,Research Director,3,Single,6454.0,19803,5,Y,No,25,3,4,80,2,29,5,2,33,4,6,11
1359,28,No,Travel_Rarely,Sales,22,1,Human Resources,1,1,Female,2,5,Sales Executive,1,Married,4150.0,12181,2,Y,No,18,3,3,80,3,31,0,2,36,18,5,1
1360,49,No,Non-Travel,Research & Development,16,2,Life Sciences,1,2,Male,2,4,Laboratory Technician,1,Married,16386.0,6710,5,Y,Yes,25,3,1,80,1,14,5,3,29,14,8,7
1361,28,No,Travel_Rarely,Human Resources,12,4,Human Resources,1,1,Female,1,5,Manager,4,Married,7414.0,10679,6,Y,No,20,4,2,80,3,37,2,3,6,5,3,4
1362,35,No,Travel_Rarely,Sales,11,5,Life Sciences,1,3,Male,3,5,Manager,2,Married,5657.0,15500,5,Y,No,13,4,2,80,2,10,4,3,5,2,3,2
1363,44,No,Travel_Frequently,Research & Development,20,1,Technical Degree,1,1,Female,4,3,Healthcare Representative,1,Married,11486.0,3441,9,Y,No,17,3,2,80,2,1,5,3,2,2,7,0
1364,35,No,Travel_Rarely,Research & Development,19,3,Human Resources,1,4,Female,4,1,Research Director,3,Single,15894.0,4390,5,Y,No,21,3,3,80,1,25,1,1,12,4,13,15
1365,40,No,Non-Travel,Research & Development,1,3,Technical Degree,1,4,Female,1,5,Laboratory Technician,1,Married,6480.0,3384,0,Y,No,20,3,3,80,2,33,4,4,2,2,13,9
1366,28,No,Non-Travel,Sales,27,1,Technical Degree,1,4,Male,3,4,Sales Representative,3,Single,9033.0,20540,2,Y,No,12,3,2,80,2,0,2,4,25,19,3,9
1367,38,No,Travel_Rarely,Research & Development,3,1,Human Resources,1,1,Male,1,5,Laboratory Technician,4,Married,1983.0,15136,6,Y,No,14,3,2,80,0,10,4,3,23,19,2,10
1368,22,No,Non-Travel,Human Resources,12,5,Marketing,1,4,Female,1,5,Human Resources,2,Single,9543.0,6396,3,Y,Yes,22,3,3,80,1,4,5,4,5,4,6,11
1369,40,Yes,Travel_Rarely,Sales,9,5,Medical,1,4,Female,3,5,Sales Representative,1,Divorced,10916.0,3391,3,Y,No,23,4,4,80,2,25,1,4,11,1,12,7
1370,58,No,Travel_Rarely,Sales,21,2,Life Sciences,1,3,Male,1,2,Sales Executive,2,Married,11143.0,25806,6,Y,Yes,24,3,1,80,2,5,0,4,35,9,4,4
1371,42,Yes,Travel_Rarely,Human Resources,29,2,Other,1,3,Male,4,2,Human Resources,1,Married,16581.0,23819,8,Y,No,23,3,1,80,2,34,2,4,1,1,8,8
1372,58,No,Travel_Rarely,Sales,22,3,Life Sciences,1,2,Male,2,2,Manager,3,Divorced,2907.0,23184,1,Y,Yes,16,3,3,80,1,4,6,3,10,9,4,10
1373,27,No,Travel_Rarely,Research & Development,5,1,Other,1,2,Female,4,2,Manufacturing Director,2,Divorced,10216.0,21526,8,Y,No,21,3,3,80,0,8,2,2,38,29,8,14
1374,39,No,Travel_Rarely,Research & Development,1,3,Marketing,1,2,Male,2,3,Healthcare Representative,1,Married,9737.0,18652,2,Y,No,15,3,4,80,3,27,4,2,33,8,5,16
1375,36,No,Non-Travel,Sales,10,5,Medical,1,1,Male,3,5,Sales Representative,4,Single,14757.0,22301,5,Y,No,23,3,2,80,0,18,6,2,25,13,5,10
1376,18,No,Travel_Rarely,Research & Development,17,4,Marketing,1,2,Male,1,3,Healthcare Representative,3,Divorced,5174.0,11716,3,Y,Yes,19,4,3,80,1,4,6,1,17,9,10,12
1377,24,No,Travel_Rarely,Research & Development,4,5,Medical,1,1,Male,2,4,Research Director,2,Married,16708.0,17568,0,Y,Yes,20,3,4,80,1,22,3,4,20,3,14,16
1378,21,No,Travel_Rarely,Research & Development,15,4,Human Resources,1,1,Male,3,1,Laboratory Technician,1,Married,10297.0,10669,8,Y,No,14,3,3,80,1,15,6,3,35,5,5,6
1379,18,No,Non-Travel,Research & Development,19,1,Human Resources,1,2,Female,3,3,Research Director,2,Divorced,2990.0,6271,5,Y,No,15,3,2,80,3,6,3,3,39,13,6,8
1380,32,Yes,Travel_Rarely,Research & Development,27,1,Other,1,2,Male,3,2,Manager,1,Single,6596.0,18622,7,Y,No,14,3,3,80,1,13,6,1,21,3,11,17
1381,57,No,Travel_Rarely,Sales,8,1,Technical Degree,1,1,Female,4,2,Manager,3,Single,17374.0,17228,1,Y,No,24,3,2,80,0,21,1,3,29,25,10,17
1382,29,No,Travel_Rarely,Research & Development,28,2,Technical Degree,1,3,Male,4,4,Manager,4,Married,4775.0,16256,6,Y,No,23,3,4,80,2,8,0,2,29,14,3,9
1383,39,Yes,Travel_Rarely,Human Resources,28,2,Other,1,4,Male,2,5,Manager,3,Married,19445.0,25386,5,Y,No,24,3,1,80,2,22,0,1,7,7,3,11
1384,39,No,Travel_Rarely,Sales,23,4,Human Resources,1,4,Male,2,1,Sales Representative,2,Married,16706.0,26152,1,Y,No,18,3,4,80,1,3,6,3,33,16,8,17
1385,34,No,Travel_Frequently,Research & Development,15,3,Other,1,4,Female,4,3,Research Scientist,2,Married,15645.0,24267,1,Y,No,23,3,1,80,1,25,4,1,8,2,14,8
1386,46,No,Travel_Rarely,Research & Development,27,3,Technical Degree,1,3,Female,2,5,Research Scientist,1,Married,14668.0,14779,3,Y,No,18,3,4,80,3,40,4,1,19,18,11,8
1387,31,No,Travel_Rarely,Research & Development,7,4,Other,1,1,Male,2,5,Manager,3,Married,16960.0,16434,3,Y,Yes,25,4,1,80,2,5,3,3,39,5,6,9
1388,37,No,Travel_Rarely,Sales,15,2,Human Resources,1,2,Male,1,3,Manager,1,Divorced,12357.0,14732,2,Y,Yes,13,3,4,80,3,30,5,2,24,10,10,0
1389,50,No,Non-Travel,Human Resources,8,5,Marketing,1,1,Female,2,3,Human Resources,3,Single,5435.0,24169,7,Y,No,11,3,2,80,3,16,0,3,18,15,9,10
1390,60,No,Travel_Rarely,Research & Development,26,4,Life Sciences,1,1,Female,3,3,Research Scientist,2,Married,16804.0,7093,6,Y,Yes,16,3,1,80,3,8,5,4,4,0,5,13
1391,32,No,Travel_Rarely,Sales,23,3,Human Resources,1,2,Male,1,3,Manager,1,Divorced,18429.0,8438,1,Y,No,12,4,1,80,3,26,0,4,10,7,0,9
1392,29,No,Travel_Rarely,Sales,10,4,Other,1,3,Female,2,2,Sales Executive,1,Married,,14729,2,Y,No,12,3,2,80,0,5,5,3,14,10,6,13
1393,57,No,Travel_Rarely,Sales,18,4,Human Resources,1,4,Male,1,5,Manager,3,Married,8951.0,24558,9,Y,No,13,3,2,80,1,5,5,2,7,7,5,9
1394,37,No,Travel_Rarely,Research & Development,4,1,Human Resources,1,4,Male,3,5,Laboratory Technician,4,Single,7449.0,11943,8,Y,No,18,3,1,80,1,3,0,4,18,6,11,16
1395,47,Yes,Travel_Rarely,Research & Development,15,2,Technical Degree,1,1,Male,2,2,Research Director,3,Divorced,4199.0,23829,4,Y,Yes,13,4,1,80,3,2,1,4,22,21,3,1
1396,55,No,Travel_Rarely,Research & Development,11,1,Other,1,3,Male,1,5,Research Director,4,Married,7768.0,21722,1,Y,Yes,17,3,1,80,3,23,1,3,26,24,12,13
1397,20,No,Travel_Rarely,Research & Development,22,2,Technical Degree,1,4,Female,2,3,Manager,3,Married,10130.0,4333,2,Y,No,20,3,3,80,0,17,4,3,39,18,7,17
1398,45,Yes,Non-Travel,Sales,3,4,Other,1,3,Male,1,1,Sales Executive,2,Married,9633.0,6386,7,Y,Yes,24,4,4,80,3,31,5,3,31,30,6,1
1399,43,No,Travel_Rarely,Research & Development,15,2,Technical Degree,1,2,Male,1,5,Research Scientist,1,Married,19934.0,14655,3,Y,No,20,3,2,80,0,20,5,1,25,25,7,7
1400,47,No,Travel_Rarely,Research & Development,3,3,Technical Degree,1,1,Female,3,1,Research Scientist,3,Married,5225.0,22965,1,Y,No,19,3,2,80,0,28,5,1,26,9,8,5
1401,30,No,Travel_Rarely,Sales,15,1,Marketing,1,1,Male,3,1,Sales Representative,2,Married,17980.0,25082,1,Y,No,23,3,4,80,3,31,5,1,18,8,0,6
1402,30,No,Travel_Rarely,Sales,6,4,Human Resources,1,3,Male,2,2,Sales Executive,3,Married,7054.0,18316,5,Y,No,18,3,2,80,1,24,5,3,28,3,15,12
1403,19,No,Travel_Rarely,Sales,1,3,Marketing,1,4,Female,4,4,Sales Representative,1,Married,2505.0,10359,7,Y,No,11,3,2,80,0,11,3,2,38,22,2,1
1404,54,No,Travel_Frequently,Research & Development,14,2,Technical Degree,1,3,Male,2,5,Healthcare Representative,3,Married,10053.0,16172,6,Y,No,17,4,1,80,1,8,2,4,40,12,1,6
1405,55,No,Travel_Rarely,Research & Development,16,2,Marketing,1,2,Male,1,2,Laboratory Technician,4,Single,16749.0,5542,3,Y,Yes,17,3,2,80,1,6,5,1,32,24,2,0
1406,19,No,Travel_Rarely,Research & Development,1,3,Human Resources,1,4,Male,3,2,Manufacturing Director,1,Single,11832.0,24270,1,Y,No,18,3,3,80,0,13,3,2,18,1,10,5
1407,53,No,Travel_Rarely,Research & Development,21,2,Human Resources,1,4,Male,3,1,Healthcare Representative,4,Divorced,17344.0,17529,8,Y,No,20,4,3,80,2,19,1,3,36,1,10,15
1408,43,No,Travel_Rarely,Research & Development,17,1,Technical Degree,1,3,Female,1,5,Research Director,2,Married,15783.0,10054,3,Y,No,15,4,1,80,0,19,5,1,18,15,15,7
1409,28,No,Travel_Rarely,Research & Development,26,5,Human Resources,1,2,Female,4,2,Research Scientist,2,Married,2551.0,8914,8,Y,Yes,20,3,1,80,2,9,1,3,32,8,1,12
1410,25,Yes,Travel_Rarely,Research & Development,8,2,Marketing,1,4,Male,3,3,Research Director,3,Single,16154.0,9513,4,Y,Yes,19,3,2,80,0,10,4,2,15,11,10,17
1411,57,No,Travel_Rarely,Sales,18,4,Medical,1,1,Male,4,2,Sales Representative,4,Divorced,14799.0,10269,6,Y,No,19,3,1,80,0,38,2,1,22,12,5,13
1412,60,No,Travel_Rarely,Sales,16,2,Human Resources,1,2,Female,3,3,Sales Representative,4,Married,7852.0,13090,4,Y,No,18,3,1,80,1,18,0,1,6,2,8,17
1413,39,No,Non-Travel,Sales,6,4,Marketing,1,4,Male,1,4,Sales Representative,1,Divorced,2449.0,3108,1,Y,No,16,3,4,80,1,18,2,1,25,8,1,3
1414,37,No,Travel_Rarely,Sales,10,2,Marketing,1,3,Male,2,3,Sales Representative,4,Divorced,3659.0,23140,5,Y,No,16,3,1,80,3,5,5,1,31,12,3,14
1415,25,No,Travel_Rarely,Research & Development,10,2,Marketing,1,4,Female,2,3,Healthcare Representative,4,Divorced,8509.0,3224,6,Y,No,11,3,3,80,1,7,5,2,11,4,4,4
1416,46,Yes,Travel_Rarely,Human Resources,5,4,Human Resources,1,1,Female,4,1,Human Resources,1,Divorced,3721.0,14876,5,Y,Yes,23,3,2,80,1,0,2,1,7,7,4,13
1417,57,No,Travel_Rarely,Sales,26,1,Medical,1,2,Male,2,2,Manager,1,Single,13444.0,25912,2,Y,No,25,3,1,80,1,22,2,4,4,1,14,15
1418,43,No,Travel_Rarely,Sales,28,5,Technical Degree,1,4,Male,1,4,Sales Executive,4,Divorced,10637.0,17097,9,Y,No,16,3,4,80,1,39,4,4,27,7,13,14
1419,47,Yes,Travel_Rarely,Research & Development,12,5,Technical Degree,1,1,Male,2,2,Healthcare Representative,3,Single,11490.0,10756,7,Y,No,24,3,2,80,3,36,6,3,4,2,0,10
1420,34,No,Travel_Rarely,Human Resources,20,1,Human Resources,1,4,Male,4,3,Manager,1,Divorced,3925.0,4859,2,Y,No,14,3,2,80,1,9,1,1,25,8,12,1
1421,37,No,Travel_Rarely,Research & Development,17,2,Human Resources,1,4,Female,1,3,Laboratory Technician,1,Single,10824.0,26877,4,Y,No,14,3,2,80,2,1,0,4,4,1,5,17
1422,33,No,Travel_Rarely,Research & Development,14,5,Life Sciences,1,2,Male,1,2,Healthcare Representative,4,Married,7240.0,16628,8,Y,No,24,3,4,80,2,35,6,4,21,5,13,3
1423,60,No,Travel_Rarely,Sales,14,1,Other,1,3,Male,3,4,Sales Executive,4,Single,17896.0,14581,4,Y,Yes,12,3,3,80,3,1,2,4,14,5,4,14
1424,24,Yes,Travel_Rarely,Sales,3,1,Medical,1,3,Male,3,4,Sales Representative,1,Married,1215.0,10300,6,Y,No,23,3,4,80,1,14,0,2,12,7,12,11
1425,33,No,Travel_Rarely,Human Resources,29,5,Marketing,1,1,Female,2,1,Manager,4,Single,8299.0,4412,6,Y,No,21,3,4,80,2,19,2,1,27,25,5,2
1426,44,No,Travel_Rarely,Human Resources,12,4,Other,1,1,Male,4,3,Manager,1,Married,12523.0,4647,4,Y,No,24,3,2,80,0,20,1,2,32,27,15,3
1427,40,No,Travel_Rarely,Sales,20,3,Marketing,1,1,Male,1,3,Sales Executive,3,Divorced,11364.0,15805,1,Y,No,14,3,4,80,2,29,0,2,22,4,13,15
1428,41,No,Travel_Rarely,Human Resources,18,4,Other,1,2,Female,2,1,Manager,3,Married,4153.0,5338,4,Y,Yes,15,3,2,80,1,23,6,4,32,0,3,5
1429,26,No,Travel_Rarely,Research & Development,12,2,Technical Degree,1,3,Male,2,2,Laboratory Technician,1,Single,2706.0,7804,6,Y,Yes,23,3,1,80,2,1,3,4,17,8,12,1
1430,52,No,Travel_Rarely,Research & Development,2,4,Other,1,1,Male,3,3,Manufacturing Director,1,Married,11298.0,25615,6,Y,No,22,3,1,80,0,37,1,3,29,9,10,8
1431,37,No,Travel_Rarely,Research & Development,2,3,Human Resources,1,1,Male,2,2,Research Director,2,Single,2567.0,22907,3,Y,No,15,3,4,80,2,21,6,1,25,22,5,11
1432,54,No,Non-Travel,Research & Development,27,3,Medical,1,4,Male,2,4,Manufacturing Director,2,Married,11400.0,22197,0,Y,No,15,3,3,80,1,28,0,1,15,3,8,11
1433,59,No,Travel_Rarely,Research & Development,17,1,Technical Degree,1,4,Male,3,5,Research Director,4,Divorced,11345.0,14392,5,Y,No,14,4,2,80,0,13,2,4,12,2,0,13
1434,34,No,Non-Travel,Research & Development,10,2,Other,1,1,Male,2,1,Research Scientist,4,Married,2128.0,12448,2,Y,No,11,3,4,80,3,4,6,4,38,9,14,16
1435,48,Yes,Travel_Rarely,Sales,18,1,Medical,1,4,Male,2,3,Sales Executive,1,Single,8867.0,22029,4,Y,Yes,24,3,4,80,0,23,2,1,32,10,5,8
1436,25,No,Travel_Frequently,Sales,22,4,Human Resources,1,4,Male,1,1,Manager,1,Married,19749.0,5417,3,Y,No,20,3,3,80,2,25,1,3,25,13,0,11
1437,32,No,Travel_Rarely,Research & Development,19,4,Marketing,1,4,Male,2,4,Manufacturing Director,2,Divorced,6583.0,18395,1,Y,No,18,4,2,80,3,1,1,4,0,0,11,9
1438,48,No,Travel_Rarely,Research & Development,26,5,Life Sciences,1,2,Male,3,4,Healthcare Representative,2,Single,5897.0,24993,6,Y,No,13,4,4,80,0,33,6,3,37,37,6,10
1439,47,Yes,Travel_Rarely,Sales,21,1,Medical,1,1,Male,3,4,Sales Executive,1,Married,7001.0,21529,4,Y,Yes,12,3,3,80,0,22,2,2,1,1,3,1
1440,37,No,Travel_Rarely,Research & Development,1,1,Marketing,1,1,Male,1,4,Laboratory Technician,3,Married,12113.0,19258,6,Y,No,19,3,2,80,0,40,0,4,5,4,5,15
1441,56,Yes,Travel_Rarely,Human Resources,24,1,Medical,1,4,Female,3,5,Manager,3,Married,5567.0,9303,8,Y,Yes,17,3,1,80,1,34,6,2,37,16,15,0
1442,29,No,Travel_Rarely,Sales,29,1,Medical,1,2,Male,3,2,Sales Representative,4,Divorced,10271.0,19267,3,Y,No,19,3,3,80,3,14,3,4,23,15,6,0
1443,34,Yes,Travel_Rarely,Research & Development,4,3,Medical,1,4,Male,3,2,Manufacturing Director,1,Married,15348.0,6650,4,Y,No,23,3,4,80,3,2,4,2,17,2,12,1
1444,59,Yes,Travel_Rarely,Research & Development,25,5,Human Resources,1,2,Female,2,5,Healthcare Representative,1,Married,12703.0,14177,8,Y,Yes,12,3,1,80,0,11,1,4,26,1,10,11
1445,47,No,Travel_Rarely,Research & Development,4,2,Technical Degree,1,1,Male,1,2,Healthcare Representative,4,Married,14329.0,15747,9,Y,No,19,4,2,80,3,37,2,3,40,10,4,17
1446,46,No,Travel_Frequently,Sales,2,2,Medical,1,4,Female,4,4,Manager,2,Single,3741.0,26094,3,Y,No,20,3,3,80,2,16,0,3,7,4,8,11
1447,36,No,Travel_Rarely,Research & Development,19,2,Human Resources,1,1,Female,1,2,Healthcare Representative,2,Single,7256.0,25181,4,Y,Yes,19,3,1,80,2,37,1,3,27,8,7,0
1448,28,No,Travel_Rarely,Research & Development,21,3,Life Sciences,1,2,Female,1,1,Manager,3,Married,1228.0,23823,4,Y,Yes,21,3,1,80,0,26,0,2,9,2,14,10
1449,51,No,Non-Travel,Human Resources,12,5,Technical Degree,1,3,Female,1,2,Human Resources,1,Single,17678.0,16182,7,Y,No,19,3,4,80,2,18,1,3,16,14,2,1
1450,24,No,Travel_Rarely,Research & Development,10,5,Human Resources,1,2,Male,4,1,Research Scientist,2,Divorced,5284.0,9008,3,Y,No,20,3,1,80,0,20,2,2,28,13,0,11
1451,51,No,Travel_Rarely,Research & Development,13,3,Life Sciences,1,3,Female,4,3,Research Scientist,3,Single,14264.0,15276,3,Y,No,23,3,4,80,2,39,0,4,5,1,10,1
1452,37,No,Non-Travel,Research & Development,29,1,Technical Degree,1,1,Male,3,1,Manager,3,Single,14390.0,11771,6,Y,No,20,3,2,80,0,23,2,2,13,0,13,16
1453,55,No,Travel_Rarely,Research & Development,22,4,Human Resources,1,1,Male,2,1,Research Director,3,Married,1918.0,13963,4,Y,No,14,3,4,80,0,23,0,4,21,21,9,5
1454,41,No,Travel_Frequently,Research & Development,23,1,Life Sciences,1,4,Female,3,4,Laboratory Technician,2,Single,12445.0,26928,5,Y,No,20,4,3,80,3,18,1,1,5,1,7,15
1455,27,Yes,Travel_Rarely,Sales,20,2,Human Resources,1,3,Male,3,4,Sales Representative,2,Married,1498.0,10162,5,Y,No,13,3,1,80,3,30,4,1,25,7,3,5
1456,49,No,Travel_Rarely,Human Resources,23,1,Life Sciences,1,2,Female,4,4,Human Resources,1,Married,3809.0,16849,5,Y,Yes,16,3,2,80,0,39,4,1,38,17,6,6
1457,32,Yes,Travel_Rarely,Research & Development,15,3,Medical,1,1,Male,3,1,Manufacturing Director,1,Married,5961.0,5487,9,Y,No,13,3,4,80,3,19,6,2,11,8,3,16
1458,54,No,Travel_Rarely,Research & Development,26,2,Medical,1,3,Male,3,5,Research Scientist,3,Divorced,10017.0,12038,4,Y,No,21,4,4,80,3,14,3,1,34,18,6,5
1459,37,No,Travel_Rarely,Sales,3,4,Technical Degree,1,2,Male,4,4,Sales Executive,3,Married,4779.0,9537,4,Y,Yes,19,3,4,80,1,39,3,1,13,7,15,14
1460,20,No,Travel_Rarely,Research & Development,23,2,Life Sciences,1,3,Female,1,4,Laboratory Technician,2,Single,11050.0,4390,8,Y,Yes,13,3,2,80,2,34,6,1,21,7,13,8
1461,54,Yes,Travel_Rarely,Research & Development,20,1,Medical,1,2,Male,1,1,Research Director,2,Divorced,3118.0,6030,7,Y,Yes,12,3,2,80,3,34,6,4,22,2,0,1
1462,57,No,Travel_Rarely,Research & Development,29,5,Technical Degree,1,2,Male,4,3,Manager,1,Married,7391.0,9492,3,Y,No,18,3,3,80,0,32,5,3,6,2,0,4
1463,25,Yes,Travel_Rarely,Sales,13,5,Marketing,1,2,Male,2,3,Manager,1,Married,1145.0,5438,6,Y,No,16,4,2,80,1,39,2,2,39,21,1,4
1464,57,No,Travel_Rarely,Research & Development,8,5,Medical,1,2,Female,3,2,Healthcare Representative,4,Married,14929.0,4383,7,Y,No,18,3,4,80,1,40,0,1,24,16,4,11
1465,40,No,Non-Travel,Human Resources,25,2,Medical,1,3,Male,1,3,Human Resources,1,Single,15917.0,5367,8,Y,No,25,3,2,80,3,17,3,4,12,3,14,9
1466,57,No,Travel_Rarely,Sales,7,5,Other,1,3,Female,4,4,Sales Executive,2,Divorced,5565.0,8167,4,Y,Yes,23,3,4,80,0,16,1,3,20,16,10,3
1467,28,No,Travel_Rarely,Human Resources,24,3,Human Resources,1,4,Male,2,5,Manager,3,Married,17576.0,15172,2,Y,No,17,3,3,80,0,7,6,3,40,13,13,11
1468,25,Yes,Non-Travel,Research & Development,8,4,Marketing,1,3,Male,3,2,Laboratory Technician,4,Married,7637.0,3465,3,Y,No,13,3,3,80,0,19,4,3,9,2,9,14
1469,46,No,Non-Travel,Research & Development,18,5,Life Sciences,1,3,Male,4,5,Healthcare Representative,1,Single,9243.0,20535,9,Y,Yes,18,3,4,80,0,10,0,4,8,8,5,9
1470,47,No,Travel_Rarely,Research & Development,9,3,Technical Degree,1,4,Female,4,5,Manager,1,Divorced,3410.0,5483,5,Y,No,20,3,2,80,0,29,5,1,14,13,1,17
